

// -----// IR Dump After mlir::nova::{anonymous}::NovaToArithLoweringPass (convert-nova-to-arith) //----- //
#map = affine_map<(d0, d1) -> (d0, d1)>
module {
  func.func @main(%arg0: memref<8x1024x1536xf32, 1>, %arg1: memref<8x1024xi32, 1>, %arg2: memref<1xf32, 1> {bufferization.writable = true}) attributes {llvm.emit_c_interface} {
    %0 = bufferization.to_tensor %arg0 restrict : memref<8x1024x1536xf32, 1> to tensor<8x1024x1536xf32>
    %1 = bufferization.to_tensor %arg1 restrict : memref<8x1024xi32, 1> to tensor<8x1024xi32>
    %2 = tosa.reduce_max %0 {axis = 2 : i32} : (tensor<8x1024x1536xf32>) -> tensor<8x1024x1xf32>
    %3 = nova.sub %0, %2 : tensor<8x1024x1536xf32>, tensor<8x1024x1xf32>
    %4 = nova.exp %3 : tensor<8x1024x1536xf32>
    %5 = nova.reduce<sum> %4 dimension = [2] : tensor<8x1024x1536xf32>
    %6 = nova.log %5 : tensor<8x1024xf32>
    %7 = nova.reduce<max> %0 dimension = [2] : tensor<8x1024x1536xf32>
    %8 = tensor.empty() : tensor<8x1024xf32>
    %9 = linalg.generic {indexing_maps = [#map, #map], iterator_types = ["parallel", "parallel"]} ins(%1 : tensor<8x1024xi32>) outs(%8 : tensor<8x1024xf32>) {
    ^bb0(%in: i32, %out: f32):
      %15 = arith.index_cast %in : i32 to index
      %16 = linalg.index 0 : index
      %17 = linalg.index 1 : index
      %extracted = tensor.extract %0[%16, %17, %15] : tensor<8x1024x1536xf32>
      linalg.yield %extracted : f32
    } -> tensor<8x1024xf32>
    %10 = nova.add %6, %7 : tensor<8x1024xf32>, tensor<8x1024xf32>
    %11 = nova.sub %10, %9 : tensor<8x1024xf32>, tensor<8x1024xf32>
    %12 = nova.reduce<mean> %11 dimension = [0, 1] : tensor<8x1024xf32>
    %13 = tosa.const_shape  {values = dense<1> : tensor<1xindex>} : () -> !tosa.shape<1>
    %14 = tosa.reshape %12, %13 : (tensor<1xf32>, !tosa.shape<1>) -> tensor<1xf32>
    bufferization.materialize_in_destination %14 in writable %arg2 : (tensor<1xf32>, memref<1xf32, 1>) -> ()
    return
  }
}


// -----// IR Dump After mlir::nova::RemDevAttrPass (rem-dev-attr) //----- //
func.func @main(%arg0: memref<8x1024x1536xf32, 1>, %arg1: memref<8x1024xi32, 1>, %arg2: memref<1xf32, 1> {bufferization.writable = true}) attributes {llvm.emit_c_interface} {
  %0 = bufferization.to_tensor %arg0 restrict : memref<8x1024x1536xf32, 1> to tensor<8x1024x1536xf32>
  %1 = bufferization.to_tensor %arg1 restrict : memref<8x1024xi32, 1> to tensor<8x1024xi32>
  %2 = tosa.reduce_max %0 {axis = 2 : i32} : (tensor<8x1024x1536xf32>) -> tensor<8x1024x1xf32>
  %3 = nova.sub %0, %2 : tensor<8x1024x1536xf32>, tensor<8x1024x1xf32>
  %4 = nova.exp %3 : tensor<8x1024x1536xf32>
  %5 = nova.reduce<sum> %4 dimension = [2] : tensor<8x1024x1536xf32>
  %6 = nova.log %5 : tensor<8x1024xf32>
  %7 = nova.reduce<max> %0 dimension = [2] : tensor<8x1024x1536xf32>
  %8 = tensor.empty() : tensor<8x1024xf32>
  %9 = linalg.generic {indexing_maps = [affine_map<(d0, d1) -> (d0, d1)>, affine_map<(d0, d1) -> (d0, d1)>], iterator_types = ["parallel", "parallel"]} ins(%1 : tensor<8x1024xi32>) outs(%8 : tensor<8x1024xf32>) {
  ^bb0(%in: i32, %out: f32):
    %15 = arith.index_cast %in : i32 to index
    %16 = linalg.index 0 : index
    %17 = linalg.index 1 : index
    %extracted = tensor.extract %0[%16, %17, %15] : tensor<8x1024x1536xf32>
    linalg.yield %extracted : f32
  } -> tensor<8x1024xf32>
  %10 = nova.add %6, %7 : tensor<8x1024xf32>, tensor<8x1024xf32>
  %11 = nova.sub %10, %9 : tensor<8x1024xf32>, tensor<8x1024xf32>
  %12 = nova.reduce<mean> %11 dimension = [0, 1] : tensor<8x1024xf32>
  %13 = tosa.const_shape  {values = dense<1> : tensor<1xindex>} : () -> !tosa.shape<1>
  %14 = tosa.reshape %12, %13 : (tensor<1xf32>, !tosa.shape<1>) -> tensor<1xf32>
  bufferization.materialize_in_destination %14 in writable %arg2 : (tensor<1xf32>, memref<1xf32, 1>) -> ()
  return
}

// -----// IR Dump After mlir::nova::{anonymous}::NovaToTosaLoweringPass (convert-nova-to-tosa) //----- //
#map = affine_map<(d0, d1) -> (d0, d1)>
module {
  func.func @main(%arg0: memref<8x1024x1536xf32, 1>, %arg1: memref<8x1024xi32, 1>, %arg2: memref<1xf32, 1> {bufferization.writable = true}) attributes {llvm.emit_c_interface} {
    %0 = bufferization.to_tensor %arg0 restrict : memref<8x1024x1536xf32, 1> to tensor<8x1024x1536xf32>
    %1 = bufferization.to_tensor %arg1 restrict : memref<8x1024xi32, 1> to tensor<8x1024xi32>
    %2 = tosa.reduce_max %0 {axis = 2 : i32} : (tensor<8x1024x1536xf32>) -> tensor<8x1024x1xf32>
    %3 = nova.sub %0, %2 : tensor<8x1024x1536xf32>, tensor<8x1024x1xf32>
    %4 = nova.exp %3 : tensor<8x1024x1536xf32>
    %5 = nova.reduce<sum> %4 dimension = [2] : tensor<8x1024x1536xf32>
    %6 = nova.log %5 : tensor<8x1024xf32>
    %7 = nova.reduce<max> %0 dimension = [2] : tensor<8x1024x1536xf32>
    %8 = tensor.empty() : tensor<8x1024xf32>
    %9 = linalg.generic {indexing_maps = [#map, #map], iterator_types = ["parallel", "parallel"]} ins(%1 : tensor<8x1024xi32>) outs(%8 : tensor<8x1024xf32>) {
    ^bb0(%in: i32, %out: f32):
      %15 = arith.index_cast %in : i32 to index
      %16 = linalg.index 0 : index
      %17 = linalg.index 1 : index
      %extracted = tensor.extract %0[%16, %17, %15] : tensor<8x1024x1536xf32>
      linalg.yield %extracted : f32
    } -> tensor<8x1024xf32>
    %10 = nova.add %6, %7 : tensor<8x1024xf32>, tensor<8x1024xf32>
    %11 = nova.sub %10, %9 : tensor<8x1024xf32>, tensor<8x1024xf32>
    %12 = nova.reduce<mean> %11 dimension = [0, 1] : tensor<8x1024xf32>
    %13 = tosa.const_shape  {values = dense<1> : tensor<1xindex>} : () -> !tosa.shape<1>
    %14 = tosa.reshape %12, %13 : (tensor<1xf32>, !tosa.shape<1>) -> tensor<1xf32>
    bufferization.materialize_in_destination %14 in writable %arg2 : (tensor<1xf32>, memref<1xf32, 1>) -> ()
    return
  }
}


// -----// IR Dump After mlir::nova::NovaElementwiseToLinalgPass (nova-elementwise-to-linalg) //----- //
func.func @main(%arg0: memref<8x1024x1536xf32, 1>, %arg1: memref<8x1024xi32, 1>, %arg2: memref<1xf32, 1> {bufferization.writable = true}) attributes {llvm.emit_c_interface} {
  %0 = bufferization.to_tensor %arg0 restrict : memref<8x1024x1536xf32, 1> to tensor<8x1024x1536xf32>
  %1 = bufferization.to_tensor %arg1 restrict : memref<8x1024xi32, 1> to tensor<8x1024xi32>
  %2 = tosa.reduce_max %0 {axis = 2 : i32} : (tensor<8x1024x1536xf32>) -> tensor<8x1024x1xf32>
  %3 = tensor.empty() : tensor<8x1024x1536xf32>
  %4 = linalg.generic {indexing_maps = [affine_map<(d0, d1, d2) -> (d0, d1, d2)>, affine_map<(d0, d1, d2) -> (d0, d1, 0)>, affine_map<(d0, d1, d2) -> (d0, d1, d2)>], iterator_types = ["parallel", "parallel", "parallel"]} ins(%0, %2 : tensor<8x1024x1536xf32>, tensor<8x1024x1xf32>) outs(%3 : tensor<8x1024x1536xf32>) {
  ^bb0(%in: f32, %in_0: f32, %out: f32):
    %20 = arith.subf %in, %in_0 : f32
    linalg.yield %20 : f32
  } -> tensor<8x1024x1536xf32>
  %5 = tensor.empty() : tensor<8x1024x1536xf32>
  %6 = linalg.generic {indexing_maps = [affine_map<(d0, d1, d2) -> (d0, d1, d2)>, affine_map<(d0, d1, d2) -> (d0, d1, d2)>], iterator_types = ["parallel", "parallel", "parallel"]} ins(%4 : tensor<8x1024x1536xf32>) outs(%5 : tensor<8x1024x1536xf32>) {
  ^bb0(%in: f32, %out: f32):
    %20 = math.exp %in : f32
    linalg.yield %20 : f32
  } -> tensor<8x1024x1536xf32>
  %7 = nova.reduce<sum> %6 dimension = [2] : tensor<8x1024x1536xf32>
  %8 = tensor.empty() : tensor<8x1024xf32>
  %9 = linalg.generic {indexing_maps = [affine_map<(d0, d1) -> (d0, d1)>, affine_map<(d0, d1) -> (d0, d1)>], iterator_types = ["parallel", "parallel"]} ins(%7 : tensor<8x1024xf32>) outs(%8 : tensor<8x1024xf32>) {
  ^bb0(%in: f32, %out: f32):
    %20 = math.log %in : f32
    linalg.yield %20 : f32
  } -> tensor<8x1024xf32>
  %10 = nova.reduce<max> %0 dimension = [2] : tensor<8x1024x1536xf32>
  %11 = tensor.empty() : tensor<8x1024xf32>
  %12 = linalg.generic {indexing_maps = [affine_map<(d0, d1) -> (d0, d1)>, affine_map<(d0, d1) -> (d0, d1)>], iterator_types = ["parallel", "parallel"]} ins(%1 : tensor<8x1024xi32>) outs(%11 : tensor<8x1024xf32>) {
  ^bb0(%in: i32, %out: f32):
    %20 = arith.index_cast %in : i32 to index
    %21 = linalg.index 0 : index
    %22 = linalg.index 1 : index
    %extracted = tensor.extract %0[%21, %22, %20] : tensor<8x1024x1536xf32>
    linalg.yield %extracted : f32
  } -> tensor<8x1024xf32>
  %13 = tensor.empty() : tensor<8x1024xf32>
  %14 = linalg.generic {indexing_maps = [affine_map<(d0, d1) -> (d0, d1)>, affine_map<(d0, d1) -> (d0, d1)>, affine_map<(d0, d1) -> (d0, d1)>], iterator_types = ["parallel", "parallel"]} ins(%9, %10 : tensor<8x1024xf32>, tensor<8x1024xf32>) outs(%13 : tensor<8x1024xf32>) {
  ^bb0(%in: f32, %in_0: f32, %out: f32):
    %20 = arith.addf %in, %in_0 : f32
    linalg.yield %20 : f32
  } -> tensor<8x1024xf32>
  %15 = tensor.empty() : tensor<8x1024xf32>
  %16 = linalg.generic {indexing_maps = [affine_map<(d0, d1) -> (d0, d1)>, affine_map<(d0, d1) -> (d0, d1)>, affine_map<(d0, d1) -> (d0, d1)>], iterator_types = ["parallel", "parallel"]} ins(%14, %12 : tensor<8x1024xf32>, tensor<8x1024xf32>) outs(%15 : tensor<8x1024xf32>) {
  ^bb0(%in: f32, %in_0: f32, %out: f32):
    %20 = arith.subf %in, %in_0 : f32
    linalg.yield %20 : f32
  } -> tensor<8x1024xf32>
  %17 = nova.reduce<mean> %16 dimension = [0, 1] : tensor<8x1024xf32>
  %18 = tosa.const_shape  {values = dense<1> : tensor<1xindex>} : () -> !tosa.shape<1>
  %19 = tosa.reshape %17, %18 : (tensor<1xf32>, !tosa.shape<1>) -> tensor<1xf32>
  bufferization.materialize_in_destination %19 in writable %arg2 : (tensor<1xf32>, memref<1xf32, 1>) -> ()
  return
}

// -----// IR Dump After mlir::nova::NovaToLinalgPass (convert-nova-to-linalg) //----- //
func.func @main(%arg0: memref<8x1024x1536xf32, 1>, %arg1: memref<8x1024xi32, 1>, %arg2: memref<1xf32, 1> {bufferization.writable = true}) attributes {llvm.emit_c_interface} {
  %0 = bufferization.to_tensor %arg0 restrict : memref<8x1024x1536xf32, 1> to tensor<8x1024x1536xf32>
  %1 = bufferization.to_tensor %arg1 restrict : memref<8x1024xi32, 1> to tensor<8x1024xi32>
  %2 = tosa.reduce_max %0 {axis = 2 : i32} : (tensor<8x1024x1536xf32>) -> tensor<8x1024x1xf32>
  %3 = tensor.empty() : tensor<8x1024x1536xf32>
  %4 = linalg.generic {indexing_maps = [affine_map<(d0, d1, d2) -> (d0, d1, d2)>, affine_map<(d0, d1, d2) -> (d0, d1, 0)>, affine_map<(d0, d1, d2) -> (d0, d1, d2)>], iterator_types = ["parallel", "parallel", "parallel"]} ins(%0, %2 : tensor<8x1024x1536xf32>, tensor<8x1024x1xf32>) outs(%3 : tensor<8x1024x1536xf32>) {
  ^bb0(%in: f32, %in_3: f32, %out: f32):
    %32 = arith.subf %in, %in_3 : f32
    linalg.yield %32 : f32
  } -> tensor<8x1024x1536xf32>
  %5 = tensor.empty() : tensor<8x1024x1536xf32>
  %6 = linalg.generic {indexing_maps = [affine_map<(d0, d1, d2) -> (d0, d1, d2)>, affine_map<(d0, d1, d2) -> (d0, d1, d2)>], iterator_types = ["parallel", "parallel", "parallel"]} ins(%4 : tensor<8x1024x1536xf32>) outs(%5 : tensor<8x1024x1536xf32>) {
  ^bb0(%in: f32, %out: f32):
    %32 = math.exp %in : f32
    linalg.yield %32 : f32
  } -> tensor<8x1024x1536xf32>
  %cst = arith.constant 0.000000e+00 : f32
  %7 = tensor.empty() : tensor<8x1024xf32>
  %8 = linalg.fill ins(%cst : f32) outs(%7 : tensor<8x1024xf32>) -> tensor<8x1024xf32>
  %9 = linalg.generic {indexing_maps = [affine_map<(d0, d1, d2) -> (d0, d1, d2)>, affine_map<(d0, d1, d2) -> (d0, d1)>], iterator_types = ["parallel", "parallel", "reduction"]} ins(%6 : tensor<8x1024x1536xf32>) outs(%8 : tensor<8x1024xf32>) {
  ^bb0(%in: f32, %out: f32):
    %32 = arith.addf %in, %out : f32
    linalg.yield %32 : f32
  } -> tensor<8x1024xf32>
  %10 = tensor.empty() : tensor<8x1024xf32>
  %11 = linalg.generic {indexing_maps = [affine_map<(d0, d1) -> (d0, d1)>, affine_map<(d0, d1) -> (d0, d1)>], iterator_types = ["parallel", "parallel"]} ins(%9 : tensor<8x1024xf32>) outs(%10 : tensor<8x1024xf32>) {
  ^bb0(%in: f32, %out: f32):
    %32 = math.log %in : f32
    linalg.yield %32 : f32
  } -> tensor<8x1024xf32>
  %cst_0 = arith.constant 0xFF800000 : f32
  %12 = tensor.empty() : tensor<8x1024xf32>
  %13 = linalg.fill ins(%cst_0 : f32) outs(%12 : tensor<8x1024xf32>) -> tensor<8x1024xf32>
  %14 = linalg.generic {indexing_maps = [affine_map<(d0, d1, d2) -> (d0, d1, d2)>, affine_map<(d0, d1, d2) -> (d0, d1)>], iterator_types = ["parallel", "parallel", "reduction"]} ins(%0 : tensor<8x1024x1536xf32>) outs(%13 : tensor<8x1024xf32>) {
  ^bb0(%in: f32, %out: f32):
    %32 = arith.maxnumf %in, %out : f32
    linalg.yield %32 : f32
  } -> tensor<8x1024xf32>
  %15 = tensor.empty() : tensor<8x1024xf32>
  %16 = linalg.generic {indexing_maps = [affine_map<(d0, d1) -> (d0, d1)>, affine_map<(d0, d1) -> (d0, d1)>], iterator_types = ["parallel", "parallel"]} ins(%1 : tensor<8x1024xi32>) outs(%15 : tensor<8x1024xf32>) {
  ^bb0(%in: i32, %out: f32):
    %32 = arith.index_cast %in : i32 to index
    %33 = linalg.index 0 : index
    %34 = linalg.index 1 : index
    %extracted = tensor.extract %0[%33, %34, %32] : tensor<8x1024x1536xf32>
    linalg.yield %extracted : f32
  } -> tensor<8x1024xf32>
  %17 = tensor.empty() : tensor<8x1024xf32>
  %18 = linalg.generic {indexing_maps = [affine_map<(d0, d1) -> (d0, d1)>, affine_map<(d0, d1) -> (d0, d1)>, affine_map<(d0, d1) -> (d0, d1)>], iterator_types = ["parallel", "parallel"]} ins(%11, %14 : tensor<8x1024xf32>, tensor<8x1024xf32>) outs(%17 : tensor<8x1024xf32>) {
  ^bb0(%in: f32, %in_3: f32, %out: f32):
    %32 = arith.addf %in, %in_3 : f32
    linalg.yield %32 : f32
  } -> tensor<8x1024xf32>
  %19 = tensor.empty() : tensor<8x1024xf32>
  %20 = linalg.generic {indexing_maps = [affine_map<(d0, d1) -> (d0, d1)>, affine_map<(d0, d1) -> (d0, d1)>, affine_map<(d0, d1) -> (d0, d1)>], iterator_types = ["parallel", "parallel"]} ins(%18, %16 : tensor<8x1024xf32>, tensor<8x1024xf32>) outs(%19 : tensor<8x1024xf32>) {
  ^bb0(%in: f32, %in_3: f32, %out: f32):
    %32 = arith.subf %in, %in_3 : f32
    linalg.yield %32 : f32
  } -> tensor<8x1024xf32>
  %cst_1 = arith.constant 0.000000e+00 : f32
  %21 = tensor.empty() : tensor<f32>
  %22 = linalg.fill ins(%cst_1 : f32) outs(%21 : tensor<f32>) -> tensor<f32>
  %23 = linalg.generic {indexing_maps = [affine_map<(d0, d1) -> (d0, d1)>, affine_map<(d0, d1) -> ()>], iterator_types = ["reduction", "reduction"]} ins(%20 : tensor<8x1024xf32>) outs(%22 : tensor<f32>) {
  ^bb0(%in: f32, %out: f32):
    %32 = arith.addf %in, %out : f32
    linalg.yield %32 : f32
  } -> tensor<f32>
  %cst_2 = arith.constant 8.192000e+03 : f32
  %24 = tensor.empty() : tensor<f32>
  %25 = linalg.fill ins(%cst_2 : f32) outs(%24 : tensor<f32>) -> tensor<f32>
  %26 = tensor.empty() : tensor<f32>
  %27 = linalg.generic {indexing_maps = [affine_map<() -> ()>, affine_map<() -> ()>, affine_map<() -> ()>], iterator_types = []} ins(%23, %25 : tensor<f32>, tensor<f32>) outs(%26 : tensor<f32>) {
  ^bb0(%in: f32, %in_3: f32, %out: f32):
    %32 = arith.divf %in, %in_3 : f32
    linalg.yield %32 : f32
  } -> tensor<f32>
  %28 = tosa.const_shape  {values = dense<1> : tensor<1xindex>} : () -> !tosa.shape<1>
  %29 = tosa.reshape %27, %28 : (tensor<f32>, !tosa.shape<1>) -> tensor<1xf32>
  %30 = tosa.const_shape  {values = dense<1> : tensor<1xindex>} : () -> !tosa.shape<1>
  %31 = tosa.reshape %29, %30 : (tensor<1xf32>, !tosa.shape<1>) -> tensor<1xf32>
  bufferization.materialize_in_destination %31 in writable %arg2 : (tensor<1xf32>, memref<1xf32, 1>) -> ()
  return
}

// -----// IR Dump After TosaToLinalgNamed (tosa-to-linalg-named) //----- //
func.func @main(%arg0: memref<8x1024x1536xf32, 1>, %arg1: memref<8x1024xi32, 1>, %arg2: memref<1xf32, 1> {bufferization.writable = true}) attributes {llvm.emit_c_interface} {
  %0 = bufferization.to_tensor %arg0 restrict : memref<8x1024x1536xf32, 1> to tensor<8x1024x1536xf32>
  %1 = bufferization.to_tensor %arg1 restrict : memref<8x1024xi32, 1> to tensor<8x1024xi32>
  %2 = tosa.reduce_max %0 {axis = 2 : i32} : (tensor<8x1024x1536xf32>) -> tensor<8x1024x1xf32>
  %3 = tensor.empty() : tensor<8x1024x1536xf32>
  %4 = linalg.generic {indexing_maps = [affine_map<(d0, d1, d2) -> (d0, d1, d2)>, affine_map<(d0, d1, d2) -> (d0, d1, 0)>, affine_map<(d0, d1, d2) -> (d0, d1, d2)>], iterator_types = ["parallel", "parallel", "parallel"]} ins(%0, %2 : tensor<8x1024x1536xf32>, tensor<8x1024x1xf32>) outs(%3 : tensor<8x1024x1536xf32>) {
  ^bb0(%in: f32, %in_3: f32, %out: f32):
    %32 = arith.subf %in, %in_3 : f32
    linalg.yield %32 : f32
  } -> tensor<8x1024x1536xf32>
  %5 = tensor.empty() : tensor<8x1024x1536xf32>
  %6 = linalg.generic {indexing_maps = [affine_map<(d0, d1, d2) -> (d0, d1, d2)>, affine_map<(d0, d1, d2) -> (d0, d1, d2)>], iterator_types = ["parallel", "parallel", "parallel"]} ins(%4 : tensor<8x1024x1536xf32>) outs(%5 : tensor<8x1024x1536xf32>) {
  ^bb0(%in: f32, %out: f32):
    %32 = math.exp %in : f32
    linalg.yield %32 : f32
  } -> tensor<8x1024x1536xf32>
  %cst = arith.constant 0.000000e+00 : f32
  %7 = tensor.empty() : tensor<8x1024xf32>
  %8 = linalg.fill ins(%cst : f32) outs(%7 : tensor<8x1024xf32>) -> tensor<8x1024xf32>
  %9 = linalg.generic {indexing_maps = [affine_map<(d0, d1, d2) -> (d0, d1, d2)>, affine_map<(d0, d1, d2) -> (d0, d1)>], iterator_types = ["parallel", "parallel", "reduction"]} ins(%6 : tensor<8x1024x1536xf32>) outs(%8 : tensor<8x1024xf32>) {
  ^bb0(%in: f32, %out: f32):
    %32 = arith.addf %in, %out : f32
    linalg.yield %32 : f32
  } -> tensor<8x1024xf32>
  %10 = tensor.empty() : tensor<8x1024xf32>
  %11 = linalg.generic {indexing_maps = [affine_map<(d0, d1) -> (d0, d1)>, affine_map<(d0, d1) -> (d0, d1)>], iterator_types = ["parallel", "parallel"]} ins(%9 : tensor<8x1024xf32>) outs(%10 : tensor<8x1024xf32>) {
  ^bb0(%in: f32, %out: f32):
    %32 = math.log %in : f32
    linalg.yield %32 : f32
  } -> tensor<8x1024xf32>
  %cst_0 = arith.constant 0xFF800000 : f32
  %12 = tensor.empty() : tensor<8x1024xf32>
  %13 = linalg.fill ins(%cst_0 : f32) outs(%12 : tensor<8x1024xf32>) -> tensor<8x1024xf32>
  %14 = linalg.generic {indexing_maps = [affine_map<(d0, d1, d2) -> (d0, d1, d2)>, affine_map<(d0, d1, d2) -> (d0, d1)>], iterator_types = ["parallel", "parallel", "reduction"]} ins(%0 : tensor<8x1024x1536xf32>) outs(%13 : tensor<8x1024xf32>) {
  ^bb0(%in: f32, %out: f32):
    %32 = arith.maxnumf %in, %out : f32
    linalg.yield %32 : f32
  } -> tensor<8x1024xf32>
  %15 = tensor.empty() : tensor<8x1024xf32>
  %16 = linalg.generic {indexing_maps = [affine_map<(d0, d1) -> (d0, d1)>, affine_map<(d0, d1) -> (d0, d1)>], iterator_types = ["parallel", "parallel"]} ins(%1 : tensor<8x1024xi32>) outs(%15 : tensor<8x1024xf32>) {
  ^bb0(%in: i32, %out: f32):
    %32 = arith.index_cast %in : i32 to index
    %33 = linalg.index 0 : index
    %34 = linalg.index 1 : index
    %extracted = tensor.extract %0[%33, %34, %32] : tensor<8x1024x1536xf32>
    linalg.yield %extracted : f32
  } -> tensor<8x1024xf32>
  %17 = tensor.empty() : tensor<8x1024xf32>
  %18 = linalg.generic {indexing_maps = [affine_map<(d0, d1) -> (d0, d1)>, affine_map<(d0, d1) -> (d0, d1)>, affine_map<(d0, d1) -> (d0, d1)>], iterator_types = ["parallel", "parallel"]} ins(%11, %14 : tensor<8x1024xf32>, tensor<8x1024xf32>) outs(%17 : tensor<8x1024xf32>) {
  ^bb0(%in: f32, %in_3: f32, %out: f32):
    %32 = arith.addf %in, %in_3 : f32
    linalg.yield %32 : f32
  } -> tensor<8x1024xf32>
  %19 = tensor.empty() : tensor<8x1024xf32>
  %20 = linalg.generic {indexing_maps = [affine_map<(d0, d1) -> (d0, d1)>, affine_map<(d0, d1) -> (d0, d1)>, affine_map<(d0, d1) -> (d0, d1)>], iterator_types = ["parallel", "parallel"]} ins(%18, %16 : tensor<8x1024xf32>, tensor<8x1024xf32>) outs(%19 : tensor<8x1024xf32>) {
  ^bb0(%in: f32, %in_3: f32, %out: f32):
    %32 = arith.subf %in, %in_3 : f32
    linalg.yield %32 : f32
  } -> tensor<8x1024xf32>
  %cst_1 = arith.constant 0.000000e+00 : f32
  %21 = tensor.empty() : tensor<f32>
  %22 = linalg.fill ins(%cst_1 : f32) outs(%21 : tensor<f32>) -> tensor<f32>
  %23 = linalg.generic {indexing_maps = [affine_map<(d0, d1) -> (d0, d1)>, affine_map<(d0, d1) -> ()>], iterator_types = ["reduction", "reduction"]} ins(%20 : tensor<8x1024xf32>) outs(%22 : tensor<f32>) {
  ^bb0(%in: f32, %out: f32):
    %32 = arith.addf %in, %out : f32
    linalg.yield %32 : f32
  } -> tensor<f32>
  %cst_2 = arith.constant 8.192000e+03 : f32
  %24 = tensor.empty() : tensor<f32>
  %25 = linalg.fill ins(%cst_2 : f32) outs(%24 : tensor<f32>) -> tensor<f32>
  %26 = tensor.empty() : tensor<f32>
  %27 = linalg.generic {indexing_maps = [affine_map<() -> ()>, affine_map<() -> ()>, affine_map<() -> ()>], iterator_types = []} ins(%23, %25 : tensor<f32>, tensor<f32>) outs(%26 : tensor<f32>) {
  ^bb0(%in: f32, %in_3: f32, %out: f32):
    %32 = arith.divf %in, %in_3 : f32
    linalg.yield %32 : f32
  } -> tensor<f32>
  %28 = tosa.const_shape  {values = dense<1> : tensor<1xindex>} : () -> !tosa.shape<1>
  %29 = tosa.reshape %27, %28 : (tensor<f32>, !tosa.shape<1>) -> tensor<1xf32>
  %30 = tosa.const_shape  {values = dense<1> : tensor<1xindex>} : () -> !tosa.shape<1>
  %31 = tosa.reshape %29, %30 : (tensor<1xf32>, !tosa.shape<1>) -> tensor<1xf32>
  bufferization.materialize_in_destination %31 in writable %arg2 : (tensor<1xf32>, memref<1xf32, 1>) -> ()
  return
}

// -----// IR Dump After TosaToLinalg (tosa-to-linalg) //----- //
func.func @main(%arg0: memref<8x1024x1536xf32, 1>, %arg1: memref<8x1024xi32, 1>, %arg2: memref<1xf32, 1> {bufferization.writable = true}) attributes {llvm.emit_c_interface} {
  %0 = bufferization.to_tensor %arg0 restrict : memref<8x1024x1536xf32, 1> to tensor<8x1024x1536xf32>
  %1 = bufferization.to_tensor %arg1 restrict : memref<8x1024xi32, 1> to tensor<8x1024xi32>
  %2 = tensor.empty() : tensor<8x1024xf32>
  %cst = arith.constant -3.40282347E+38 : f32
  %3 = linalg.fill ins(%cst : f32) outs(%2 : tensor<8x1024xf32>) -> tensor<8x1024xf32>
  %reduced = linalg.reduce ins(%0 : tensor<8x1024x1536xf32>) outs(%3 : tensor<8x1024xf32>) dimensions = [2] 
    (%in: f32, %init: f32) {
      %33 = arith.maximumf %in, %init : f32
      linalg.yield %33 : f32
    }
  %expanded = tensor.expand_shape %reduced [[0], [1, 2]] output_shape [8, 1024, 1] : tensor<8x1024xf32> into tensor<8x1024x1xf32>
  %4 = tensor.empty() : tensor<8x1024x1536xf32>
  %5 = linalg.generic {indexing_maps = [affine_map<(d0, d1, d2) -> (d0, d1, d2)>, affine_map<(d0, d1, d2) -> (d0, d1, 0)>, affine_map<(d0, d1, d2) -> (d0, d1, d2)>], iterator_types = ["parallel", "parallel", "parallel"]} ins(%0, %expanded : tensor<8x1024x1536xf32>, tensor<8x1024x1xf32>) outs(%4 : tensor<8x1024x1536xf32>) {
  ^bb0(%in: f32, %in_4: f32, %out: f32):
    %33 = arith.subf %in, %in_4 : f32
    linalg.yield %33 : f32
  } -> tensor<8x1024x1536xf32>
  %6 = tensor.empty() : tensor<8x1024x1536xf32>
  %7 = linalg.generic {indexing_maps = [affine_map<(d0, d1, d2) -> (d0, d1, d2)>, affine_map<(d0, d1, d2) -> (d0, d1, d2)>], iterator_types = ["parallel", "parallel", "parallel"]} ins(%5 : tensor<8x1024x1536xf32>) outs(%6 : tensor<8x1024x1536xf32>) {
  ^bb0(%in: f32, %out: f32):
    %33 = math.exp %in : f32
    linalg.yield %33 : f32
  } -> tensor<8x1024x1536xf32>
  %cst_0 = arith.constant 0.000000e+00 : f32
  %8 = tensor.empty() : tensor<8x1024xf32>
  %9 = linalg.fill ins(%cst_0 : f32) outs(%8 : tensor<8x1024xf32>) -> tensor<8x1024xf32>
  %10 = linalg.generic {indexing_maps = [affine_map<(d0, d1, d2) -> (d0, d1, d2)>, affine_map<(d0, d1, d2) -> (d0, d1)>], iterator_types = ["parallel", "parallel", "reduction"]} ins(%7 : tensor<8x1024x1536xf32>) outs(%9 : tensor<8x1024xf32>) {
  ^bb0(%in: f32, %out: f32):
    %33 = arith.addf %in, %out : f32
    linalg.yield %33 : f32
  } -> tensor<8x1024xf32>
  %11 = tensor.empty() : tensor<8x1024xf32>
  %12 = linalg.generic {indexing_maps = [affine_map<(d0, d1) -> (d0, d1)>, affine_map<(d0, d1) -> (d0, d1)>], iterator_types = ["parallel", "parallel"]} ins(%10 : tensor<8x1024xf32>) outs(%11 : tensor<8x1024xf32>) {
  ^bb0(%in: f32, %out: f32):
    %33 = math.log %in : f32
    linalg.yield %33 : f32
  } -> tensor<8x1024xf32>
  %cst_1 = arith.constant 0xFF800000 : f32
  %13 = tensor.empty() : tensor<8x1024xf32>
  %14 = linalg.fill ins(%cst_1 : f32) outs(%13 : tensor<8x1024xf32>) -> tensor<8x1024xf32>
  %15 = linalg.generic {indexing_maps = [affine_map<(d0, d1, d2) -> (d0, d1, d2)>, affine_map<(d0, d1, d2) -> (d0, d1)>], iterator_types = ["parallel", "parallel", "reduction"]} ins(%0 : tensor<8x1024x1536xf32>) outs(%14 : tensor<8x1024xf32>) {
  ^bb0(%in: f32, %out: f32):
    %33 = arith.maxnumf %in, %out : f32
    linalg.yield %33 : f32
  } -> tensor<8x1024xf32>
  %16 = tensor.empty() : tensor<8x1024xf32>
  %17 = linalg.generic {indexing_maps = [affine_map<(d0, d1) -> (d0, d1)>, affine_map<(d0, d1) -> (d0, d1)>], iterator_types = ["parallel", "parallel"]} ins(%1 : tensor<8x1024xi32>) outs(%16 : tensor<8x1024xf32>) {
  ^bb0(%in: i32, %out: f32):
    %33 = arith.index_cast %in : i32 to index
    %34 = linalg.index 0 : index
    %35 = linalg.index 1 : index
    %extracted = tensor.extract %0[%34, %35, %33] : tensor<8x1024x1536xf32>
    linalg.yield %extracted : f32
  } -> tensor<8x1024xf32>
  %18 = tensor.empty() : tensor<8x1024xf32>
  %19 = linalg.generic {indexing_maps = [affine_map<(d0, d1) -> (d0, d1)>, affine_map<(d0, d1) -> (d0, d1)>, affine_map<(d0, d1) -> (d0, d1)>], iterator_types = ["parallel", "parallel"]} ins(%12, %15 : tensor<8x1024xf32>, tensor<8x1024xf32>) outs(%18 : tensor<8x1024xf32>) {
  ^bb0(%in: f32, %in_4: f32, %out: f32):
    %33 = arith.addf %in, %in_4 : f32
    linalg.yield %33 : f32
  } -> tensor<8x1024xf32>
  %20 = tensor.empty() : tensor<8x1024xf32>
  %21 = linalg.generic {indexing_maps = [affine_map<(d0, d1) -> (d0, d1)>, affine_map<(d0, d1) -> (d0, d1)>, affine_map<(d0, d1) -> (d0, d1)>], iterator_types = ["parallel", "parallel"]} ins(%19, %17 : tensor<8x1024xf32>, tensor<8x1024xf32>) outs(%20 : tensor<8x1024xf32>) {
  ^bb0(%in: f32, %in_4: f32, %out: f32):
    %33 = arith.subf %in, %in_4 : f32
    linalg.yield %33 : f32
  } -> tensor<8x1024xf32>
  %cst_2 = arith.constant 0.000000e+00 : f32
  %22 = tensor.empty() : tensor<f32>
  %23 = linalg.fill ins(%cst_2 : f32) outs(%22 : tensor<f32>) -> tensor<f32>
  %24 = linalg.generic {indexing_maps = [affine_map<(d0, d1) -> (d0, d1)>, affine_map<(d0, d1) -> ()>], iterator_types = ["reduction", "reduction"]} ins(%21 : tensor<8x1024xf32>) outs(%23 : tensor<f32>) {
  ^bb0(%in: f32, %out: f32):
    %33 = arith.addf %in, %out : f32
    linalg.yield %33 : f32
  } -> tensor<f32>
  %cst_3 = arith.constant 8.192000e+03 : f32
  %25 = tensor.empty() : tensor<f32>
  %26 = linalg.fill ins(%cst_3 : f32) outs(%25 : tensor<f32>) -> tensor<f32>
  %27 = tensor.empty() : tensor<f32>
  %28 = linalg.generic {indexing_maps = [affine_map<() -> ()>, affine_map<() -> ()>, affine_map<() -> ()>], iterator_types = []} ins(%24, %26 : tensor<f32>, tensor<f32>) outs(%27 : tensor<f32>) {
  ^bb0(%in: f32, %in_4: f32, %out: f32):
    %33 = arith.divf %in, %in_4 : f32
    linalg.yield %33 : f32
  } -> tensor<f32>
  %29 = tosa.const_shape  {values = dense<1> : tensor<1xindex>} : () -> !tosa.shape<1>
  %30 = tosa.reshape %28, %29 : (tensor<f32>, !tosa.shape<1>) -> tensor<1xf32>
  %31 = tosa.const_shape  {values = dense<1> : tensor<1xindex>} : () -> !tosa.shape<1>
  %32 = tosa.reshape %30, %31 : (tensor<1xf32>, !tosa.shape<1>) -> tensor<1xf32>
  bufferization.materialize_in_destination %32 in writable %arg2 : (tensor<1xf32>, memref<1xf32, 1>) -> ()
  return
}

// -----// IR Dump After TosaToArithPass (tosa-to-arith) //----- //
func.func @main(%arg0: memref<8x1024x1536xf32, 1>, %arg1: memref<8x1024xi32, 1>, %arg2: memref<1xf32, 1> {bufferization.writable = true}) attributes {llvm.emit_c_interface} {
  %0 = bufferization.to_tensor %arg0 restrict : memref<8x1024x1536xf32, 1> to tensor<8x1024x1536xf32>
  %1 = bufferization.to_tensor %arg1 restrict : memref<8x1024xi32, 1> to tensor<8x1024xi32>
  %2 = tensor.empty() : tensor<8x1024xf32>
  %cst = arith.constant -3.40282347E+38 : f32
  %3 = linalg.fill ins(%cst : f32) outs(%2 : tensor<8x1024xf32>) -> tensor<8x1024xf32>
  %reduced = linalg.reduce ins(%0 : tensor<8x1024x1536xf32>) outs(%3 : tensor<8x1024xf32>) dimensions = [2] 
    (%in: f32, %init: f32) {
      %32 = arith.maximumf %in, %init : f32
      linalg.yield %32 : f32
    }
  %expanded = tensor.expand_shape %reduced [[0], [1, 2]] output_shape [8, 1024, 1] : tensor<8x1024xf32> into tensor<8x1024x1xf32>
  %4 = tensor.empty() : tensor<8x1024x1536xf32>
  %5 = linalg.generic {indexing_maps = [affine_map<(d0, d1, d2) -> (d0, d1, d2)>, affine_map<(d0, d1, d2) -> (d0, d1, 0)>, affine_map<(d0, d1, d2) -> (d0, d1, d2)>], iterator_types = ["parallel", "parallel", "parallel"]} ins(%0, %expanded : tensor<8x1024x1536xf32>, tensor<8x1024x1xf32>) outs(%4 : tensor<8x1024x1536xf32>) {
  ^bb0(%in: f32, %in_4: f32, %out: f32):
    %32 = arith.subf %in, %in_4 : f32
    linalg.yield %32 : f32
  } -> tensor<8x1024x1536xf32>
  %6 = tensor.empty() : tensor<8x1024x1536xf32>
  %7 = linalg.generic {indexing_maps = [affine_map<(d0, d1, d2) -> (d0, d1, d2)>, affine_map<(d0, d1, d2) -> (d0, d1, d2)>], iterator_types = ["parallel", "parallel", "parallel"]} ins(%5 : tensor<8x1024x1536xf32>) outs(%6 : tensor<8x1024x1536xf32>) {
  ^bb0(%in: f32, %out: f32):
    %32 = math.exp %in : f32
    linalg.yield %32 : f32
  } -> tensor<8x1024x1536xf32>
  %cst_0 = arith.constant 0.000000e+00 : f32
  %8 = tensor.empty() : tensor<8x1024xf32>
  %9 = linalg.fill ins(%cst_0 : f32) outs(%8 : tensor<8x1024xf32>) -> tensor<8x1024xf32>
  %10 = linalg.generic {indexing_maps = [affine_map<(d0, d1, d2) -> (d0, d1, d2)>, affine_map<(d0, d1, d2) -> (d0, d1)>], iterator_types = ["parallel", "parallel", "reduction"]} ins(%7 : tensor<8x1024x1536xf32>) outs(%9 : tensor<8x1024xf32>) {
  ^bb0(%in: f32, %out: f32):
    %32 = arith.addf %in, %out : f32
    linalg.yield %32 : f32
  } -> tensor<8x1024xf32>
  %11 = tensor.empty() : tensor<8x1024xf32>
  %12 = linalg.generic {indexing_maps = [affine_map<(d0, d1) -> (d0, d1)>, affine_map<(d0, d1) -> (d0, d1)>], iterator_types = ["parallel", "parallel"]} ins(%10 : tensor<8x1024xf32>) outs(%11 : tensor<8x1024xf32>) {
  ^bb0(%in: f32, %out: f32):
    %32 = math.log %in : f32
    linalg.yield %32 : f32
  } -> tensor<8x1024xf32>
  %cst_1 = arith.constant 0xFF800000 : f32
  %13 = tensor.empty() : tensor<8x1024xf32>
  %14 = linalg.fill ins(%cst_1 : f32) outs(%13 : tensor<8x1024xf32>) -> tensor<8x1024xf32>
  %15 = linalg.generic {indexing_maps = [affine_map<(d0, d1, d2) -> (d0, d1, d2)>, affine_map<(d0, d1, d2) -> (d0, d1)>], iterator_types = ["parallel", "parallel", "reduction"]} ins(%0 : tensor<8x1024x1536xf32>) outs(%14 : tensor<8x1024xf32>) {
  ^bb0(%in: f32, %out: f32):
    %32 = arith.maxnumf %in, %out : f32
    linalg.yield %32 : f32
  } -> tensor<8x1024xf32>
  %16 = tensor.empty() : tensor<8x1024xf32>
  %17 = linalg.generic {indexing_maps = [affine_map<(d0, d1) -> (d0, d1)>, affine_map<(d0, d1) -> (d0, d1)>], iterator_types = ["parallel", "parallel"]} ins(%1 : tensor<8x1024xi32>) outs(%16 : tensor<8x1024xf32>) {
  ^bb0(%in: i32, %out: f32):
    %32 = arith.index_cast %in : i32 to index
    %33 = linalg.index 0 : index
    %34 = linalg.index 1 : index
    %extracted = tensor.extract %0[%33, %34, %32] : tensor<8x1024x1536xf32>
    linalg.yield %extracted : f32
  } -> tensor<8x1024xf32>
  %18 = tensor.empty() : tensor<8x1024xf32>
  %19 = linalg.generic {indexing_maps = [affine_map<(d0, d1) -> (d0, d1)>, affine_map<(d0, d1) -> (d0, d1)>, affine_map<(d0, d1) -> (d0, d1)>], iterator_types = ["parallel", "parallel"]} ins(%12, %15 : tensor<8x1024xf32>, tensor<8x1024xf32>) outs(%18 : tensor<8x1024xf32>) {
  ^bb0(%in: f32, %in_4: f32, %out: f32):
    %32 = arith.addf %in, %in_4 : f32
    linalg.yield %32 : f32
  } -> tensor<8x1024xf32>
  %20 = tensor.empty() : tensor<8x1024xf32>
  %21 = linalg.generic {indexing_maps = [affine_map<(d0, d1) -> (d0, d1)>, affine_map<(d0, d1) -> (d0, d1)>, affine_map<(d0, d1) -> (d0, d1)>], iterator_types = ["parallel", "parallel"]} ins(%19, %17 : tensor<8x1024xf32>, tensor<8x1024xf32>) outs(%20 : tensor<8x1024xf32>) {
  ^bb0(%in: f32, %in_4: f32, %out: f32):
    %32 = arith.subf %in, %in_4 : f32
    linalg.yield %32 : f32
  } -> tensor<8x1024xf32>
  %cst_2 = arith.constant 0.000000e+00 : f32
  %22 = tensor.empty() : tensor<f32>
  %23 = linalg.fill ins(%cst_2 : f32) outs(%22 : tensor<f32>) -> tensor<f32>
  %24 = linalg.generic {indexing_maps = [affine_map<(d0, d1) -> (d0, d1)>, affine_map<(d0, d1) -> ()>], iterator_types = ["reduction", "reduction"]} ins(%21 : tensor<8x1024xf32>) outs(%23 : tensor<f32>) {
  ^bb0(%in: f32, %out: f32):
    %32 = arith.addf %in, %out : f32
    linalg.yield %32 : f32
  } -> tensor<f32>
  %cst_3 = arith.constant 8.192000e+03 : f32
  %25 = tensor.empty() : tensor<f32>
  %26 = linalg.fill ins(%cst_3 : f32) outs(%25 : tensor<f32>) -> tensor<f32>
  %27 = tensor.empty() : tensor<f32>
  %28 = linalg.generic {indexing_maps = [affine_map<() -> ()>, affine_map<() -> ()>, affine_map<() -> ()>], iterator_types = []} ins(%24, %26 : tensor<f32>, tensor<f32>) outs(%27 : tensor<f32>) {
  ^bb0(%in: f32, %in_4: f32, %out: f32):
    %32 = arith.divf %in, %in_4 : f32
    linalg.yield %32 : f32
  } -> tensor<f32>
  %29 = tosa.const_shape  {values = dense<1> : tensor<1xindex>} : () -> !tosa.shape<1>
  %30 = tosa.reshape %28, %29 : (tensor<f32>, !tosa.shape<1>) -> tensor<1xf32>
  %31 = tosa.const_shape  {values = dense<1> : tensor<1xindex>} : () -> !tosa.shape<1>
  bufferization.materialize_in_destination %30 in writable %arg2 : (tensor<1xf32>, memref<1xf32, 1>) -> ()
  return
}

// -----// IR Dump After TosaToTensorPass (tosa-to-tensor) //----- //
func.func @main(%arg0: memref<8x1024x1536xf32, 1>, %arg1: memref<8x1024xi32, 1>, %arg2: memref<1xf32, 1> {bufferization.writable = true}) attributes {llvm.emit_c_interface} {
  %0 = bufferization.to_tensor %arg0 restrict : memref<8x1024x1536xf32, 1> to tensor<8x1024x1536xf32>
  %1 = bufferization.to_tensor %arg1 restrict : memref<8x1024xi32, 1> to tensor<8x1024xi32>
  %2 = tensor.empty() : tensor<8x1024xf32>
  %cst = arith.constant -3.40282347E+38 : f32
  %3 = linalg.fill ins(%cst : f32) outs(%2 : tensor<8x1024xf32>) -> tensor<8x1024xf32>
  %reduced = linalg.reduce ins(%0 : tensor<8x1024x1536xf32>) outs(%3 : tensor<8x1024xf32>) dimensions = [2] 
    (%in: f32, %init: f32) {
      %31 = arith.maximumf %in, %init : f32
      linalg.yield %31 : f32
    }
  %expanded = tensor.expand_shape %reduced [[0], [1, 2]] output_shape [8, 1024, 1] : tensor<8x1024xf32> into tensor<8x1024x1xf32>
  %4 = tensor.empty() : tensor<8x1024x1536xf32>
  %5 = linalg.generic {indexing_maps = [affine_map<(d0, d1, d2) -> (d0, d1, d2)>, affine_map<(d0, d1, d2) -> (d0, d1, 0)>, affine_map<(d0, d1, d2) -> (d0, d1, d2)>], iterator_types = ["parallel", "parallel", "parallel"]} ins(%0, %expanded : tensor<8x1024x1536xf32>, tensor<8x1024x1xf32>) outs(%4 : tensor<8x1024x1536xf32>) {
  ^bb0(%in: f32, %in_5: f32, %out: f32):
    %31 = arith.subf %in, %in_5 : f32
    linalg.yield %31 : f32
  } -> tensor<8x1024x1536xf32>
  %6 = tensor.empty() : tensor<8x1024x1536xf32>
  %7 = linalg.generic {indexing_maps = [affine_map<(d0, d1, d2) -> (d0, d1, d2)>, affine_map<(d0, d1, d2) -> (d0, d1, d2)>], iterator_types = ["parallel", "parallel", "parallel"]} ins(%5 : tensor<8x1024x1536xf32>) outs(%6 : tensor<8x1024x1536xf32>) {
  ^bb0(%in: f32, %out: f32):
    %31 = math.exp %in : f32
    linalg.yield %31 : f32
  } -> tensor<8x1024x1536xf32>
  %cst_0 = arith.constant 0.000000e+00 : f32
  %8 = tensor.empty() : tensor<8x1024xf32>
  %9 = linalg.fill ins(%cst_0 : f32) outs(%8 : tensor<8x1024xf32>) -> tensor<8x1024xf32>
  %10 = linalg.generic {indexing_maps = [affine_map<(d0, d1, d2) -> (d0, d1, d2)>, affine_map<(d0, d1, d2) -> (d0, d1)>], iterator_types = ["parallel", "parallel", "reduction"]} ins(%7 : tensor<8x1024x1536xf32>) outs(%9 : tensor<8x1024xf32>) {
  ^bb0(%in: f32, %out: f32):
    %31 = arith.addf %in, %out : f32
    linalg.yield %31 : f32
  } -> tensor<8x1024xf32>
  %11 = tensor.empty() : tensor<8x1024xf32>
  %12 = linalg.generic {indexing_maps = [affine_map<(d0, d1) -> (d0, d1)>, affine_map<(d0, d1) -> (d0, d1)>], iterator_types = ["parallel", "parallel"]} ins(%10 : tensor<8x1024xf32>) outs(%11 : tensor<8x1024xf32>) {
  ^bb0(%in: f32, %out: f32):
    %31 = math.log %in : f32
    linalg.yield %31 : f32
  } -> tensor<8x1024xf32>
  %cst_1 = arith.constant 0xFF800000 : f32
  %13 = tensor.empty() : tensor<8x1024xf32>
  %14 = linalg.fill ins(%cst_1 : f32) outs(%13 : tensor<8x1024xf32>) -> tensor<8x1024xf32>
  %15 = linalg.generic {indexing_maps = [affine_map<(d0, d1, d2) -> (d0, d1, d2)>, affine_map<(d0, d1, d2) -> (d0, d1)>], iterator_types = ["parallel", "parallel", "reduction"]} ins(%0 : tensor<8x1024x1536xf32>) outs(%14 : tensor<8x1024xf32>) {
  ^bb0(%in: f32, %out: f32):
    %31 = arith.maxnumf %in, %out : f32
    linalg.yield %31 : f32
  } -> tensor<8x1024xf32>
  %16 = tensor.empty() : tensor<8x1024xf32>
  %17 = linalg.generic {indexing_maps = [affine_map<(d0, d1) -> (d0, d1)>, affine_map<(d0, d1) -> (d0, d1)>], iterator_types = ["parallel", "parallel"]} ins(%1 : tensor<8x1024xi32>) outs(%16 : tensor<8x1024xf32>) {
  ^bb0(%in: i32, %out: f32):
    %31 = arith.index_cast %in : i32 to index
    %32 = linalg.index 0 : index
    %33 = linalg.index 1 : index
    %extracted = tensor.extract %0[%32, %33, %31] : tensor<8x1024x1536xf32>
    linalg.yield %extracted : f32
  } -> tensor<8x1024xf32>
  %18 = tensor.empty() : tensor<8x1024xf32>
  %19 = linalg.generic {indexing_maps = [affine_map<(d0, d1) -> (d0, d1)>, affine_map<(d0, d1) -> (d0, d1)>, affine_map<(d0, d1) -> (d0, d1)>], iterator_types = ["parallel", "parallel"]} ins(%12, %15 : tensor<8x1024xf32>, tensor<8x1024xf32>) outs(%18 : tensor<8x1024xf32>) {
  ^bb0(%in: f32, %in_5: f32, %out: f32):
    %31 = arith.addf %in, %in_5 : f32
    linalg.yield %31 : f32
  } -> tensor<8x1024xf32>
  %20 = tensor.empty() : tensor<8x1024xf32>
  %21 = linalg.generic {indexing_maps = [affine_map<(d0, d1) -> (d0, d1)>, affine_map<(d0, d1) -> (d0, d1)>, affine_map<(d0, d1) -> (d0, d1)>], iterator_types = ["parallel", "parallel"]} ins(%19, %17 : tensor<8x1024xf32>, tensor<8x1024xf32>) outs(%20 : tensor<8x1024xf32>) {
  ^bb0(%in: f32, %in_5: f32, %out: f32):
    %31 = arith.subf %in, %in_5 : f32
    linalg.yield %31 : f32
  } -> tensor<8x1024xf32>
  %cst_2 = arith.constant 0.000000e+00 : f32
  %22 = tensor.empty() : tensor<f32>
  %23 = linalg.fill ins(%cst_2 : f32) outs(%22 : tensor<f32>) -> tensor<f32>
  %24 = linalg.generic {indexing_maps = [affine_map<(d0, d1) -> (d0, d1)>, affine_map<(d0, d1) -> ()>], iterator_types = ["reduction", "reduction"]} ins(%21 : tensor<8x1024xf32>) outs(%23 : tensor<f32>) {
  ^bb0(%in: f32, %out: f32):
    %31 = arith.addf %in, %out : f32
    linalg.yield %31 : f32
  } -> tensor<f32>
  %cst_3 = arith.constant 8.192000e+03 : f32
  %25 = tensor.empty() : tensor<f32>
  %26 = linalg.fill ins(%cst_3 : f32) outs(%25 : tensor<f32>) -> tensor<f32>
  %27 = tensor.empty() : tensor<f32>
  %28 = linalg.generic {indexing_maps = [affine_map<() -> ()>, affine_map<() -> ()>, affine_map<() -> ()>], iterator_types = []} ins(%24, %26 : tensor<f32>, tensor<f32>) outs(%27 : tensor<f32>) {
  ^bb0(%in: f32, %in_5: f32, %out: f32):
    %31 = arith.divf %in, %in_5 : f32
    linalg.yield %31 : f32
  } -> tensor<f32>
  %29 = tosa.const_shape  {values = dense<1> : tensor<1xindex>} : () -> !tosa.shape<1>
  %expanded_4 = tensor.expand_shape %28 [] output_shape [1] : tensor<f32> into tensor<1xf32>
  %30 = tosa.const_shape  {values = dense<1> : tensor<1xindex>} : () -> !tosa.shape<1>
  bufferization.materialize_in_destination %expanded_4 in writable %arg2 : (tensor<1xf32>, memref<1xf32, 1>) -> ()
  return
}

// -----// IR Dump After TosaToSCFPass (tosa-to-scf) //----- //
func.func @main(%arg0: memref<8x1024x1536xf32, 1>, %arg1: memref<8x1024xi32, 1>, %arg2: memref<1xf32, 1> {bufferization.writable = true}) attributes {llvm.emit_c_interface} {
  %0 = bufferization.to_tensor %arg0 restrict : memref<8x1024x1536xf32, 1> to tensor<8x1024x1536xf32>
  %1 = bufferization.to_tensor %arg1 restrict : memref<8x1024xi32, 1> to tensor<8x1024xi32>
  %2 = tensor.empty() : tensor<8x1024xf32>
  %cst = arith.constant -3.40282347E+38 : f32
  %3 = linalg.fill ins(%cst : f32) outs(%2 : tensor<8x1024xf32>) -> tensor<8x1024xf32>
  %reduced = linalg.reduce ins(%0 : tensor<8x1024x1536xf32>) outs(%3 : tensor<8x1024xf32>) dimensions = [2] 
    (%in: f32, %init: f32) {
      %31 = arith.maximumf %in, %init : f32
      linalg.yield %31 : f32
    }
  %expanded = tensor.expand_shape %reduced [[0], [1, 2]] output_shape [8, 1024, 1] : tensor<8x1024xf32> into tensor<8x1024x1xf32>
  %4 = tensor.empty() : tensor<8x1024x1536xf32>
  %5 = linalg.generic {indexing_maps = [affine_map<(d0, d1, d2) -> (d0, d1, d2)>, affine_map<(d0, d1, d2) -> (d0, d1, 0)>, affine_map<(d0, d1, d2) -> (d0, d1, d2)>], iterator_types = ["parallel", "parallel", "parallel"]} ins(%0, %expanded : tensor<8x1024x1536xf32>, tensor<8x1024x1xf32>) outs(%4 : tensor<8x1024x1536xf32>) {
  ^bb0(%in: f32, %in_5: f32, %out: f32):
    %31 = arith.subf %in, %in_5 : f32
    linalg.yield %31 : f32
  } -> tensor<8x1024x1536xf32>
  %6 = tensor.empty() : tensor<8x1024x1536xf32>
  %7 = linalg.generic {indexing_maps = [affine_map<(d0, d1, d2) -> (d0, d1, d2)>, affine_map<(d0, d1, d2) -> (d0, d1, d2)>], iterator_types = ["parallel", "parallel", "parallel"]} ins(%5 : tensor<8x1024x1536xf32>) outs(%6 : tensor<8x1024x1536xf32>) {
  ^bb0(%in: f32, %out: f32):
    %31 = math.exp %in : f32
    linalg.yield %31 : f32
  } -> tensor<8x1024x1536xf32>
  %cst_0 = arith.constant 0.000000e+00 : f32
  %8 = tensor.empty() : tensor<8x1024xf32>
  %9 = linalg.fill ins(%cst_0 : f32) outs(%8 : tensor<8x1024xf32>) -> tensor<8x1024xf32>
  %10 = linalg.generic {indexing_maps = [affine_map<(d0, d1, d2) -> (d0, d1, d2)>, affine_map<(d0, d1, d2) -> (d0, d1)>], iterator_types = ["parallel", "parallel", "reduction"]} ins(%7 : tensor<8x1024x1536xf32>) outs(%9 : tensor<8x1024xf32>) {
  ^bb0(%in: f32, %out: f32):
    %31 = arith.addf %in, %out : f32
    linalg.yield %31 : f32
  } -> tensor<8x1024xf32>
  %11 = tensor.empty() : tensor<8x1024xf32>
  %12 = linalg.generic {indexing_maps = [affine_map<(d0, d1) -> (d0, d1)>, affine_map<(d0, d1) -> (d0, d1)>], iterator_types = ["parallel", "parallel"]} ins(%10 : tensor<8x1024xf32>) outs(%11 : tensor<8x1024xf32>) {
  ^bb0(%in: f32, %out: f32):
    %31 = math.log %in : f32
    linalg.yield %31 : f32
  } -> tensor<8x1024xf32>
  %cst_1 = arith.constant 0xFF800000 : f32
  %13 = tensor.empty() : tensor<8x1024xf32>
  %14 = linalg.fill ins(%cst_1 : f32) outs(%13 : tensor<8x1024xf32>) -> tensor<8x1024xf32>
  %15 = linalg.generic {indexing_maps = [affine_map<(d0, d1, d2) -> (d0, d1, d2)>, affine_map<(d0, d1, d2) -> (d0, d1)>], iterator_types = ["parallel", "parallel", "reduction"]} ins(%0 : tensor<8x1024x1536xf32>) outs(%14 : tensor<8x1024xf32>) {
  ^bb0(%in: f32, %out: f32):
    %31 = arith.maxnumf %in, %out : f32
    linalg.yield %31 : f32
  } -> tensor<8x1024xf32>
  %16 = tensor.empty() : tensor<8x1024xf32>
  %17 = linalg.generic {indexing_maps = [affine_map<(d0, d1) -> (d0, d1)>, affine_map<(d0, d1) -> (d0, d1)>], iterator_types = ["parallel", "parallel"]} ins(%1 : tensor<8x1024xi32>) outs(%16 : tensor<8x1024xf32>) {
  ^bb0(%in: i32, %out: f32):
    %31 = arith.index_cast %in : i32 to index
    %32 = linalg.index 0 : index
    %33 = linalg.index 1 : index
    %extracted = tensor.extract %0[%32, %33, %31] : tensor<8x1024x1536xf32>
    linalg.yield %extracted : f32
  } -> tensor<8x1024xf32>
  %18 = tensor.empty() : tensor<8x1024xf32>
  %19 = linalg.generic {indexing_maps = [affine_map<(d0, d1) -> (d0, d1)>, affine_map<(d0, d1) -> (d0, d1)>, affine_map<(d0, d1) -> (d0, d1)>], iterator_types = ["parallel", "parallel"]} ins(%12, %15 : tensor<8x1024xf32>, tensor<8x1024xf32>) outs(%18 : tensor<8x1024xf32>) {
  ^bb0(%in: f32, %in_5: f32, %out: f32):
    %31 = arith.addf %in, %in_5 : f32
    linalg.yield %31 : f32
  } -> tensor<8x1024xf32>
  %20 = tensor.empty() : tensor<8x1024xf32>
  %21 = linalg.generic {indexing_maps = [affine_map<(d0, d1) -> (d0, d1)>, affine_map<(d0, d1) -> (d0, d1)>, affine_map<(d0, d1) -> (d0, d1)>], iterator_types = ["parallel", "parallel"]} ins(%19, %17 : tensor<8x1024xf32>, tensor<8x1024xf32>) outs(%20 : tensor<8x1024xf32>) {
  ^bb0(%in: f32, %in_5: f32, %out: f32):
    %31 = arith.subf %in, %in_5 : f32
    linalg.yield %31 : f32
  } -> tensor<8x1024xf32>
  %cst_2 = arith.constant 0.000000e+00 : f32
  %22 = tensor.empty() : tensor<f32>
  %23 = linalg.fill ins(%cst_2 : f32) outs(%22 : tensor<f32>) -> tensor<f32>
  %24 = linalg.generic {indexing_maps = [affine_map<(d0, d1) -> (d0, d1)>, affine_map<(d0, d1) -> ()>], iterator_types = ["reduction", "reduction"]} ins(%21 : tensor<8x1024xf32>) outs(%23 : tensor<f32>) {
  ^bb0(%in: f32, %out: f32):
    %31 = arith.addf %in, %out : f32
    linalg.yield %31 : f32
  } -> tensor<f32>
  %cst_3 = arith.constant 8.192000e+03 : f32
  %25 = tensor.empty() : tensor<f32>
  %26 = linalg.fill ins(%cst_3 : f32) outs(%25 : tensor<f32>) -> tensor<f32>
  %27 = tensor.empty() : tensor<f32>
  %28 = linalg.generic {indexing_maps = [affine_map<() -> ()>, affine_map<() -> ()>, affine_map<() -> ()>], iterator_types = []} ins(%24, %26 : tensor<f32>, tensor<f32>) outs(%27 : tensor<f32>) {
  ^bb0(%in: f32, %in_5: f32, %out: f32):
    %31 = arith.divf %in, %in_5 : f32
    linalg.yield %31 : f32
  } -> tensor<f32>
  %29 = tosa.const_shape  {values = dense<1> : tensor<1xindex>} : () -> !tosa.shape<1>
  %expanded_4 = tensor.expand_shape %28 [] output_shape [1] : tensor<f32> into tensor<1xf32>
  %30 = tosa.const_shape  {values = dense<1> : tensor<1xindex>} : () -> !tosa.shape<1>
  bufferization.materialize_in_destination %expanded_4 in writable %arg2 : (tensor<1xf32>, memref<1xf32, 1>) -> ()
  return
}


// -----// IR Dump After LinalgElementwiseOpFusionPass (linalg-fuse-elementwise-ops) //----- //
#map = affine_map<(d0, d1, d2, d3) -> (d0, d1, d2, d3)>
#map1 = affine_map<(d0, d1, d2, d3) -> (d0, d1, d2)>
#map2 = affine_map<(d0, d1, d2) -> (d0, d1, d2)>
#map3 = affine_map<(d0, d1, d2) -> (d0, d1, 0)>
#map4 = affine_map<(d0, d1, d2) -> (d0, d1)>
#map5 = affine_map<(d0, d1) -> (d0, d1)>
#map6 = affine_map<(d0, d1) -> ()>
#map7 = affine_map<() -> ()>
module {
  func.func @main(%arg0: memref<8x1024x1536xf32, 1>, %arg1: memref<8x1024xi32, 1>, %arg2: memref<1xf32, 1> {bufferization.writable = true}) attributes {llvm.emit_c_interface} {
    %cst = arith.constant 8.192000e+03 : f32
    %cst_0 = arith.constant 0xFF800000 : f32
    %cst_1 = arith.constant 0.000000e+00 : f32
    %cst_2 = arith.constant -3.40282347E+38 : f32
    %0 = bufferization.to_tensor %arg0 restrict : memref<8x1024x1536xf32, 1> to tensor<8x1024x1536xf32>
    %1 = bufferization.to_tensor %arg1 restrict : memref<8x1024xi32, 1> to tensor<8x1024xi32>
    %2 = tensor.empty() : tensor<8x1024xf32>
    %expanded = tensor.expand_shape %2 [[0], [1, 2]] output_shape [8, 1024, 1] : tensor<8x1024xf32> into tensor<8x1024x1xf32>
    %3 = linalg.fill ins(%cst_2 : f32) outs(%expanded : tensor<8x1024x1xf32>) -> tensor<8x1024x1xf32>
    %expanded_3 = tensor.expand_shape %0 [[0], [1, 2], [3]] output_shape [8, 1024, 1, 1536] : tensor<8x1024x1536xf32> into tensor<8x1024x1x1536xf32>
    %4 = linalg.generic {indexing_maps = [#map, #map1], iterator_types = ["parallel", "parallel", "parallel", "reduction"]} ins(%expanded_3 : tensor<8x1024x1x1536xf32>) outs(%3 : tensor<8x1024x1xf32>) {
    ^bb0(%in: f32, %out: f32):
      %16 = arith.maximumf %in, %out : f32
      linalg.yield %16 : f32
    } -> tensor<8x1024x1xf32>
    %5 = tensor.empty() : tensor<8x1024xf32>
    %6 = linalg.fill ins(%cst_1 : f32) outs(%5 : tensor<8x1024xf32>) -> tensor<8x1024xf32>
    %7 = linalg.generic {indexing_maps = [#map2, #map3, #map4], iterator_types = ["parallel", "parallel", "reduction"]} ins(%0, %4 : tensor<8x1024x1536xf32>, tensor<8x1024x1xf32>) outs(%6 : tensor<8x1024xf32>) {
    ^bb0(%in: f32, %in_5: f32, %out: f32):
      %16 = arith.subf %in, %in_5 : f32
      %17 = math.exp %16 : f32
      %18 = arith.addf %17, %out : f32
      linalg.yield %18 : f32
    } -> tensor<8x1024xf32>
    %8 = tensor.empty() : tensor<8x1024xf32>
    %9 = linalg.fill ins(%cst_0 : f32) outs(%8 : tensor<8x1024xf32>) -> tensor<8x1024xf32>
    %10 = linalg.generic {indexing_maps = [#map2, #map4], iterator_types = ["parallel", "parallel", "reduction"]} ins(%0 : tensor<8x1024x1536xf32>) outs(%9 : tensor<8x1024xf32>) {
    ^bb0(%in: f32, %out: f32):
      %16 = arith.maxnumf %in, %out : f32
      linalg.yield %16 : f32
    } -> tensor<8x1024xf32>
    %11 = tensor.empty() : tensor<f32>
    %12 = linalg.fill ins(%cst_1 : f32) outs(%11 : tensor<f32>) -> tensor<f32>
    %13 = linalg.generic {indexing_maps = [#map5, #map5, #map5, #map6], iterator_types = ["reduction", "reduction"]} ins(%7, %10, %1 : tensor<8x1024xf32>, tensor<8x1024xf32>, tensor<8x1024xi32>) outs(%12 : tensor<f32>) {
    ^bb0(%in: f32, %in_5: f32, %in_6: i32, %out: f32):
      %16 = linalg.index 0 : index
      %17 = linalg.index 1 : index
      %18 = arith.index_cast %in_6 : i32 to index
      %extracted = tensor.extract %0[%16, %17, %18] : tensor<8x1024x1536xf32>
      %19 = math.log %in : f32
      %20 = arith.addf %19, %in_5 : f32
      %21 = arith.subf %20, %extracted : f32
      %22 = arith.addf %21, %out : f32
      linalg.yield %22 : f32
    } -> tensor<f32>
    %14 = tensor.empty() : tensor<f32>
    %15 = linalg.generic {indexing_maps = [#map7, #map7], iterator_types = []} ins(%13 : tensor<f32>) outs(%14 : tensor<f32>) {
    ^bb0(%in: f32, %out: f32):
      %16 = arith.divf %in, %cst : f32
      linalg.yield %16 : f32
    } -> tensor<f32>
    %expanded_4 = tensor.expand_shape %15 [] output_shape [1] : tensor<f32> into tensor<1xf32>
    bufferization.materialize_in_destination %expanded_4 in writable %arg2 : (tensor<1xf32>, memref<1xf32, 1>) -> ()
    return
  }
}




// -----// IR Dump After LinalgFoldUnitExtentDimsPass (linalg-fold-unit-extent-dims) //----- //
func.func @main(%arg0: memref<8x1024x1536xf32, 1>, %arg1: memref<8x1024xi32, 1>, %arg2: memref<1xf32, 1> {bufferization.writable = true}) attributes {llvm.emit_c_interface} {
  %cst = arith.constant 8.192000e+03 : f32
  %cst_0 = arith.constant 0xFF800000 : f32
  %cst_1 = arith.constant 0.000000e+00 : f32
  %cst_2 = arith.constant -3.40282347E+38 : f32
  %0 = bufferization.to_tensor %arg0 restrict : memref<8x1024x1536xf32, 1> to tensor<8x1024x1536xf32>
  %1 = bufferization.to_tensor %arg1 restrict : memref<8x1024xi32, 1> to tensor<8x1024xi32>
  %2 = tensor.empty() : tensor<8x1024xf32>
  %3 = linalg.fill ins(%cst_2 : f32) outs(%2 : tensor<8x1024xf32>) -> tensor<8x1024xf32>
  %4 = linalg.generic {indexing_maps = [affine_map<(d0, d1, d2) -> (d0, d1, d2)>, affine_map<(d0, d1, d2) -> (d0, d1)>], iterator_types = ["parallel", "parallel", "reduction"]} ins(%0 : tensor<8x1024x1536xf32>) outs(%3 : tensor<8x1024xf32>) {
  ^bb0(%in: f32, %out: f32):
    %13 = arith.maximumf %in, %out : f32
    linalg.yield %13 : f32
  } -> tensor<8x1024xf32>
  %5 = linalg.fill ins(%cst_1 : f32) outs(%2 : tensor<8x1024xf32>) -> tensor<8x1024xf32>
  %6 = linalg.generic {indexing_maps = [affine_map<(d0, d1, d2) -> (d0, d1, d2)>, affine_map<(d0, d1, d2) -> (d0, d1)>, affine_map<(d0, d1, d2) -> (d0, d1)>], iterator_types = ["parallel", "parallel", "reduction"]} ins(%0, %4 : tensor<8x1024x1536xf32>, tensor<8x1024xf32>) outs(%5 : tensor<8x1024xf32>) {
  ^bb0(%in: f32, %in_3: f32, %out: f32):
    %13 = arith.subf %in, %in_3 : f32
    %14 = math.exp %13 : f32
    %15 = arith.addf %14, %out : f32
    linalg.yield %15 : f32
  } -> tensor<8x1024xf32>
  %7 = linalg.fill ins(%cst_0 : f32) outs(%2 : tensor<8x1024xf32>) -> tensor<8x1024xf32>
  %8 = linalg.generic {indexing_maps = [affine_map<(d0, d1, d2) -> (d0, d1, d2)>, affine_map<(d0, d1, d2) -> (d0, d1)>], iterator_types = ["parallel", "parallel", "reduction"]} ins(%0 : tensor<8x1024x1536xf32>) outs(%7 : tensor<8x1024xf32>) {
  ^bb0(%in: f32, %out: f32):
    %13 = arith.maxnumf %in, %out : f32
    linalg.yield %13 : f32
  } -> tensor<8x1024xf32>
  %9 = tensor.empty() : tensor<f32>
  %10 = linalg.fill ins(%cst_1 : f32) outs(%9 : tensor<f32>) -> tensor<f32>
  %11 = linalg.generic {indexing_maps = [affine_map<(d0, d1) -> (d0, d1)>, affine_map<(d0, d1) -> (d0, d1)>, affine_map<(d0, d1) -> (d0, d1)>, affine_map<(d0, d1) -> ()>], iterator_types = ["reduction", "reduction"]} ins(%6, %8, %1 : tensor<8x1024xf32>, tensor<8x1024xf32>, tensor<8x1024xi32>) outs(%10 : tensor<f32>) {
  ^bb0(%in: f32, %in_3: f32, %in_4: i32, %out: f32):
    %13 = linalg.index 0 : index
    %14 = linalg.index 1 : index
    %15 = arith.index_cast %in_4 : i32 to index
    %extracted = tensor.extract %0[%13, %14, %15] : tensor<8x1024x1536xf32>
    %16 = math.log %in : f32
    %17 = arith.addf %16, %in_3 : f32
    %18 = arith.subf %17, %extracted : f32
    %19 = arith.addf %18, %out : f32
    linalg.yield %19 : f32
  } -> tensor<f32>
  %12 = linalg.generic {indexing_maps = [affine_map<() -> ()>, affine_map<() -> ()>], iterator_types = []} ins(%11 : tensor<f32>) outs(%9 : tensor<f32>) {
  ^bb0(%in: f32, %out: f32):
    %13 = arith.divf %in, %cst : f32
    linalg.yield %13 : f32
  } -> tensor<f32>
  %expanded = tensor.expand_shape %12 [] output_shape [1] : tensor<f32> into tensor<1xf32>
  bufferization.materialize_in_destination %expanded in writable %arg2 : (tensor<1xf32>, memref<1xf32, 1>) -> ()
  return
}


// -----// IR Dump After mlir::nova::NovaGPUSelectLoweringStrategyPass (nova-gpu-select-lowering-strategy) //----- //
func.func @main(%arg0: memref<8x1024x1536xf32, 1>, %arg1: memref<8x1024xi32, 1>, %arg2: memref<1xf32, 1> {bufferization.writable = true}) attributes {llvm.emit_c_interface} {
  %cst = arith.constant 8.192000e+03 : f32
  %cst_0 = arith.constant 0xFF800000 : f32
  %cst_1 = arith.constant 0.000000e+00 : f32
  %cst_2 = arith.constant -3.40282347E+38 : f32
  %0 = bufferization.to_tensor %arg0 restrict : memref<8x1024x1536xf32, 1> to tensor<8x1024x1536xf32>
  %1 = bufferization.to_tensor %arg1 restrict : memref<8x1024xi32, 1> to tensor<8x1024xi32>
  %2 = tensor.empty() : tensor<8x1024xf32>
  %3 = linalg.fill ins(%cst_2 : f32) outs(%2 : tensor<8x1024xf32>) -> tensor<8x1024xf32>
  %4 = linalg.generic {indexing_maps = [affine_map<(d0, d1, d2) -> (d0, d1, d2)>, affine_map<(d0, d1, d2) -> (d0, d1)>], iterator_types = ["parallel", "parallel", "reduction"]} ins(%0 : tensor<8x1024x1536xf32>) outs(%3 : tensor<8x1024xf32>) attrs =  {lowering_config = {mma_kind = 0 : i32, promoted_operands = [], reduction = [0, 0, 4], subgroup = [0, 0, 0], thread = [1, 8, 0], workgroup = [8, 128, 0]}} {
  ^bb0(%in: f32, %out: f32):
    %13 = arith.maximumf %in, %out : f32
    linalg.yield %13 : f32
  } -> tensor<8x1024xf32>
  %5 = linalg.fill ins(%cst_1 : f32) outs(%2 : tensor<8x1024xf32>) -> tensor<8x1024xf32>
  %6 = linalg.generic {indexing_maps = [affine_map<(d0, d1, d2) -> (d0, d1, d2)>, affine_map<(d0, d1, d2) -> (d0, d1)>, affine_map<(d0, d1, d2) -> (d0, d1)>], iterator_types = ["parallel", "parallel", "reduction"]} ins(%0, %4 : tensor<8x1024x1536xf32>, tensor<8x1024xf32>) outs(%5 : tensor<8x1024xf32>) attrs =  {lowering_config = {mma_kind = 0 : i32, promoted_operands = [], reduction = [0, 0, 4], subgroup = [0, 0, 0], thread = [1, 8, 0], workgroup = [8, 128, 0]}} {
  ^bb0(%in: f32, %in_3: f32, %out: f32):
    %13 = arith.subf %in, %in_3 : f32
    %14 = math.exp %13 : f32
    %15 = arith.addf %14, %out : f32
    linalg.yield %15 : f32
  } -> tensor<8x1024xf32>
  %7 = linalg.fill ins(%cst_0 : f32) outs(%2 : tensor<8x1024xf32>) -> tensor<8x1024xf32>
  %8 = linalg.generic {indexing_maps = [affine_map<(d0, d1, d2) -> (d0, d1, d2)>, affine_map<(d0, d1, d2) -> (d0, d1)>], iterator_types = ["parallel", "parallel", "reduction"]} ins(%0 : tensor<8x1024x1536xf32>) outs(%7 : tensor<8x1024xf32>) attrs =  {lowering_config = {mma_kind = 0 : i32, promoted_operands = [], reduction = [0, 0, 4], subgroup = [0, 0, 0], thread = [1, 8, 0], workgroup = [8, 128, 0]}} {
  ^bb0(%in: f32, %out: f32):
    %13 = arith.maxnumf %in, %out : f32
    linalg.yield %13 : f32
  } -> tensor<8x1024xf32>
  %9 = tensor.empty() : tensor<f32>
  %10 = linalg.fill ins(%cst_1 : f32) outs(%9 : tensor<f32>) -> tensor<f32>
  %11 = linalg.generic {indexing_maps = [affine_map<(d0, d1) -> (d0, d1)>, affine_map<(d0, d1) -> (d0, d1)>, affine_map<(d0, d1) -> (d0, d1)>, affine_map<(d0, d1) -> ()>], iterator_types = ["reduction", "reduction"]} ins(%6, %8, %1 : tensor<8x1024xf32>, tensor<8x1024xf32>, tensor<8x1024xi32>) outs(%10 : tensor<f32>) attrs =  {lowering_config = {mma_kind = 0 : i32, promoted_operands = [], reduction = [4, 4], subgroup = [0, 0], thread = [0, 0], workgroup = [0, 0]}} {
  ^bb0(%in: f32, %in_3: f32, %in_4: i32, %out: f32):
    %13 = linalg.index 0 : index
    %14 = linalg.index 1 : index
    %15 = arith.index_cast %in_4 : i32 to index
    %extracted = tensor.extract %0[%13, %14, %15] : tensor<8x1024x1536xf32>
    %16 = math.log %in : f32
    %17 = arith.addf %16, %in_3 : f32
    %18 = arith.subf %17, %extracted : f32
    %19 = arith.addf %18, %out : f32
    linalg.yield %19 : f32
  } -> tensor<f32>
  %12 = linalg.generic {indexing_maps = [affine_map<() -> ()>, affine_map<() -> ()>], iterator_types = []} ins(%11 : tensor<f32>) outs(%9 : tensor<f32>) attrs =  {lowering_config = {mma_kind = 0 : i32, promoted_operands = [], reduction = [], subgroup = [], thread = [], workgroup = []}} {
  ^bb0(%in: f32, %out: f32):
    %13 = arith.divf %in, %cst : f32
    linalg.yield %13 : f32
  } -> tensor<f32>
  %expanded = tensor.expand_shape %12 [] output_shape [1] : tensor<f32> into tensor<1xf32>
  bufferization.materialize_in_destination %expanded in writable %arg2 : (tensor<1xf32>, memref<1xf32, 1>) -> ()
  return
}

// -----// IR Dump After mlir::nova::NovaTileAndDistributePass (nova-tile-and-distribute) //----- //
func.func @main(%arg0: memref<8x1024x1536xf32, 1>, %arg1: memref<8x1024xi32, 1>, %arg2: memref<1xf32, 1> {bufferization.writable = true}) attributes {llvm.emit_c_interface} {
  %cst = arith.constant 8.192000e+03 : f32
  %cst_0 = arith.constant 0xFF800000 : f32
  %cst_1 = arith.constant 0.000000e+00 : f32
  %cst_2 = arith.constant -3.40282347E+38 : f32
  %0 = bufferization.to_tensor %arg0 restrict : memref<8x1024x1536xf32, 1> to tensor<8x1024x1536xf32>
  %1 = bufferization.to_tensor %arg1 restrict : memref<8x1024xi32, 1> to tensor<8x1024xi32>
  %2 = tensor.empty() : tensor<8x1024xf32>
  %3 = scf.forall (%arg3) = (0) to (1024) step (128) shared_outs(%arg4 = %2) -> (tensor<8x1024xf32>) {
    %extracted_slice = tensor.extract_slice %0[0, %arg3, 0] [8, 128, 1536] [1, 1, 1] : tensor<8x1024x1536xf32> to tensor<8x128x1536xf32>
    %extracted_slice_3 = tensor.extract_slice %0[0, %arg3, 0] [8, 128, 1536] [1, 1, 1] : tensor<8x1024x1536xf32> to tensor<8x128x1536xf32>
    %7 = tensor.empty() : tensor<8x128xf32>
    %8 = linalg.fill ins(%cst_2 : f32) outs(%7 : tensor<8x128xf32>) -> tensor<8x128xf32>
    %9 = linalg.generic {indexing_maps = [affine_map<(d0, d1, d2) -> (d0, d1, d2)>, affine_map<(d0, d1, d2) -> (d0, d1)>], iterator_types = ["parallel", "parallel", "reduction"]} ins(%extracted_slice_3 : tensor<8x128x1536xf32>) outs(%8 : tensor<8x128xf32>) attrs =  {lowering_config = {mma_kind = 0 : i32, promoted_operands = [], reduction = [0, 0, 4], subgroup = [0, 0, 0], thread = [1, 8, 0], workgroup = [8, 128, 0]}} {
    ^bb0(%in: f32, %out: f32):
      %12 = arith.maximumf %in, %out : f32
      linalg.yield %12 : f32
    } -> tensor<8x128xf32>
    %extracted_slice_4 = tensor.extract_slice %arg4[0, %arg3] [8, 128] [1, 1] : tensor<8x1024xf32> to tensor<8x128xf32>
    %10 = linalg.fill ins(%cst_1 : f32) outs(%extracted_slice_4 : tensor<8x128xf32>) -> tensor<8x128xf32>
    %11 = linalg.generic {indexing_maps = [affine_map<(d0, d1, d2) -> (d0, d1, d2)>, affine_map<(d0, d1, d2) -> (d0, d1)>, affine_map<(d0, d1, d2) -> (d0, d1)>], iterator_types = ["parallel", "parallel", "reduction"]} ins(%extracted_slice, %9 : tensor<8x128x1536xf32>, tensor<8x128xf32>) outs(%10 : tensor<8x128xf32>) attrs =  {lowering_config = {mma_kind = 0 : i32, promoted_operands = [], reduction = [0, 0, 4], subgroup = [0, 0, 0], thread = [1, 8, 0], workgroup = [8, 128, 0]}} {
    ^bb0(%in: f32, %in_5: f32, %out: f32):
      %12 = arith.subf %in, %in_5 : f32
      %13 = math.exp %12 : f32
      %14 = arith.addf %13, %out : f32
      linalg.yield %14 : f32
    } -> tensor<8x128xf32>
    scf.forall.in_parallel {
      tensor.parallel_insert_slice %11 into %arg4[0, %arg3] [8, 128] [1, 1] : tensor<8x128xf32> into tensor<8x1024xf32>
    }
  } {mapping = [#gpu.block<x>]}
  %4 = tensor.empty() : tensor<f32>
  %5 = linalg.fill ins(%cst_1 : f32) outs(%4 : tensor<f32>) -> tensor<f32>
  %6 = scf.forall (%arg3) = (0) to (1024) step (128) shared_outs(%arg4 = %4) -> (tensor<f32>) {
    %extracted_slice = tensor.extract_slice %0[0, %arg3, 0] [8, 128, 1536] [1, 1, 1] : tensor<8x1024x1536xf32> to tensor<8x128x1536xf32>
    %7 = tensor.empty() : tensor<8x128xf32>
    %8 = linalg.fill ins(%cst_0 : f32) outs(%7 : tensor<8x128xf32>) -> tensor<8x128xf32>
    %9 = linalg.generic {indexing_maps = [affine_map<(d0, d1, d2) -> (d0, d1, d2)>, affine_map<(d0, d1, d2) -> (d0, d1)>], iterator_types = ["parallel", "parallel", "reduction"]} ins(%extracted_slice : tensor<8x128x1536xf32>) outs(%8 : tensor<8x128xf32>) attrs =  {lowering_config = {mma_kind = 0 : i32, promoted_operands = [], reduction = [0, 0, 4], subgroup = [0, 0, 0], thread = [1, 8, 0], workgroup = [8, 128, 0]}} {
    ^bb0(%in: f32, %out: f32):
      %12 = arith.maxnumf %in, %out : f32
      linalg.yield %12 : f32
    } -> tensor<8x128xf32>
    %extracted_slice_3 = tensor.extract_slice %3[0, %arg3] [8, 128] [1, 1] : tensor<8x1024xf32> to tensor<8x128xf32>
    %extracted_slice_4 = tensor.extract_slice %1[0, %arg3] [8, 128] [1, 1] : tensor<8x1024xi32> to tensor<8x128xi32>
    %10 = linalg.generic {indexing_maps = [affine_map<(d0, d1) -> (d0, d1)>, affine_map<(d0, d1) -> (d0, d1)>, affine_map<(d0, d1) -> (d0, d1)>, affine_map<(d0, d1) -> ()>], iterator_types = ["reduction", "reduction"]} ins(%extracted_slice_3, %9, %extracted_slice_4 : tensor<8x128xf32>, tensor<8x128xf32>, tensor<8x128xi32>) outs(%5 : tensor<f32>) attrs =  {lowering_config = {mma_kind = 0 : i32, promoted_operands = [], reduction = [4, 4], subgroup = [0, 0], thread = [0, 0], workgroup = [0, 0]}} {
    ^bb0(%in: f32, %in_5: f32, %in_6: i32, %out: f32):
      %12 = linalg.index 0 : index
      %13 = linalg.index 1 : index
      %14 = affine.apply affine_map<(d0)[s0] -> (d0 + s0)>(%arg3)[%13]
      %15 = arith.index_cast %in_6 : i32 to index
      %extracted = tensor.extract %0[%12, %14, %15] : tensor<8x1024x1536xf32>
      %16 = math.log %in : f32
      %17 = arith.addf %16, %in_5 : f32
      %18 = arith.subf %17, %extracted : f32
      %19 = arith.addf %18, %out : f32
      linalg.yield %19 : f32
    } -> tensor<f32>
    %11 = linalg.generic {indexing_maps = [affine_map<() -> ()>, affine_map<() -> ()>], iterator_types = []} ins(%10 : tensor<f32>) outs(%arg4 : tensor<f32>) attrs =  {lowering_config = {mma_kind = 0 : i32, promoted_operands = [], reduction = [], subgroup = [], thread = [], workgroup = []}} {
    ^bb0(%in: f32, %out: f32):
      %12 = arith.divf %in, %cst : f32
      linalg.yield %12 : f32
    } -> tensor<f32>
    scf.forall.in_parallel {
      tensor.parallel_insert_slice %11 into %arg4[] [] [] : tensor<f32> into tensor<f32>
    }
  } {mapping = [#gpu.block<x>]}
  %expanded = tensor.expand_shape %6 [] output_shape [1] : tensor<f32> into tensor<1xf32>
  bufferization.materialize_in_destination %expanded in writable %arg2 : (tensor<1xf32>, memref<1xf32, 1>) -> ()
  return
}

// -----// IR Dump After mlir::nova::NovaConfigTrackingCanonicalizerPass (nova-config-tracking-canonicalize) //----- //
func.func @main(%arg0: memref<8x1024x1536xf32, 1>, %arg1: memref<8x1024xi32, 1>, %arg2: memref<1xf32, 1> {bufferization.writable = true}) attributes {llvm.emit_c_interface} {
  %cst = arith.constant 8.192000e+03 : f32
  %cst_0 = arith.constant 0xFF800000 : f32
  %cst_1 = arith.constant 0.000000e+00 : f32
  %cst_2 = arith.constant -3.40282347E+38 : f32
  %0 = bufferization.to_tensor %arg0 restrict : memref<8x1024x1536xf32, 1> to tensor<8x1024x1536xf32>
  %1 = bufferization.to_tensor %arg1 restrict : memref<8x1024xi32, 1> to tensor<8x1024xi32>
  %2 = tensor.empty() : tensor<8x1024xf32>
  %3 = scf.forall (%arg3) = (0) to (1024) step (128) shared_outs(%arg4 = %2) -> (tensor<8x1024xf32>) {
    %extracted_slice = tensor.extract_slice %0[0, %arg3, 0] [8, 128, 1536] [1, 1, 1] : tensor<8x1024x1536xf32> to tensor<8x128x1536xf32>
    %extracted_slice_3 = tensor.extract_slice %0[0, %arg3, 0] [8, 128, 1536] [1, 1, 1] : tensor<8x1024x1536xf32> to tensor<8x128x1536xf32>
    %7 = tensor.empty() : tensor<8x128xf32>
    %8 = linalg.fill ins(%cst_2 : f32) outs(%7 : tensor<8x128xf32>) -> tensor<8x128xf32>
    %9 = linalg.generic {indexing_maps = [affine_map<(d0, d1, d2) -> (d0, d1, d2)>, affine_map<(d0, d1, d2) -> (d0, d1)>], iterator_types = ["parallel", "parallel", "reduction"]} ins(%extracted_slice_3 : tensor<8x128x1536xf32>) outs(%8 : tensor<8x128xf32>) attrs =  {lowering_config = {mma_kind = 0 : i32, promoted_operands = [], reduction = [0, 0, 4], subgroup = [0, 0, 0], thread = [1, 8, 0], workgroup = [8, 128, 0]}} {
    ^bb0(%in: f32, %out: f32):
      %12 = arith.maximumf %in, %out : f32
      linalg.yield %12 : f32
    } -> tensor<8x128xf32>
    %extracted_slice_4 = tensor.extract_slice %arg4[0, %arg3] [8, 128] [1, 1] : tensor<8x1024xf32> to tensor<8x128xf32>
    %10 = linalg.fill ins(%cst_1 : f32) outs(%extracted_slice_4 : tensor<8x128xf32>) -> tensor<8x128xf32>
    %11 = linalg.generic {indexing_maps = [affine_map<(d0, d1, d2) -> (d0, d1, d2)>, affine_map<(d0, d1, d2) -> (d0, d1)>, affine_map<(d0, d1, d2) -> (d0, d1)>], iterator_types = ["parallel", "parallel", "reduction"]} ins(%extracted_slice, %9 : tensor<8x128x1536xf32>, tensor<8x128xf32>) outs(%10 : tensor<8x128xf32>) attrs =  {lowering_config = {mma_kind = 0 : i32, promoted_operands = [], reduction = [0, 0, 4], subgroup = [0, 0, 0], thread = [1, 8, 0], workgroup = [8, 128, 0]}} {
    ^bb0(%in: f32, %in_5: f32, %out: f32):
      %12 = arith.subf %in, %in_5 : f32
      %13 = math.exp %12 : f32
      %14 = arith.addf %13, %out : f32
      linalg.yield %14 : f32
    } -> tensor<8x128xf32>
    scf.forall.in_parallel {
      tensor.parallel_insert_slice %11 into %arg4[0, %arg3] [8, 128] [1, 1] : tensor<8x128xf32> into tensor<8x1024xf32>
    }
  } {mapping = [#gpu.block<x>]}
  %4 = tensor.empty() : tensor<f32>
  %5 = linalg.fill ins(%cst_1 : f32) outs(%4 : tensor<f32>) -> tensor<f32>
  %6 = scf.forall (%arg3) = (0) to (1024) step (128) shared_outs(%arg4 = %4) -> (tensor<f32>) {
    %extracted_slice = tensor.extract_slice %0[0, %arg3, 0] [8, 128, 1536] [1, 1, 1] : tensor<8x1024x1536xf32> to tensor<8x128x1536xf32>
    %7 = tensor.empty() : tensor<8x128xf32>
    %8 = linalg.fill ins(%cst_0 : f32) outs(%7 : tensor<8x128xf32>) -> tensor<8x128xf32>
    %9 = linalg.generic {indexing_maps = [affine_map<(d0, d1, d2) -> (d0, d1, d2)>, affine_map<(d0, d1, d2) -> (d0, d1)>], iterator_types = ["parallel", "parallel", "reduction"]} ins(%extracted_slice : tensor<8x128x1536xf32>) outs(%8 : tensor<8x128xf32>) attrs =  {lowering_config = {mma_kind = 0 : i32, promoted_operands = [], reduction = [0, 0, 4], subgroup = [0, 0, 0], thread = [1, 8, 0], workgroup = [8, 128, 0]}} {
    ^bb0(%in: f32, %out: f32):
      %12 = arith.maxnumf %in, %out : f32
      linalg.yield %12 : f32
    } -> tensor<8x128xf32>
    %extracted_slice_3 = tensor.extract_slice %3[0, %arg3] [8, 128] [1, 1] : tensor<8x1024xf32> to tensor<8x128xf32>
    %extracted_slice_4 = tensor.extract_slice %1[0, %arg3] [8, 128] [1, 1] : tensor<8x1024xi32> to tensor<8x128xi32>
    %10 = linalg.generic {indexing_maps = [affine_map<(d0, d1) -> (d0, d1)>, affine_map<(d0, d1) -> (d0, d1)>, affine_map<(d0, d1) -> (d0, d1)>, affine_map<(d0, d1) -> ()>], iterator_types = ["reduction", "reduction"]} ins(%extracted_slice_3, %9, %extracted_slice_4 : tensor<8x128xf32>, tensor<8x128xf32>, tensor<8x128xi32>) outs(%5 : tensor<f32>) attrs =  {lowering_config = {mma_kind = 0 : i32, promoted_operands = [], reduction = [4, 4], subgroup = [0, 0], thread = [0, 0], workgroup = [0, 0]}} {
    ^bb0(%in: f32, %in_5: f32, %in_6: i32, %out: f32):
      %12 = linalg.index 0 : index
      %13 = linalg.index 1 : index
      %14 = affine.apply affine_map<(d0)[s0] -> (d0 + s0)>(%arg3)[%13]
      %15 = arith.index_cast %in_6 : i32 to index
      %extracted = tensor.extract %0[%12, %14, %15] : tensor<8x1024x1536xf32>
      %16 = math.log %in : f32
      %17 = arith.addf %16, %in_5 : f32
      %18 = arith.subf %17, %extracted : f32
      %19 = arith.addf %18, %out : f32
      linalg.yield %19 : f32
    } -> tensor<f32>
    %11 = linalg.generic {indexing_maps = [affine_map<() -> ()>, affine_map<() -> ()>], iterator_types = []} ins(%10 : tensor<f32>) outs(%arg4 : tensor<f32>) attrs =  {lowering_config = {mma_kind = 0 : i32, promoted_operands = [], reduction = [], subgroup = [], thread = [], workgroup = []}} {
    ^bb0(%in: f32, %out: f32):
      %12 = arith.divf %in, %cst : f32
      linalg.yield %12 : f32
    } -> tensor<f32>
    scf.forall.in_parallel {
      tensor.parallel_insert_slice %11 into %arg4[] [] [] : tensor<f32> into tensor<f32>
    }
  } {mapping = [#gpu.block<x>]}
  %expanded = tensor.expand_shape %6 [] output_shape [1] : tensor<f32> into tensor<1xf32>
  bufferization.materialize_in_destination %expanded in writable %arg2 : (tensor<1xf32>, memref<1xf32, 1>) -> ()
  return
}

// -----// IR Dump After CSE (cse) //----- //
#map = affine_map<(d0, d1, d2) -> (d0, d1, d2)>
#map1 = affine_map<(d0, d1, d2) -> (d0, d1)>
#map2 = affine_map<(d0, d1) -> (d0, d1)>
#map3 = affine_map<(d0, d1) -> ()>
#map4 = affine_map<(d0)[s0] -> (d0 + s0)>
#map5 = affine_map<() -> ()>
module {
  func.func @main(%arg0: memref<8x1024x1536xf32, 1>, %arg1: memref<8x1024xi32, 1>, %arg2: memref<1xf32, 1> {bufferization.writable = true}) attributes {llvm.emit_c_interface} {
    %cst = arith.constant 8.192000e+03 : f32
    %cst_0 = arith.constant 0xFF800000 : f32
    %cst_1 = arith.constant 0.000000e+00 : f32
    %cst_2 = arith.constant -3.40282347E+38 : f32
    %0 = bufferization.to_tensor %arg0 restrict : memref<8x1024x1536xf32, 1> to tensor<8x1024x1536xf32>
    %1 = bufferization.to_tensor %arg1 restrict : memref<8x1024xi32, 1> to tensor<8x1024xi32>
    %2 = tensor.empty() : tensor<8x1024xf32>
    %3 = scf.forall (%arg3) = (0) to (1024) step (128) shared_outs(%arg4 = %2) -> (tensor<8x1024xf32>) {
      %extracted_slice = tensor.extract_slice %0[0, %arg3, 0] [8, 128, 1536] [1, 1, 1] : tensor<8x1024x1536xf32> to tensor<8x128x1536xf32>
      %7 = tensor.empty() : tensor<8x128xf32>
      %8 = linalg.fill ins(%cst_2 : f32) outs(%7 : tensor<8x128xf32>) -> tensor<8x128xf32>
      %9 = linalg.generic {indexing_maps = [#map, #map1], iterator_types = ["parallel", "parallel", "reduction"]} ins(%extracted_slice : tensor<8x128x1536xf32>) outs(%8 : tensor<8x128xf32>) attrs =  {lowering_config = {mma_kind = 0 : i32, promoted_operands = [], reduction = [0, 0, 4], subgroup = [0, 0, 0], thread = [1, 8, 0], workgroup = [8, 128, 0]}} {
      ^bb0(%in: f32, %out: f32):
        %12 = arith.maximumf %in, %out : f32
        linalg.yield %12 : f32
      } -> tensor<8x128xf32>
      %extracted_slice_3 = tensor.extract_slice %arg4[0, %arg3] [8, 128] [1, 1] : tensor<8x1024xf32> to tensor<8x128xf32>
      %10 = linalg.fill ins(%cst_1 : f32) outs(%extracted_slice_3 : tensor<8x128xf32>) -> tensor<8x128xf32>
      %11 = linalg.generic {indexing_maps = [#map, #map1, #map1], iterator_types = ["parallel", "parallel", "reduction"]} ins(%extracted_slice, %9 : tensor<8x128x1536xf32>, tensor<8x128xf32>) outs(%10 : tensor<8x128xf32>) attrs =  {lowering_config = {mma_kind = 0 : i32, promoted_operands = [], reduction = [0, 0, 4], subgroup = [0, 0, 0], thread = [1, 8, 0], workgroup = [8, 128, 0]}} {
      ^bb0(%in: f32, %in_4: f32, %out: f32):
        %12 = arith.subf %in, %in_4 : f32
        %13 = math.exp %12 : f32
        %14 = arith.addf %13, %out : f32
        linalg.yield %14 : f32
      } -> tensor<8x128xf32>
      scf.forall.in_parallel {
        tensor.parallel_insert_slice %11 into %arg4[0, %arg3] [8, 128] [1, 1] : tensor<8x128xf32> into tensor<8x1024xf32>
      }
    } {mapping = [#gpu.block<x>]}
    %4 = tensor.empty() : tensor<f32>
    %5 = linalg.fill ins(%cst_1 : f32) outs(%4 : tensor<f32>) -> tensor<f32>
    %6 = scf.forall (%arg3) = (0) to (1024) step (128) shared_outs(%arg4 = %4) -> (tensor<f32>) {
      %extracted_slice = tensor.extract_slice %0[0, %arg3, 0] [8, 128, 1536] [1, 1, 1] : tensor<8x1024x1536xf32> to tensor<8x128x1536xf32>
      %7 = tensor.empty() : tensor<8x128xf32>
      %8 = linalg.fill ins(%cst_0 : f32) outs(%7 : tensor<8x128xf32>) -> tensor<8x128xf32>
      %9 = linalg.generic {indexing_maps = [#map, #map1], iterator_types = ["parallel", "parallel", "reduction"]} ins(%extracted_slice : tensor<8x128x1536xf32>) outs(%8 : tensor<8x128xf32>) attrs =  {lowering_config = {mma_kind = 0 : i32, promoted_operands = [], reduction = [0, 0, 4], subgroup = [0, 0, 0], thread = [1, 8, 0], workgroup = [8, 128, 0]}} {
      ^bb0(%in: f32, %out: f32):
        %12 = arith.maxnumf %in, %out : f32
        linalg.yield %12 : f32
      } -> tensor<8x128xf32>
      %extracted_slice_3 = tensor.extract_slice %3[0, %arg3] [8, 128] [1, 1] : tensor<8x1024xf32> to tensor<8x128xf32>
      %extracted_slice_4 = tensor.extract_slice %1[0, %arg3] [8, 128] [1, 1] : tensor<8x1024xi32> to tensor<8x128xi32>
      %10 = linalg.generic {indexing_maps = [#map2, #map2, #map2, #map3], iterator_types = ["reduction", "reduction"]} ins(%extracted_slice_3, %9, %extracted_slice_4 : tensor<8x128xf32>, tensor<8x128xf32>, tensor<8x128xi32>) outs(%5 : tensor<f32>) attrs =  {lowering_config = {mma_kind = 0 : i32, promoted_operands = [], reduction = [4, 4], subgroup = [0, 0], thread = [0, 0], workgroup = [0, 0]}} {
      ^bb0(%in: f32, %in_5: f32, %in_6: i32, %out: f32):
        %12 = linalg.index 0 : index
        %13 = linalg.index 1 : index
        %14 = affine.apply #map4(%arg3)[%13]
        %15 = arith.index_cast %in_6 : i32 to index
        %extracted = tensor.extract %0[%12, %14, %15] : tensor<8x1024x1536xf32>
        %16 = math.log %in : f32
        %17 = arith.addf %16, %in_5 : f32
        %18 = arith.subf %17, %extracted : f32
        %19 = arith.addf %18, %out : f32
        linalg.yield %19 : f32
      } -> tensor<f32>
      %11 = linalg.generic {indexing_maps = [#map5, #map5], iterator_types = []} ins(%10 : tensor<f32>) outs(%arg4 : tensor<f32>) attrs =  {lowering_config = {mma_kind = 0 : i32, promoted_operands = [], reduction = [], subgroup = [], thread = [], workgroup = []}} {
      ^bb0(%in: f32, %out: f32):
        %12 = arith.divf %in, %cst : f32
        linalg.yield %12 : f32
      } -> tensor<f32>
      scf.forall.in_parallel {
        tensor.parallel_insert_slice %11 into %arg4[] [] [] : tensor<f32> into tensor<f32>
      }
    } {mapping = [#gpu.block<x>]}
    %expanded = tensor.expand_shape %6 [] output_shape [1] : tensor<f32> into tensor<1xf32>
    bufferization.materialize_in_destination %expanded in writable %arg2 : (tensor<1xf32>, memref<1xf32, 1>) -> ()
    return
  }
}


// -----// IR Dump After mlir::nova::NovaGPUPadOperandsPass (nova-gpu-pad-operands) //----- //
func.func @main(%arg0: memref<8x1024x1536xf32, 1>, %arg1: memref<8x1024xi32, 1>, %arg2: memref<1xf32, 1> {bufferization.writable = true}) attributes {llvm.emit_c_interface} {
  %cst = arith.constant 8.192000e+03 : f32
  %cst_0 = arith.constant 0xFF800000 : f32
  %cst_1 = arith.constant 0.000000e+00 : f32
  %cst_2 = arith.constant -3.40282347E+38 : f32
  %0 = bufferization.to_tensor %arg0 restrict : memref<8x1024x1536xf32, 1> to tensor<8x1024x1536xf32>
  %1 = bufferization.to_tensor %arg1 restrict : memref<8x1024xi32, 1> to tensor<8x1024xi32>
  %2 = tensor.empty() : tensor<8x1024xf32>
  %3 = scf.forall (%arg3) = (0) to (1024) step (128) shared_outs(%arg4 = %2) -> (tensor<8x1024xf32>) {
    %extracted_slice = tensor.extract_slice %0[0, %arg3, 0] [8, 128, 1536] [1, 1, 1] : tensor<8x1024x1536xf32> to tensor<8x128x1536xf32>
    %7 = tensor.empty() : tensor<8x128xf32>
    %8 = linalg.fill ins(%cst_2 : f32) outs(%7 : tensor<8x128xf32>) -> tensor<8x128xf32>
    %9 = linalg.generic {indexing_maps = [affine_map<(d0, d1, d2) -> (d0, d1, d2)>, affine_map<(d0, d1, d2) -> (d0, d1)>], iterator_types = ["parallel", "parallel", "reduction"]} ins(%extracted_slice : tensor<8x128x1536xf32>) outs(%8 : tensor<8x128xf32>) attrs =  {lowering_config = {mma_kind = 0 : i32, promoted_operands = [], reduction = [0, 0, 4], subgroup = [0, 0, 0], thread = [1, 8, 0], workgroup = [8, 128, 0]}} {
    ^bb0(%in: f32, %out: f32):
      %12 = arith.maximumf %in, %out : f32
      linalg.yield %12 : f32
    } -> tensor<8x128xf32>
    %extracted_slice_3 = tensor.extract_slice %arg4[0, %arg3] [8, 128] [1, 1] : tensor<8x1024xf32> to tensor<8x128xf32>
    %10 = linalg.fill ins(%cst_1 : f32) outs(%extracted_slice_3 : tensor<8x128xf32>) -> tensor<8x128xf32>
    %11 = linalg.generic {indexing_maps = [affine_map<(d0, d1, d2) -> (d0, d1, d2)>, affine_map<(d0, d1, d2) -> (d0, d1)>, affine_map<(d0, d1, d2) -> (d0, d1)>], iterator_types = ["parallel", "parallel", "reduction"]} ins(%extracted_slice, %9 : tensor<8x128x1536xf32>, tensor<8x128xf32>) outs(%10 : tensor<8x128xf32>) attrs =  {lowering_config = {mma_kind = 0 : i32, promoted_operands = [], reduction = [0, 0, 4], subgroup = [0, 0, 0], thread = [1, 8, 0], workgroup = [8, 128, 0]}} {
    ^bb0(%in: f32, %in_4: f32, %out: f32):
      %12 = arith.subf %in, %in_4 : f32
      %13 = math.exp %12 : f32
      %14 = arith.addf %13, %out : f32
      linalg.yield %14 : f32
    } -> tensor<8x128xf32>
    scf.forall.in_parallel {
      tensor.parallel_insert_slice %11 into %arg4[0, %arg3] [8, 128] [1, 1] : tensor<8x128xf32> into tensor<8x1024xf32>
    }
  } {mapping = [#gpu.block<x>]}
  %4 = tensor.empty() : tensor<f32>
  %5 = linalg.fill ins(%cst_1 : f32) outs(%4 : tensor<f32>) -> tensor<f32>
  %6 = scf.forall (%arg3) = (0) to (1024) step (128) shared_outs(%arg4 = %4) -> (tensor<f32>) {
    %extracted_slice = tensor.extract_slice %0[0, %arg3, 0] [8, 128, 1536] [1, 1, 1] : tensor<8x1024x1536xf32> to tensor<8x128x1536xf32>
    %7 = tensor.empty() : tensor<8x128xf32>
    %8 = linalg.fill ins(%cst_0 : f32) outs(%7 : tensor<8x128xf32>) -> tensor<8x128xf32>
    %9 = linalg.generic {indexing_maps = [affine_map<(d0, d1, d2) -> (d0, d1, d2)>, affine_map<(d0, d1, d2) -> (d0, d1)>], iterator_types = ["parallel", "parallel", "reduction"]} ins(%extracted_slice : tensor<8x128x1536xf32>) outs(%8 : tensor<8x128xf32>) attrs =  {lowering_config = {mma_kind = 0 : i32, promoted_operands = [], reduction = [0, 0, 4], subgroup = [0, 0, 0], thread = [1, 8, 0], workgroup = [8, 128, 0]}} {
    ^bb0(%in: f32, %out: f32):
      %12 = arith.maxnumf %in, %out : f32
      linalg.yield %12 : f32
    } -> tensor<8x128xf32>
    %extracted_slice_3 = tensor.extract_slice %3[0, %arg3] [8, 128] [1, 1] : tensor<8x1024xf32> to tensor<8x128xf32>
    %extracted_slice_4 = tensor.extract_slice %1[0, %arg3] [8, 128] [1, 1] : tensor<8x1024xi32> to tensor<8x128xi32>
    %10 = linalg.generic {indexing_maps = [affine_map<(d0, d1) -> (d0, d1)>, affine_map<(d0, d1) -> (d0, d1)>, affine_map<(d0, d1) -> (d0, d1)>, affine_map<(d0, d1) -> ()>], iterator_types = ["reduction", "reduction"]} ins(%extracted_slice_3, %9, %extracted_slice_4 : tensor<8x128xf32>, tensor<8x128xf32>, tensor<8x128xi32>) outs(%5 : tensor<f32>) attrs =  {lowering_config = {mma_kind = 0 : i32, promoted_operands = [], reduction = [4, 4], subgroup = [0, 0], thread = [0, 0], workgroup = [0, 0]}} {
    ^bb0(%in: f32, %in_5: f32, %in_6: i32, %out: f32):
      %12 = linalg.index 0 : index
      %13 = linalg.index 1 : index
      %14 = affine.apply affine_map<(d0)[s0] -> (d0 + s0)>(%arg3)[%13]
      %15 = arith.index_cast %in_6 : i32 to index
      %extracted = tensor.extract %0[%12, %14, %15] : tensor<8x1024x1536xf32>
      %16 = math.log %in : f32
      %17 = arith.addf %16, %in_5 : f32
      %18 = arith.subf %17, %extracted : f32
      %19 = arith.addf %18, %out : f32
      linalg.yield %19 : f32
    } -> tensor<f32>
    %11 = linalg.generic {indexing_maps = [affine_map<() -> ()>, affine_map<() -> ()>], iterator_types = []} ins(%10 : tensor<f32>) outs(%arg4 : tensor<f32>) attrs =  {lowering_config = {mma_kind = 0 : i32, promoted_operands = [], reduction = [], subgroup = [], thread = [], workgroup = []}} {
    ^bb0(%in: f32, %out: f32):
      %12 = arith.divf %in, %cst : f32
      linalg.yield %12 : f32
    } -> tensor<f32>
    scf.forall.in_parallel {
      tensor.parallel_insert_slice %11 into %arg4[] [] [] : tensor<f32> into tensor<f32>
    }
  } {mapping = [#gpu.block<x>]}
  %expanded = tensor.expand_shape %6 [] output_shape [1] : tensor<f32> into tensor<1xf32>
  bufferization.materialize_in_destination %expanded in writable %arg2 : (tensor<1xf32>, memref<1xf32, 1>) -> ()
  return
}

// -----// IR Dump After mlir::nova::NovaConfigTrackingCanonicalizerPass (nova-config-tracking-canonicalize) //----- //
func.func @main(%arg0: memref<8x1024x1536xf32, 1>, %arg1: memref<8x1024xi32, 1>, %arg2: memref<1xf32, 1> {bufferization.writable = true}) attributes {llvm.emit_c_interface} {
  %cst = arith.constant 8.192000e+03 : f32
  %cst_0 = arith.constant 0xFF800000 : f32
  %cst_1 = arith.constant 0.000000e+00 : f32
  %cst_2 = arith.constant -3.40282347E+38 : f32
  %0 = bufferization.to_tensor %arg0 restrict : memref<8x1024x1536xf32, 1> to tensor<8x1024x1536xf32>
  %1 = bufferization.to_tensor %arg1 restrict : memref<8x1024xi32, 1> to tensor<8x1024xi32>
  %2 = tensor.empty() : tensor<8x1024xf32>
  %3 = scf.forall (%arg3) = (0) to (1024) step (128) shared_outs(%arg4 = %2) -> (tensor<8x1024xf32>) {
    %extracted_slice = tensor.extract_slice %0[0, %arg3, 0] [8, 128, 1536] [1, 1, 1] : tensor<8x1024x1536xf32> to tensor<8x128x1536xf32>
    %7 = tensor.empty() : tensor<8x128xf32>
    %8 = linalg.fill ins(%cst_2 : f32) outs(%7 : tensor<8x128xf32>) -> tensor<8x128xf32>
    %9 = linalg.generic {indexing_maps = [affine_map<(d0, d1, d2) -> (d0, d1, d2)>, affine_map<(d0, d1, d2) -> (d0, d1)>], iterator_types = ["parallel", "parallel", "reduction"]} ins(%extracted_slice : tensor<8x128x1536xf32>) outs(%8 : tensor<8x128xf32>) attrs =  {lowering_config = {mma_kind = 0 : i32, promoted_operands = [], reduction = [0, 0, 4], subgroup = [0, 0, 0], thread = [1, 8, 0], workgroup = [8, 128, 0]}} {
    ^bb0(%in: f32, %out: f32):
      %12 = arith.maximumf %in, %out : f32
      linalg.yield %12 : f32
    } -> tensor<8x128xf32>
    %extracted_slice_3 = tensor.extract_slice %arg4[0, %arg3] [8, 128] [1, 1] : tensor<8x1024xf32> to tensor<8x128xf32>
    %10 = linalg.fill ins(%cst_1 : f32) outs(%extracted_slice_3 : tensor<8x128xf32>) -> tensor<8x128xf32>
    %11 = linalg.generic {indexing_maps = [affine_map<(d0, d1, d2) -> (d0, d1, d2)>, affine_map<(d0, d1, d2) -> (d0, d1)>, affine_map<(d0, d1, d2) -> (d0, d1)>], iterator_types = ["parallel", "parallel", "reduction"]} ins(%extracted_slice, %9 : tensor<8x128x1536xf32>, tensor<8x128xf32>) outs(%10 : tensor<8x128xf32>) attrs =  {lowering_config = {mma_kind = 0 : i32, promoted_operands = [], reduction = [0, 0, 4], subgroup = [0, 0, 0], thread = [1, 8, 0], workgroup = [8, 128, 0]}} {
    ^bb0(%in: f32, %in_4: f32, %out: f32):
      %12 = arith.subf %in, %in_4 : f32
      %13 = math.exp %12 : f32
      %14 = arith.addf %13, %out : f32
      linalg.yield %14 : f32
    } -> tensor<8x128xf32>
    scf.forall.in_parallel {
      tensor.parallel_insert_slice %11 into %arg4[0, %arg3] [8, 128] [1, 1] : tensor<8x128xf32> into tensor<8x1024xf32>
    }
  } {mapping = [#gpu.block<x>]}
  %4 = tensor.empty() : tensor<f32>
  %5 = linalg.fill ins(%cst_1 : f32) outs(%4 : tensor<f32>) -> tensor<f32>
  %6 = scf.forall (%arg3) = (0) to (1024) step (128) shared_outs(%arg4 = %4) -> (tensor<f32>) {
    %extracted_slice = tensor.extract_slice %0[0, %arg3, 0] [8, 128, 1536] [1, 1, 1] : tensor<8x1024x1536xf32> to tensor<8x128x1536xf32>
    %7 = tensor.empty() : tensor<8x128xf32>
    %8 = linalg.fill ins(%cst_0 : f32) outs(%7 : tensor<8x128xf32>) -> tensor<8x128xf32>
    %9 = linalg.generic {indexing_maps = [affine_map<(d0, d1, d2) -> (d0, d1, d2)>, affine_map<(d0, d1, d2) -> (d0, d1)>], iterator_types = ["parallel", "parallel", "reduction"]} ins(%extracted_slice : tensor<8x128x1536xf32>) outs(%8 : tensor<8x128xf32>) attrs =  {lowering_config = {mma_kind = 0 : i32, promoted_operands = [], reduction = [0, 0, 4], subgroup = [0, 0, 0], thread = [1, 8, 0], workgroup = [8, 128, 0]}} {
    ^bb0(%in: f32, %out: f32):
      %12 = arith.maxnumf %in, %out : f32
      linalg.yield %12 : f32
    } -> tensor<8x128xf32>
    %extracted_slice_3 = tensor.extract_slice %3[0, %arg3] [8, 128] [1, 1] : tensor<8x1024xf32> to tensor<8x128xf32>
    %extracted_slice_4 = tensor.extract_slice %1[0, %arg3] [8, 128] [1, 1] : tensor<8x1024xi32> to tensor<8x128xi32>
    %10 = linalg.generic {indexing_maps = [affine_map<(d0, d1) -> (d0, d1)>, affine_map<(d0, d1) -> (d0, d1)>, affine_map<(d0, d1) -> (d0, d1)>, affine_map<(d0, d1) -> ()>], iterator_types = ["reduction", "reduction"]} ins(%extracted_slice_3, %9, %extracted_slice_4 : tensor<8x128xf32>, tensor<8x128xf32>, tensor<8x128xi32>) outs(%5 : tensor<f32>) attrs =  {lowering_config = {mma_kind = 0 : i32, promoted_operands = [], reduction = [4, 4], subgroup = [0, 0], thread = [0, 0], workgroup = [0, 0]}} {
    ^bb0(%in: f32, %in_5: f32, %in_6: i32, %out: f32):
      %12 = linalg.index 0 : index
      %13 = linalg.index 1 : index
      %14 = affine.apply affine_map<(d0)[s0] -> (d0 + s0)>(%arg3)[%13]
      %15 = arith.index_cast %in_6 : i32 to index
      %extracted = tensor.extract %0[%12, %14, %15] : tensor<8x1024x1536xf32>
      %16 = math.log %in : f32
      %17 = arith.addf %16, %in_5 : f32
      %18 = arith.subf %17, %extracted : f32
      %19 = arith.addf %18, %out : f32
      linalg.yield %19 : f32
    } -> tensor<f32>
    %11 = linalg.generic {indexing_maps = [affine_map<() -> ()>, affine_map<() -> ()>], iterator_types = []} ins(%10 : tensor<f32>) outs(%arg4 : tensor<f32>) attrs =  {lowering_config = {mma_kind = 0 : i32, promoted_operands = [], reduction = [], subgroup = [], thread = [], workgroup = []}} {
    ^bb0(%in: f32, %out: f32):
      %12 = arith.divf %in, %cst : f32
      linalg.yield %12 : f32
    } -> tensor<f32>
    scf.forall.in_parallel {
      tensor.parallel_insert_slice %11 into %arg4[] [] [] : tensor<f32> into tensor<f32>
    }
  } {mapping = [#gpu.block<x>]}
  %expanded = tensor.expand_shape %6 [] output_shape [1] : tensor<f32> into tensor<1xf32>
  bufferization.materialize_in_destination %expanded in writable %arg2 : (tensor<1xf32>, memref<1xf32, 1>) -> ()
  return
}

// -----// IR Dump After CSE (cse) //----- //
#map = affine_map<(d0, d1, d2) -> (d0, d1, d2)>
#map1 = affine_map<(d0, d1, d2) -> (d0, d1)>
#map2 = affine_map<(d0, d1) -> (d0, d1)>
#map3 = affine_map<(d0, d1) -> ()>
#map4 = affine_map<(d0)[s0] -> (d0 + s0)>
#map5 = affine_map<() -> ()>
module {
  func.func @main(%arg0: memref<8x1024x1536xf32, 1>, %arg1: memref<8x1024xi32, 1>, %arg2: memref<1xf32, 1> {bufferization.writable = true}) attributes {llvm.emit_c_interface} {
    %cst = arith.constant 8.192000e+03 : f32
    %cst_0 = arith.constant 0xFF800000 : f32
    %cst_1 = arith.constant 0.000000e+00 : f32
    %cst_2 = arith.constant -3.40282347E+38 : f32
    %0 = bufferization.to_tensor %arg0 restrict : memref<8x1024x1536xf32, 1> to tensor<8x1024x1536xf32>
    %1 = bufferization.to_tensor %arg1 restrict : memref<8x1024xi32, 1> to tensor<8x1024xi32>
    %2 = tensor.empty() : tensor<8x1024xf32>
    %3 = scf.forall (%arg3) = (0) to (1024) step (128) shared_outs(%arg4 = %2) -> (tensor<8x1024xf32>) {
      %extracted_slice = tensor.extract_slice %0[0, %arg3, 0] [8, 128, 1536] [1, 1, 1] : tensor<8x1024x1536xf32> to tensor<8x128x1536xf32>
      %7 = tensor.empty() : tensor<8x128xf32>
      %8 = linalg.fill ins(%cst_2 : f32) outs(%7 : tensor<8x128xf32>) -> tensor<8x128xf32>
      %9 = linalg.generic {indexing_maps = [#map, #map1], iterator_types = ["parallel", "parallel", "reduction"]} ins(%extracted_slice : tensor<8x128x1536xf32>) outs(%8 : tensor<8x128xf32>) attrs =  {lowering_config = {mma_kind = 0 : i32, promoted_operands = [], reduction = [0, 0, 4], subgroup = [0, 0, 0], thread = [1, 8, 0], workgroup = [8, 128, 0]}} {
      ^bb0(%in: f32, %out: f32):
        %12 = arith.maximumf %in, %out : f32
        linalg.yield %12 : f32
      } -> tensor<8x128xf32>
      %extracted_slice_3 = tensor.extract_slice %arg4[0, %arg3] [8, 128] [1, 1] : tensor<8x1024xf32> to tensor<8x128xf32>
      %10 = linalg.fill ins(%cst_1 : f32) outs(%extracted_slice_3 : tensor<8x128xf32>) -> tensor<8x128xf32>
      %11 = linalg.generic {indexing_maps = [#map, #map1, #map1], iterator_types = ["parallel", "parallel", "reduction"]} ins(%extracted_slice, %9 : tensor<8x128x1536xf32>, tensor<8x128xf32>) outs(%10 : tensor<8x128xf32>) attrs =  {lowering_config = {mma_kind = 0 : i32, promoted_operands = [], reduction = [0, 0, 4], subgroup = [0, 0, 0], thread = [1, 8, 0], workgroup = [8, 128, 0]}} {
      ^bb0(%in: f32, %in_4: f32, %out: f32):
        %12 = arith.subf %in, %in_4 : f32
        %13 = math.exp %12 : f32
        %14 = arith.addf %13, %out : f32
        linalg.yield %14 : f32
      } -> tensor<8x128xf32>
      scf.forall.in_parallel {
        tensor.parallel_insert_slice %11 into %arg4[0, %arg3] [8, 128] [1, 1] : tensor<8x128xf32> into tensor<8x1024xf32>
      }
    } {mapping = [#gpu.block<x>]}
    %4 = tensor.empty() : tensor<f32>
    %5 = linalg.fill ins(%cst_1 : f32) outs(%4 : tensor<f32>) -> tensor<f32>
    %6 = scf.forall (%arg3) = (0) to (1024) step (128) shared_outs(%arg4 = %4) -> (tensor<f32>) {
      %extracted_slice = tensor.extract_slice %0[0, %arg3, 0] [8, 128, 1536] [1, 1, 1] : tensor<8x1024x1536xf32> to tensor<8x128x1536xf32>
      %7 = tensor.empty() : tensor<8x128xf32>
      %8 = linalg.fill ins(%cst_0 : f32) outs(%7 : tensor<8x128xf32>) -> tensor<8x128xf32>
      %9 = linalg.generic {indexing_maps = [#map, #map1], iterator_types = ["parallel", "parallel", "reduction"]} ins(%extracted_slice : tensor<8x128x1536xf32>) outs(%8 : tensor<8x128xf32>) attrs =  {lowering_config = {mma_kind = 0 : i32, promoted_operands = [], reduction = [0, 0, 4], subgroup = [0, 0, 0], thread = [1, 8, 0], workgroup = [8, 128, 0]}} {
      ^bb0(%in: f32, %out: f32):
        %12 = arith.maxnumf %in, %out : f32
        linalg.yield %12 : f32
      } -> tensor<8x128xf32>
      %extracted_slice_3 = tensor.extract_slice %3[0, %arg3] [8, 128] [1, 1] : tensor<8x1024xf32> to tensor<8x128xf32>
      %extracted_slice_4 = tensor.extract_slice %1[0, %arg3] [8, 128] [1, 1] : tensor<8x1024xi32> to tensor<8x128xi32>
      %10 = linalg.generic {indexing_maps = [#map2, #map2, #map2, #map3], iterator_types = ["reduction", "reduction"]} ins(%extracted_slice_3, %9, %extracted_slice_4 : tensor<8x128xf32>, tensor<8x128xf32>, tensor<8x128xi32>) outs(%5 : tensor<f32>) attrs =  {lowering_config = {mma_kind = 0 : i32, promoted_operands = [], reduction = [4, 4], subgroup = [0, 0], thread = [0, 0], workgroup = [0, 0]}} {
      ^bb0(%in: f32, %in_5: f32, %in_6: i32, %out: f32):
        %12 = linalg.index 0 : index
        %13 = linalg.index 1 : index
        %14 = affine.apply #map4(%arg3)[%13]
        %15 = arith.index_cast %in_6 : i32 to index
        %extracted = tensor.extract %0[%12, %14, %15] : tensor<8x1024x1536xf32>
        %16 = math.log %in : f32
        %17 = arith.addf %16, %in_5 : f32
        %18 = arith.subf %17, %extracted : f32
        %19 = arith.addf %18, %out : f32
        linalg.yield %19 : f32
      } -> tensor<f32>
      %11 = linalg.generic {indexing_maps = [#map5, #map5], iterator_types = []} ins(%10 : tensor<f32>) outs(%arg4 : tensor<f32>) attrs =  {lowering_config = {mma_kind = 0 : i32, promoted_operands = [], reduction = [], subgroup = [], thread = [], workgroup = []}} {
      ^bb0(%in: f32, %out: f32):
        %12 = arith.divf %in, %cst : f32
        linalg.yield %12 : f32
      } -> tensor<f32>
      scf.forall.in_parallel {
        tensor.parallel_insert_slice %11 into %arg4[] [] [] : tensor<f32> into tensor<f32>
      }
    } {mapping = [#gpu.block<x>]}
    %expanded = tensor.expand_shape %6 [] output_shape [1] : tensor<f32> into tensor<1xf32>
    bufferization.materialize_in_destination %expanded in writable %arg2 : (tensor<1xf32>, memref<1xf32, 1>) -> ()
    return
  }
}


// -----// IR Dump After mlir::nova::NovaGPUApplyTilingLevelReductionPass (nova-gpu-apply-tiling-level-reduction) //----- //
func.func @main(%arg0: memref<8x1024x1536xf32, 1>, %arg1: memref<8x1024xi32, 1>, %arg2: memref<1xf32, 1> {bufferization.writable = true}) attributes {llvm.emit_c_interface} {
  %c128 = arith.constant 128 : index
  %c8 = arith.constant 8 : index
  %c4 = arith.constant 4 : index
  %c1536 = arith.constant 1536 : index
  %c0 = arith.constant 0 : index
  %cst = arith.constant 8.192000e+03 : f32
  %cst_0 = arith.constant 0xFF800000 : f32
  %cst_1 = arith.constant 0.000000e+00 : f32
  %cst_2 = arith.constant -3.40282347E+38 : f32
  %0 = bufferization.to_tensor %arg0 restrict : memref<8x1024x1536xf32, 1> to tensor<8x1024x1536xf32>
  %1 = bufferization.to_tensor %arg1 restrict : memref<8x1024xi32, 1> to tensor<8x1024xi32>
  %2 = tensor.empty() : tensor<8x1024xf32>
  %3 = scf.forall (%arg3) = (0) to (1024) step (128) shared_outs(%arg4 = %2) -> (tensor<8x1024xf32>) {
    %7 = tensor.empty() : tensor<8x128xf32>
    %8 = linalg.fill ins(%cst_2 : f32) outs(%7 : tensor<8x128xf32>) -> tensor<8x128xf32>
    %9 = scf.for %arg5 = %c0 to %c1536 step %c4 iter_args(%arg6 = %8) -> (tensor<8x128xf32>) {
      %extracted_slice_3 = tensor.extract_slice %0[0, %arg3, %arg5] [8, 128, 4] [1, 1, 1] : tensor<8x1024x1536xf32> to tensor<8x128x4xf32>
      %12 = linalg.generic {indexing_maps = [affine_map<(d0, d1, d2) -> (d0, d1, d2)>, affine_map<(d0, d1, d2) -> (d0, d1)>], iterator_types = ["parallel", "parallel", "reduction"]} ins(%extracted_slice_3 : tensor<8x128x4xf32>) outs(%arg6 : tensor<8x128xf32>) attrs =  {lowering_config = {mma_kind = 0 : i32, promoted_operands = [], reduction = [0, 0, 4], subgroup = [0, 0, 0], thread = [1, 8, 0], workgroup = [8, 128, 0]}} {
      ^bb0(%in: f32, %out: f32):
        %13 = arith.maximumf %in, %out : f32
        linalg.yield %13 : f32
      } -> tensor<8x128xf32>
      scf.yield %12 : tensor<8x128xf32>
    }
    %extracted_slice = tensor.extract_slice %arg4[0, %arg3] [8, 128] [1, 1] : tensor<8x1024xf32> to tensor<8x128xf32>
    %10 = linalg.fill ins(%cst_1 : f32) outs(%extracted_slice : tensor<8x128xf32>) -> tensor<8x128xf32>
    %11 = scf.for %arg5 = %c0 to %c1536 step %c4 iter_args(%arg6 = %10) -> (tensor<8x128xf32>) {
      %extracted_slice_3 = tensor.extract_slice %0[0, %arg3, %arg5] [8, 128, 4] [1, 1, 1] : tensor<8x1024x1536xf32> to tensor<8x128x4xf32>
      %12 = linalg.generic {indexing_maps = [affine_map<(d0, d1, d2) -> (d0, d1, d2)>, affine_map<(d0, d1, d2) -> (d0, d1)>, affine_map<(d0, d1, d2) -> (d0, d1)>], iterator_types = ["parallel", "parallel", "reduction"]} ins(%extracted_slice_3, %9 : tensor<8x128x4xf32>, tensor<8x128xf32>) outs(%arg6 : tensor<8x128xf32>) attrs =  {lowering_config = {mma_kind = 0 : i32, promoted_operands = [], reduction = [0, 0, 4], subgroup = [0, 0, 0], thread = [1, 8, 0], workgroup = [8, 128, 0]}} {
      ^bb0(%in: f32, %in_4: f32, %out: f32):
        %13 = arith.subf %in, %in_4 : f32
        %14 = math.exp %13 : f32
        %15 = arith.addf %14, %out : f32
        linalg.yield %15 : f32
      } -> tensor<8x128xf32>
      scf.yield %12 : tensor<8x128xf32>
    }
    scf.forall.in_parallel {
      tensor.parallel_insert_slice %11 into %arg4[0, %arg3] [8, 128] [1, 1] : tensor<8x128xf32> into tensor<8x1024xf32>
    }
  } {mapping = [#gpu.block<x>]}
  %4 = tensor.empty() : tensor<f32>
  %5 = linalg.fill ins(%cst_1 : f32) outs(%4 : tensor<f32>) -> tensor<f32>
  %6 = scf.forall (%arg3) = (0) to (1024) step (128) shared_outs(%arg4 = %4) -> (tensor<f32>) {
    %7 = tensor.empty() : tensor<8x128xf32>
    %8 = linalg.fill ins(%cst_0 : f32) outs(%7 : tensor<8x128xf32>) -> tensor<8x128xf32>
    %9 = scf.for %arg5 = %c0 to %c1536 step %c4 iter_args(%arg6 = %8) -> (tensor<8x128xf32>) {
      %extracted_slice = tensor.extract_slice %0[0, %arg3, %arg5] [8, 128, 4] [1, 1, 1] : tensor<8x1024x1536xf32> to tensor<8x128x4xf32>
      %12 = linalg.generic {indexing_maps = [affine_map<(d0, d1, d2) -> (d0, d1, d2)>, affine_map<(d0, d1, d2) -> (d0, d1)>], iterator_types = ["parallel", "parallel", "reduction"]} ins(%extracted_slice : tensor<8x128x4xf32>) outs(%arg6 : tensor<8x128xf32>) attrs =  {lowering_config = {mma_kind = 0 : i32, promoted_operands = [], reduction = [0, 0, 4], subgroup = [0, 0, 0], thread = [1, 8, 0], workgroup = [8, 128, 0]}} {
      ^bb0(%in: f32, %out: f32):
        %13 = arith.maxnumf %in, %out : f32
        linalg.yield %13 : f32
      } -> tensor<8x128xf32>
      scf.yield %12 : tensor<8x128xf32>
    }
    %10 = scf.for %arg5 = %c0 to %c8 step %c4 iter_args(%arg6 = %5) -> (tensor<f32>) {
      %12 = scf.for %arg7 = %c0 to %c128 step %c4 iter_args(%arg8 = %arg6) -> (tensor<f32>) {
        %13 = affine.apply affine_map<()[s0, s1] -> (s0 + s1)>()[%arg7, %arg3]
        %extracted_slice = tensor.extract_slice %3[%arg5, %13] [4, 4] [1, 1] : tensor<8x1024xf32> to tensor<4x4xf32>
        %extracted_slice_3 = tensor.extract_slice %9[%arg5, %arg7] [4, 4] [1, 1] : tensor<8x128xf32> to tensor<4x4xf32>
        %14 = affine.apply affine_map<()[s0, s1] -> (s0 + s1)>()[%arg7, %arg3]
        %extracted_slice_4 = tensor.extract_slice %1[%arg5, %14] [4, 4] [1, 1] : tensor<8x1024xi32> to tensor<4x4xi32>
        %15 = linalg.generic {indexing_maps = [affine_map<(d0, d1) -> (d0, d1)>, affine_map<(d0, d1) -> (d0, d1)>, affine_map<(d0, d1) -> (d0, d1)>, affine_map<(d0, d1) -> ()>], iterator_types = ["reduction", "reduction"]} ins(%extracted_slice, %extracted_slice_3, %extracted_slice_4 : tensor<4x4xf32>, tensor<4x4xf32>, tensor<4x4xi32>) outs(%arg8 : tensor<f32>) attrs =  {lowering_config = {mma_kind = 0 : i32, promoted_operands = [], reduction = [4, 4], subgroup = [0, 0], thread = [0, 0], workgroup = [0, 0]}} {
        ^bb0(%in: f32, %in_5: f32, %in_6: i32, %out: f32):
          %16 = linalg.index 0 : index
          %17 = affine.apply affine_map<(d0)[s0] -> (d0 + s0)>(%arg5)[%16]
          %18 = linalg.index 1 : index
          %19 = affine.apply affine_map<(d0, d1)[s0] -> (d0 + d1 + s0)>(%arg3, %arg7)[%18]
          %20 = arith.index_cast %in_6 : i32 to index
          %extracted = tensor.extract %0[%17, %19, %20] : tensor<8x1024x1536xf32>
          %21 = math.log %in : f32
          %22 = arith.addf %21, %in_5 : f32
          %23 = arith.subf %22, %extracted : f32
          %24 = arith.addf %23, %out : f32
          linalg.yield %24 : f32
        } -> tensor<f32>
        scf.yield %15 : tensor<f32>
      }
      scf.yield %12 : tensor<f32>
    }
    %11 = linalg.generic {indexing_maps = [affine_map<() -> ()>, affine_map<() -> ()>], iterator_types = []} ins(%10 : tensor<f32>) outs(%arg4 : tensor<f32>) attrs =  {lowering_config = {mma_kind = 0 : i32, promoted_operands = [], reduction = [], subgroup = [], thread = [], workgroup = []}} {
    ^bb0(%in: f32, %out: f32):
      %12 = arith.divf %in, %cst : f32
      linalg.yield %12 : f32
    } -> tensor<f32>
    scf.forall.in_parallel {
      tensor.parallel_insert_slice %11 into %arg4[] [] [] : tensor<f32> into tensor<f32>
    }
  } {mapping = [#gpu.block<x>]}
  %expanded = tensor.expand_shape %6 [] output_shape [1] : tensor<f32> into tensor<1xf32>
  bufferization.materialize_in_destination %expanded in writable %arg2 : (tensor<1xf32>, memref<1xf32, 1>) -> ()
  return
}

// -----// IR Dump After mlir::nova::NovaConfigTrackingCanonicalizerPass (nova-config-tracking-canonicalize) //----- //
func.func @main(%arg0: memref<8x1024x1536xf32, 1>, %arg1: memref<8x1024xi32, 1>, %arg2: memref<1xf32, 1> {bufferization.writable = true}) attributes {llvm.emit_c_interface} {
  %c128 = arith.constant 128 : index
  %c8 = arith.constant 8 : index
  %c4 = arith.constant 4 : index
  %c1536 = arith.constant 1536 : index
  %c0 = arith.constant 0 : index
  %cst = arith.constant 8.192000e+03 : f32
  %cst_0 = arith.constant 0xFF800000 : f32
  %cst_1 = arith.constant 0.000000e+00 : f32
  %cst_2 = arith.constant -3.40282347E+38 : f32
  %0 = bufferization.to_tensor %arg0 restrict : memref<8x1024x1536xf32, 1> to tensor<8x1024x1536xf32>
  %1 = bufferization.to_tensor %arg1 restrict : memref<8x1024xi32, 1> to tensor<8x1024xi32>
  %2 = tensor.empty() : tensor<8x1024xf32>
  %3 = scf.forall (%arg3) = (0) to (1024) step (128) shared_outs(%arg4 = %2) -> (tensor<8x1024xf32>) {
    %7 = tensor.empty() : tensor<8x128xf32>
    %8 = linalg.fill ins(%cst_2 : f32) outs(%7 : tensor<8x128xf32>) -> tensor<8x128xf32>
    %9 = scf.for %arg5 = %c0 to %c1536 step %c4 iter_args(%arg6 = %8) -> (tensor<8x128xf32>) {
      %extracted_slice_3 = tensor.extract_slice %0[0, %arg3, %arg5] [8, 128, 4] [1, 1, 1] : tensor<8x1024x1536xf32> to tensor<8x128x4xf32>
      %12 = linalg.generic {indexing_maps = [affine_map<(d0, d1, d2) -> (d0, d1, d2)>, affine_map<(d0, d1, d2) -> (d0, d1)>], iterator_types = ["parallel", "parallel", "reduction"]} ins(%extracted_slice_3 : tensor<8x128x4xf32>) outs(%arg6 : tensor<8x128xf32>) attrs =  {lowering_config = {mma_kind = 0 : i32, promoted_operands = [], reduction = [0, 0, 4], subgroup = [0, 0, 0], thread = [1, 8, 0], workgroup = [8, 128, 0]}} {
      ^bb0(%in: f32, %out: f32):
        %13 = arith.maximumf %in, %out : f32
        linalg.yield %13 : f32
      } -> tensor<8x128xf32>
      scf.yield %12 : tensor<8x128xf32>
    }
    %extracted_slice = tensor.extract_slice %arg4[0, %arg3] [8, 128] [1, 1] : tensor<8x1024xf32> to tensor<8x128xf32>
    %10 = linalg.fill ins(%cst_1 : f32) outs(%extracted_slice : tensor<8x128xf32>) -> tensor<8x128xf32>
    %11 = scf.for %arg5 = %c0 to %c1536 step %c4 iter_args(%arg6 = %10) -> (tensor<8x128xf32>) {
      %extracted_slice_3 = tensor.extract_slice %0[0, %arg3, %arg5] [8, 128, 4] [1, 1, 1] : tensor<8x1024x1536xf32> to tensor<8x128x4xf32>
      %12 = linalg.generic {indexing_maps = [affine_map<(d0, d1, d2) -> (d0, d1, d2)>, affine_map<(d0, d1, d2) -> (d0, d1)>, affine_map<(d0, d1, d2) -> (d0, d1)>], iterator_types = ["parallel", "parallel", "reduction"]} ins(%extracted_slice_3, %9 : tensor<8x128x4xf32>, tensor<8x128xf32>) outs(%arg6 : tensor<8x128xf32>) attrs =  {lowering_config = {mma_kind = 0 : i32, promoted_operands = [], reduction = [0, 0, 4], subgroup = [0, 0, 0], thread = [1, 8, 0], workgroup = [8, 128, 0]}} {
      ^bb0(%in: f32, %in_4: f32, %out: f32):
        %13 = arith.subf %in, %in_4 : f32
        %14 = math.exp %13 : f32
        %15 = arith.addf %14, %out : f32
        linalg.yield %15 : f32
      } -> tensor<8x128xf32>
      scf.yield %12 : tensor<8x128xf32>
    }
    scf.forall.in_parallel {
      tensor.parallel_insert_slice %11 into %arg4[0, %arg3] [8, 128] [1, 1] : tensor<8x128xf32> into tensor<8x1024xf32>
    }
  } {mapping = [#gpu.block<x>]}
  %4 = tensor.empty() : tensor<f32>
  %5 = linalg.fill ins(%cst_1 : f32) outs(%4 : tensor<f32>) -> tensor<f32>
  %6 = scf.forall (%arg3) = (0) to (1024) step (128) shared_outs(%arg4 = %4) -> (tensor<f32>) {
    %7 = tensor.empty() : tensor<8x128xf32>
    %8 = linalg.fill ins(%cst_0 : f32) outs(%7 : tensor<8x128xf32>) -> tensor<8x128xf32>
    %9 = scf.for %arg5 = %c0 to %c1536 step %c4 iter_args(%arg6 = %8) -> (tensor<8x128xf32>) {
      %extracted_slice = tensor.extract_slice %0[0, %arg3, %arg5] [8, 128, 4] [1, 1, 1] : tensor<8x1024x1536xf32> to tensor<8x128x4xf32>
      %12 = linalg.generic {indexing_maps = [affine_map<(d0, d1, d2) -> (d0, d1, d2)>, affine_map<(d0, d1, d2) -> (d0, d1)>], iterator_types = ["parallel", "parallel", "reduction"]} ins(%extracted_slice : tensor<8x128x4xf32>) outs(%arg6 : tensor<8x128xf32>) attrs =  {lowering_config = {mma_kind = 0 : i32, promoted_operands = [], reduction = [0, 0, 4], subgroup = [0, 0, 0], thread = [1, 8, 0], workgroup = [8, 128, 0]}} {
      ^bb0(%in: f32, %out: f32):
        %13 = arith.maxnumf %in, %out : f32
        linalg.yield %13 : f32
      } -> tensor<8x128xf32>
      scf.yield %12 : tensor<8x128xf32>
    }
    %10 = scf.for %arg5 = %c0 to %c8 step %c4 iter_args(%arg6 = %5) -> (tensor<f32>) {
      %12 = scf.for %arg7 = %c0 to %c128 step %c4 iter_args(%arg8 = %arg6) -> (tensor<f32>) {
        %13 = affine.apply affine_map<()[s0, s1] -> (s0 + s1)>()[%arg7, %arg3]
        %extracted_slice = tensor.extract_slice %3[%arg5, %13] [4, 4] [1, 1] : tensor<8x1024xf32> to tensor<4x4xf32>
        %extracted_slice_3 = tensor.extract_slice %9[%arg5, %arg7] [4, 4] [1, 1] : tensor<8x128xf32> to tensor<4x4xf32>
        %14 = affine.apply affine_map<()[s0, s1] -> (s0 + s1)>()[%arg7, %arg3]
        %extracted_slice_4 = tensor.extract_slice %1[%arg5, %14] [4, 4] [1, 1] : tensor<8x1024xi32> to tensor<4x4xi32>
        %15 = linalg.generic {indexing_maps = [affine_map<(d0, d1) -> (d0, d1)>, affine_map<(d0, d1) -> (d0, d1)>, affine_map<(d0, d1) -> (d0, d1)>, affine_map<(d0, d1) -> ()>], iterator_types = ["reduction", "reduction"]} ins(%extracted_slice, %extracted_slice_3, %extracted_slice_4 : tensor<4x4xf32>, tensor<4x4xf32>, tensor<4x4xi32>) outs(%arg8 : tensor<f32>) attrs =  {lowering_config = {mma_kind = 0 : i32, promoted_operands = [], reduction = [4, 4], subgroup = [0, 0], thread = [0, 0], workgroup = [0, 0]}} {
        ^bb0(%in: f32, %in_5: f32, %in_6: i32, %out: f32):
          %16 = linalg.index 0 : index
          %17 = affine.apply affine_map<(d0)[s0] -> (d0 + s0)>(%arg5)[%16]
          %18 = linalg.index 1 : index
          %19 = affine.apply affine_map<(d0, d1)[s0] -> (d0 + d1 + s0)>(%arg3, %arg7)[%18]
          %20 = arith.index_cast %in_6 : i32 to index
          %extracted = tensor.extract %0[%17, %19, %20] : tensor<8x1024x1536xf32>
          %21 = math.log %in : f32
          %22 = arith.addf %21, %in_5 : f32
          %23 = arith.subf %22, %extracted : f32
          %24 = arith.addf %23, %out : f32
          linalg.yield %24 : f32
        } -> tensor<f32>
        scf.yield %15 : tensor<f32>
      }
      scf.yield %12 : tensor<f32>
    }
    %11 = linalg.generic {indexing_maps = [affine_map<() -> ()>, affine_map<() -> ()>], iterator_types = []} ins(%10 : tensor<f32>) outs(%arg4 : tensor<f32>) attrs =  {lowering_config = {mma_kind = 0 : i32, promoted_operands = [], reduction = [], subgroup = [], thread = [], workgroup = []}} {
    ^bb0(%in: f32, %out: f32):
      %12 = arith.divf %in, %cst : f32
      linalg.yield %12 : f32
    } -> tensor<f32>
    scf.forall.in_parallel {
      tensor.parallel_insert_slice %11 into %arg4[] [] [] : tensor<f32> into tensor<f32>
    }
  } {mapping = [#gpu.block<x>]}
  %expanded = tensor.expand_shape %6 [] output_shape [1] : tensor<f32> into tensor<1xf32>
  bufferization.materialize_in_destination %expanded in writable %arg2 : (tensor<1xf32>, memref<1xf32, 1>) -> ()
  return
}

// -----// IR Dump After CSE (cse) //----- //
#map = affine_map<(d0, d1, d2) -> (d0, d1, d2)>
#map1 = affine_map<(d0, d1, d2) -> (d0, d1)>
#map2 = affine_map<()[s0, s1] -> (s0 + s1)>
#map3 = affine_map<(d0, d1) -> (d0, d1)>
#map4 = affine_map<(d0, d1) -> ()>
#map5 = affine_map<(d0)[s0] -> (d0 + s0)>
#map6 = affine_map<(d0, d1)[s0] -> (d0 + d1 + s0)>
#map7 = affine_map<() -> ()>
module {
  func.func @main(%arg0: memref<8x1024x1536xf32, 1>, %arg1: memref<8x1024xi32, 1>, %arg2: memref<1xf32, 1> {bufferization.writable = true}) attributes {llvm.emit_c_interface} {
    %c128 = arith.constant 128 : index
    %c8 = arith.constant 8 : index
    %c4 = arith.constant 4 : index
    %c1536 = arith.constant 1536 : index
    %c0 = arith.constant 0 : index
    %cst = arith.constant 8.192000e+03 : f32
    %cst_0 = arith.constant 0xFF800000 : f32
    %cst_1 = arith.constant 0.000000e+00 : f32
    %cst_2 = arith.constant -3.40282347E+38 : f32
    %0 = bufferization.to_tensor %arg0 restrict : memref<8x1024x1536xf32, 1> to tensor<8x1024x1536xf32>
    %1 = bufferization.to_tensor %arg1 restrict : memref<8x1024xi32, 1> to tensor<8x1024xi32>
    %2 = tensor.empty() : tensor<8x1024xf32>
    %3 = scf.forall (%arg3) = (0) to (1024) step (128) shared_outs(%arg4 = %2) -> (tensor<8x1024xf32>) {
      %7 = tensor.empty() : tensor<8x128xf32>
      %8 = linalg.fill ins(%cst_2 : f32) outs(%7 : tensor<8x128xf32>) -> tensor<8x128xf32>
      %9 = scf.for %arg5 = %c0 to %c1536 step %c4 iter_args(%arg6 = %8) -> (tensor<8x128xf32>) {
        %extracted_slice_3 = tensor.extract_slice %0[0, %arg3, %arg5] [8, 128, 4] [1, 1, 1] : tensor<8x1024x1536xf32> to tensor<8x128x4xf32>
        %12 = linalg.generic {indexing_maps = [#map, #map1], iterator_types = ["parallel", "parallel", "reduction"]} ins(%extracted_slice_3 : tensor<8x128x4xf32>) outs(%arg6 : tensor<8x128xf32>) attrs =  {lowering_config = {mma_kind = 0 : i32, promoted_operands = [], reduction = [0, 0, 4], subgroup = [0, 0, 0], thread = [1, 8, 0], workgroup = [8, 128, 0]}} {
        ^bb0(%in: f32, %out: f32):
          %13 = arith.maximumf %in, %out : f32
          linalg.yield %13 : f32
        } -> tensor<8x128xf32>
        scf.yield %12 : tensor<8x128xf32>
      }
      %extracted_slice = tensor.extract_slice %arg4[0, %arg3] [8, 128] [1, 1] : tensor<8x1024xf32> to tensor<8x128xf32>
      %10 = linalg.fill ins(%cst_1 : f32) outs(%extracted_slice : tensor<8x128xf32>) -> tensor<8x128xf32>
      %11 = scf.for %arg5 = %c0 to %c1536 step %c4 iter_args(%arg6 = %10) -> (tensor<8x128xf32>) {
        %extracted_slice_3 = tensor.extract_slice %0[0, %arg3, %arg5] [8, 128, 4] [1, 1, 1] : tensor<8x1024x1536xf32> to tensor<8x128x4xf32>
        %12 = linalg.generic {indexing_maps = [#map, #map1, #map1], iterator_types = ["parallel", "parallel", "reduction"]} ins(%extracted_slice_3, %9 : tensor<8x128x4xf32>, tensor<8x128xf32>) outs(%arg6 : tensor<8x128xf32>) attrs =  {lowering_config = {mma_kind = 0 : i32, promoted_operands = [], reduction = [0, 0, 4], subgroup = [0, 0, 0], thread = [1, 8, 0], workgroup = [8, 128, 0]}} {
        ^bb0(%in: f32, %in_4: f32, %out: f32):
          %13 = arith.subf %in, %in_4 : f32
          %14 = math.exp %13 : f32
          %15 = arith.addf %14, %out : f32
          linalg.yield %15 : f32
        } -> tensor<8x128xf32>
        scf.yield %12 : tensor<8x128xf32>
      }
      scf.forall.in_parallel {
        tensor.parallel_insert_slice %11 into %arg4[0, %arg3] [8, 128] [1, 1] : tensor<8x128xf32> into tensor<8x1024xf32>
      }
    } {mapping = [#gpu.block<x>]}
    %4 = tensor.empty() : tensor<f32>
    %5 = linalg.fill ins(%cst_1 : f32) outs(%4 : tensor<f32>) -> tensor<f32>
    %6 = scf.forall (%arg3) = (0) to (1024) step (128) shared_outs(%arg4 = %4) -> (tensor<f32>) {
      %7 = tensor.empty() : tensor<8x128xf32>
      %8 = linalg.fill ins(%cst_0 : f32) outs(%7 : tensor<8x128xf32>) -> tensor<8x128xf32>
      %9 = scf.for %arg5 = %c0 to %c1536 step %c4 iter_args(%arg6 = %8) -> (tensor<8x128xf32>) {
        %extracted_slice = tensor.extract_slice %0[0, %arg3, %arg5] [8, 128, 4] [1, 1, 1] : tensor<8x1024x1536xf32> to tensor<8x128x4xf32>
        %12 = linalg.generic {indexing_maps = [#map, #map1], iterator_types = ["parallel", "parallel", "reduction"]} ins(%extracted_slice : tensor<8x128x4xf32>) outs(%arg6 : tensor<8x128xf32>) attrs =  {lowering_config = {mma_kind = 0 : i32, promoted_operands = [], reduction = [0, 0, 4], subgroup = [0, 0, 0], thread = [1, 8, 0], workgroup = [8, 128, 0]}} {
        ^bb0(%in: f32, %out: f32):
          %13 = arith.maxnumf %in, %out : f32
          linalg.yield %13 : f32
        } -> tensor<8x128xf32>
        scf.yield %12 : tensor<8x128xf32>
      }
      %10 = scf.for %arg5 = %c0 to %c8 step %c4 iter_args(%arg6 = %5) -> (tensor<f32>) {
        %12 = scf.for %arg7 = %c0 to %c128 step %c4 iter_args(%arg8 = %arg6) -> (tensor<f32>) {
          %13 = affine.apply #map2()[%arg7, %arg3]
          %extracted_slice = tensor.extract_slice %3[%arg5, %13] [4, 4] [1, 1] : tensor<8x1024xf32> to tensor<4x4xf32>
          %extracted_slice_3 = tensor.extract_slice %9[%arg5, %arg7] [4, 4] [1, 1] : tensor<8x128xf32> to tensor<4x4xf32>
          %extracted_slice_4 = tensor.extract_slice %1[%arg5, %13] [4, 4] [1, 1] : tensor<8x1024xi32> to tensor<4x4xi32>
          %14 = linalg.generic {indexing_maps = [#map3, #map3, #map3, #map4], iterator_types = ["reduction", "reduction"]} ins(%extracted_slice, %extracted_slice_3, %extracted_slice_4 : tensor<4x4xf32>, tensor<4x4xf32>, tensor<4x4xi32>) outs(%arg8 : tensor<f32>) attrs =  {lowering_config = {mma_kind = 0 : i32, promoted_operands = [], reduction = [4, 4], subgroup = [0, 0], thread = [0, 0], workgroup = [0, 0]}} {
          ^bb0(%in: f32, %in_5: f32, %in_6: i32, %out: f32):
            %15 = linalg.index 0 : index
            %16 = affine.apply #map5(%arg5)[%15]
            %17 = linalg.index 1 : index
            %18 = affine.apply #map6(%arg3, %arg7)[%17]
            %19 = arith.index_cast %in_6 : i32 to index
            %extracted = tensor.extract %0[%16, %18, %19] : tensor<8x1024x1536xf32>
            %20 = math.log %in : f32
            %21 = arith.addf %20, %in_5 : f32
            %22 = arith.subf %21, %extracted : f32
            %23 = arith.addf %22, %out : f32
            linalg.yield %23 : f32
          } -> tensor<f32>
          scf.yield %14 : tensor<f32>
        }
        scf.yield %12 : tensor<f32>
      }
      %11 = linalg.generic {indexing_maps = [#map7, #map7], iterator_types = []} ins(%10 : tensor<f32>) outs(%arg4 : tensor<f32>) attrs =  {lowering_config = {mma_kind = 0 : i32, promoted_operands = [], reduction = [], subgroup = [], thread = [], workgroup = []}} {
      ^bb0(%in: f32, %out: f32):
        %12 = arith.divf %in, %cst : f32
        linalg.yield %12 : f32
      } -> tensor<f32>
      scf.forall.in_parallel {
        tensor.parallel_insert_slice %11 into %arg4[] [] [] : tensor<f32> into tensor<f32>
      }
    } {mapping = [#gpu.block<x>]}
    %expanded = tensor.expand_shape %6 [] output_shape [1] : tensor<f32> into tensor<1xf32>
    bufferization.materialize_in_destination %expanded in writable %arg2 : (tensor<1xf32>, memref<1xf32, 1>) -> ()
    return
  }
}


// -----// IR Dump After mlir::nova::NovaGPUPromoteMatmulOperandsPass (nova-gpu-promote-matmul-operands) //----- //
func.func @main(%arg0: memref<8x1024x1536xf32, 1>, %arg1: memref<8x1024xi32, 1>, %arg2: memref<1xf32, 1> {bufferization.writable = true}) attributes {llvm.emit_c_interface} {
  %c128 = arith.constant 128 : index
  %c8 = arith.constant 8 : index
  %c4 = arith.constant 4 : index
  %c1536 = arith.constant 1536 : index
  %c0 = arith.constant 0 : index
  %cst = arith.constant 8.192000e+03 : f32
  %cst_0 = arith.constant 0xFF800000 : f32
  %cst_1 = arith.constant 0.000000e+00 : f32
  %cst_2 = arith.constant -3.40282347E+38 : f32
  %0 = bufferization.to_tensor %arg0 restrict : memref<8x1024x1536xf32, 1> to tensor<8x1024x1536xf32>
  %1 = bufferization.to_tensor %arg1 restrict : memref<8x1024xi32, 1> to tensor<8x1024xi32>
  %2 = tensor.empty() : tensor<8x1024xf32>
  %3 = scf.forall (%arg3) = (0) to (1024) step (128) shared_outs(%arg4 = %2) -> (tensor<8x1024xf32>) {
    %7 = tensor.empty() : tensor<8x128xf32>
    %8 = linalg.fill ins(%cst_2 : f32) outs(%7 : tensor<8x128xf32>) -> tensor<8x128xf32>
    %9 = scf.for %arg5 = %c0 to %c1536 step %c4 iter_args(%arg6 = %8) -> (tensor<8x128xf32>) {
      %extracted_slice_3 = tensor.extract_slice %0[0, %arg3, %arg5] [8, 128, 4] [1, 1, 1] : tensor<8x1024x1536xf32> to tensor<8x128x4xf32>
      %12 = linalg.generic {indexing_maps = [affine_map<(d0, d1, d2) -> (d0, d1, d2)>, affine_map<(d0, d1, d2) -> (d0, d1)>], iterator_types = ["parallel", "parallel", "reduction"]} ins(%extracted_slice_3 : tensor<8x128x4xf32>) outs(%arg6 : tensor<8x128xf32>) attrs =  {lowering_config = {mma_kind = 0 : i32, promoted_operands = [], reduction = [0, 0, 4], subgroup = [0, 0, 0], thread = [1, 8, 0], workgroup = [8, 128, 0]}} {
      ^bb0(%in: f32, %out: f32):
        %13 = arith.maximumf %in, %out : f32
        linalg.yield %13 : f32
      } -> tensor<8x128xf32>
      scf.yield %12 : tensor<8x128xf32>
    }
    %extracted_slice = tensor.extract_slice %arg4[0, %arg3] [8, 128] [1, 1] : tensor<8x1024xf32> to tensor<8x128xf32>
    %10 = linalg.fill ins(%cst_1 : f32) outs(%extracted_slice : tensor<8x128xf32>) -> tensor<8x128xf32>
    %11 = scf.for %arg5 = %c0 to %c1536 step %c4 iter_args(%arg6 = %10) -> (tensor<8x128xf32>) {
      %extracted_slice_3 = tensor.extract_slice %0[0, %arg3, %arg5] [8, 128, 4] [1, 1, 1] : tensor<8x1024x1536xf32> to tensor<8x128x4xf32>
      %12 = linalg.generic {indexing_maps = [affine_map<(d0, d1, d2) -> (d0, d1, d2)>, affine_map<(d0, d1, d2) -> (d0, d1)>, affine_map<(d0, d1, d2) -> (d0, d1)>], iterator_types = ["parallel", "parallel", "reduction"]} ins(%extracted_slice_3, %9 : tensor<8x128x4xf32>, tensor<8x128xf32>) outs(%arg6 : tensor<8x128xf32>) attrs =  {lowering_config = {mma_kind = 0 : i32, promoted_operands = [], reduction = [0, 0, 4], subgroup = [0, 0, 0], thread = [1, 8, 0], workgroup = [8, 128, 0]}} {
      ^bb0(%in: f32, %in_4: f32, %out: f32):
        %13 = arith.subf %in, %in_4 : f32
        %14 = math.exp %13 : f32
        %15 = arith.addf %14, %out : f32
        linalg.yield %15 : f32
      } -> tensor<8x128xf32>
      scf.yield %12 : tensor<8x128xf32>
    }
    scf.forall.in_parallel {
      tensor.parallel_insert_slice %11 into %arg4[0, %arg3] [8, 128] [1, 1] : tensor<8x128xf32> into tensor<8x1024xf32>
    }
  } {mapping = [#gpu.block<x>]}
  %4 = tensor.empty() : tensor<f32>
  %5 = linalg.fill ins(%cst_1 : f32) outs(%4 : tensor<f32>) -> tensor<f32>
  %6 = scf.forall (%arg3) = (0) to (1024) step (128) shared_outs(%arg4 = %4) -> (tensor<f32>) {
    %7 = tensor.empty() : tensor<8x128xf32>
    %8 = linalg.fill ins(%cst_0 : f32) outs(%7 : tensor<8x128xf32>) -> tensor<8x128xf32>
    %9 = scf.for %arg5 = %c0 to %c1536 step %c4 iter_args(%arg6 = %8) -> (tensor<8x128xf32>) {
      %extracted_slice = tensor.extract_slice %0[0, %arg3, %arg5] [8, 128, 4] [1, 1, 1] : tensor<8x1024x1536xf32> to tensor<8x128x4xf32>
      %12 = linalg.generic {indexing_maps = [affine_map<(d0, d1, d2) -> (d0, d1, d2)>, affine_map<(d0, d1, d2) -> (d0, d1)>], iterator_types = ["parallel", "parallel", "reduction"]} ins(%extracted_slice : tensor<8x128x4xf32>) outs(%arg6 : tensor<8x128xf32>) attrs =  {lowering_config = {mma_kind = 0 : i32, promoted_operands = [], reduction = [0, 0, 4], subgroup = [0, 0, 0], thread = [1, 8, 0], workgroup = [8, 128, 0]}} {
      ^bb0(%in: f32, %out: f32):
        %13 = arith.maxnumf %in, %out : f32
        linalg.yield %13 : f32
      } -> tensor<8x128xf32>
      scf.yield %12 : tensor<8x128xf32>
    }
    %10 = scf.for %arg5 = %c0 to %c8 step %c4 iter_args(%arg6 = %5) -> (tensor<f32>) {
      %12 = scf.for %arg7 = %c0 to %c128 step %c4 iter_args(%arg8 = %arg6) -> (tensor<f32>) {
        %13 = affine.apply affine_map<()[s0, s1] -> (s0 + s1)>()[%arg7, %arg3]
        %extracted_slice = tensor.extract_slice %3[%arg5, %13] [4, 4] [1, 1] : tensor<8x1024xf32> to tensor<4x4xf32>
        %extracted_slice_3 = tensor.extract_slice %9[%arg5, %arg7] [4, 4] [1, 1] : tensor<8x128xf32> to tensor<4x4xf32>
        %extracted_slice_4 = tensor.extract_slice %1[%arg5, %13] [4, 4] [1, 1] : tensor<8x1024xi32> to tensor<4x4xi32>
        %14 = linalg.generic {indexing_maps = [affine_map<(d0, d1) -> (d0, d1)>, affine_map<(d0, d1) -> (d0, d1)>, affine_map<(d0, d1) -> (d0, d1)>, affine_map<(d0, d1) -> ()>], iterator_types = ["reduction", "reduction"]} ins(%extracted_slice, %extracted_slice_3, %extracted_slice_4 : tensor<4x4xf32>, tensor<4x4xf32>, tensor<4x4xi32>) outs(%arg8 : tensor<f32>) attrs =  {lowering_config = {mma_kind = 0 : i32, promoted_operands = [], reduction = [4, 4], subgroup = [0, 0], thread = [0, 0], workgroup = [0, 0]}} {
        ^bb0(%in: f32, %in_5: f32, %in_6: i32, %out: f32):
          %15 = linalg.index 0 : index
          %16 = affine.apply affine_map<(d0)[s0] -> (d0 + s0)>(%arg5)[%15]
          %17 = linalg.index 1 : index
          %18 = affine.apply affine_map<(d0, d1)[s0] -> (d0 + d1 + s0)>(%arg3, %arg7)[%17]
          %19 = arith.index_cast %in_6 : i32 to index
          %extracted = tensor.extract %0[%16, %18, %19] : tensor<8x1024x1536xf32>
          %20 = math.log %in : f32
          %21 = arith.addf %20, %in_5 : f32
          %22 = arith.subf %21, %extracted : f32
          %23 = arith.addf %22, %out : f32
          linalg.yield %23 : f32
        } -> tensor<f32>
        scf.yield %14 : tensor<f32>
      }
      scf.yield %12 : tensor<f32>
    }
    %11 = linalg.generic {indexing_maps = [affine_map<() -> ()>, affine_map<() -> ()>], iterator_types = []} ins(%10 : tensor<f32>) outs(%arg4 : tensor<f32>) attrs =  {lowering_config = {mma_kind = 0 : i32, promoted_operands = [], reduction = [], subgroup = [], thread = [], workgroup = []}} {
    ^bb0(%in: f32, %out: f32):
      %12 = arith.divf %in, %cst : f32
      linalg.yield %12 : f32
    } -> tensor<f32>
    scf.forall.in_parallel {
      tensor.parallel_insert_slice %11 into %arg4[] [] [] : tensor<f32> into tensor<f32>
    }
  } {mapping = [#gpu.block<x>]}
  %expanded = tensor.expand_shape %6 [] output_shape [1] : tensor<f32> into tensor<1xf32>
  bufferization.materialize_in_destination %expanded in writable %arg2 : (tensor<1xf32>, memref<1xf32, 1>) -> ()
  return
}

// -----// IR Dump After mlir::nova::NovaConfigTrackingCanonicalizerPass (nova-config-tracking-canonicalize) //----- //
func.func @main(%arg0: memref<8x1024x1536xf32, 1>, %arg1: memref<8x1024xi32, 1>, %arg2: memref<1xf32, 1> {bufferization.writable = true}) attributes {llvm.emit_c_interface} {
  %c128 = arith.constant 128 : index
  %c8 = arith.constant 8 : index
  %c4 = arith.constant 4 : index
  %c1536 = arith.constant 1536 : index
  %c0 = arith.constant 0 : index
  %cst = arith.constant 8.192000e+03 : f32
  %cst_0 = arith.constant 0xFF800000 : f32
  %cst_1 = arith.constant 0.000000e+00 : f32
  %cst_2 = arith.constant -3.40282347E+38 : f32
  %0 = bufferization.to_tensor %arg0 restrict : memref<8x1024x1536xf32, 1> to tensor<8x1024x1536xf32>
  %1 = bufferization.to_tensor %arg1 restrict : memref<8x1024xi32, 1> to tensor<8x1024xi32>
  %2 = tensor.empty() : tensor<8x1024xf32>
  %3 = scf.forall (%arg3) = (0) to (1024) step (128) shared_outs(%arg4 = %2) -> (tensor<8x1024xf32>) {
    %7 = tensor.empty() : tensor<8x128xf32>
    %8 = linalg.fill ins(%cst_2 : f32) outs(%7 : tensor<8x128xf32>) -> tensor<8x128xf32>
    %9 = scf.for %arg5 = %c0 to %c1536 step %c4 iter_args(%arg6 = %8) -> (tensor<8x128xf32>) {
      %extracted_slice_3 = tensor.extract_slice %0[0, %arg3, %arg5] [8, 128, 4] [1, 1, 1] : tensor<8x1024x1536xf32> to tensor<8x128x4xf32>
      %12 = linalg.generic {indexing_maps = [affine_map<(d0, d1, d2) -> (d0, d1, d2)>, affine_map<(d0, d1, d2) -> (d0, d1)>], iterator_types = ["parallel", "parallel", "reduction"]} ins(%extracted_slice_3 : tensor<8x128x4xf32>) outs(%arg6 : tensor<8x128xf32>) attrs =  {lowering_config = {mma_kind = 0 : i32, promoted_operands = [], reduction = [0, 0, 4], subgroup = [0, 0, 0], thread = [1, 8, 0], workgroup = [8, 128, 0]}} {
      ^bb0(%in: f32, %out: f32):
        %13 = arith.maximumf %in, %out : f32
        linalg.yield %13 : f32
      } -> tensor<8x128xf32>
      scf.yield %12 : tensor<8x128xf32>
    }
    %extracted_slice = tensor.extract_slice %arg4[0, %arg3] [8, 128] [1, 1] : tensor<8x1024xf32> to tensor<8x128xf32>
    %10 = linalg.fill ins(%cst_1 : f32) outs(%extracted_slice : tensor<8x128xf32>) -> tensor<8x128xf32>
    %11 = scf.for %arg5 = %c0 to %c1536 step %c4 iter_args(%arg6 = %10) -> (tensor<8x128xf32>) {
      %extracted_slice_3 = tensor.extract_slice %0[0, %arg3, %arg5] [8, 128, 4] [1, 1, 1] : tensor<8x1024x1536xf32> to tensor<8x128x4xf32>
      %12 = linalg.generic {indexing_maps = [affine_map<(d0, d1, d2) -> (d0, d1, d2)>, affine_map<(d0, d1, d2) -> (d0, d1)>, affine_map<(d0, d1, d2) -> (d0, d1)>], iterator_types = ["parallel", "parallel", "reduction"]} ins(%extracted_slice_3, %9 : tensor<8x128x4xf32>, tensor<8x128xf32>) outs(%arg6 : tensor<8x128xf32>) attrs =  {lowering_config = {mma_kind = 0 : i32, promoted_operands = [], reduction = [0, 0, 4], subgroup = [0, 0, 0], thread = [1, 8, 0], workgroup = [8, 128, 0]}} {
      ^bb0(%in: f32, %in_4: f32, %out: f32):
        %13 = arith.subf %in, %in_4 : f32
        %14 = math.exp %13 : f32
        %15 = arith.addf %14, %out : f32
        linalg.yield %15 : f32
      } -> tensor<8x128xf32>
      scf.yield %12 : tensor<8x128xf32>
    }
    scf.forall.in_parallel {
      tensor.parallel_insert_slice %11 into %arg4[0, %arg3] [8, 128] [1, 1] : tensor<8x128xf32> into tensor<8x1024xf32>
    }
  } {mapping = [#gpu.block<x>]}
  %4 = tensor.empty() : tensor<f32>
  %5 = linalg.fill ins(%cst_1 : f32) outs(%4 : tensor<f32>) -> tensor<f32>
  %6 = scf.forall (%arg3) = (0) to (1024) step (128) shared_outs(%arg4 = %4) -> (tensor<f32>) {
    %7 = tensor.empty() : tensor<8x128xf32>
    %8 = linalg.fill ins(%cst_0 : f32) outs(%7 : tensor<8x128xf32>) -> tensor<8x128xf32>
    %9 = scf.for %arg5 = %c0 to %c1536 step %c4 iter_args(%arg6 = %8) -> (tensor<8x128xf32>) {
      %extracted_slice = tensor.extract_slice %0[0, %arg3, %arg5] [8, 128, 4] [1, 1, 1] : tensor<8x1024x1536xf32> to tensor<8x128x4xf32>
      %12 = linalg.generic {indexing_maps = [affine_map<(d0, d1, d2) -> (d0, d1, d2)>, affine_map<(d0, d1, d2) -> (d0, d1)>], iterator_types = ["parallel", "parallel", "reduction"]} ins(%extracted_slice : tensor<8x128x4xf32>) outs(%arg6 : tensor<8x128xf32>) attrs =  {lowering_config = {mma_kind = 0 : i32, promoted_operands = [], reduction = [0, 0, 4], subgroup = [0, 0, 0], thread = [1, 8, 0], workgroup = [8, 128, 0]}} {
      ^bb0(%in: f32, %out: f32):
        %13 = arith.maxnumf %in, %out : f32
        linalg.yield %13 : f32
      } -> tensor<8x128xf32>
      scf.yield %12 : tensor<8x128xf32>
    }
    %10 = scf.for %arg5 = %c0 to %c8 step %c4 iter_args(%arg6 = %5) -> (tensor<f32>) {
      %12 = scf.for %arg7 = %c0 to %c128 step %c4 iter_args(%arg8 = %arg6) -> (tensor<f32>) {
        %13 = affine.apply affine_map<()[s0, s1] -> (s0 + s1)>()[%arg7, %arg3]
        %extracted_slice = tensor.extract_slice %3[%arg5, %13] [4, 4] [1, 1] : tensor<8x1024xf32> to tensor<4x4xf32>
        %extracted_slice_3 = tensor.extract_slice %9[%arg5, %arg7] [4, 4] [1, 1] : tensor<8x128xf32> to tensor<4x4xf32>
        %extracted_slice_4 = tensor.extract_slice %1[%arg5, %13] [4, 4] [1, 1] : tensor<8x1024xi32> to tensor<4x4xi32>
        %14 = linalg.generic {indexing_maps = [affine_map<(d0, d1) -> (d0, d1)>, affine_map<(d0, d1) -> (d0, d1)>, affine_map<(d0, d1) -> (d0, d1)>, affine_map<(d0, d1) -> ()>], iterator_types = ["reduction", "reduction"]} ins(%extracted_slice, %extracted_slice_3, %extracted_slice_4 : tensor<4x4xf32>, tensor<4x4xf32>, tensor<4x4xi32>) outs(%arg8 : tensor<f32>) attrs =  {lowering_config = {mma_kind = 0 : i32, promoted_operands = [], reduction = [4, 4], subgroup = [0, 0], thread = [0, 0], workgroup = [0, 0]}} {
        ^bb0(%in: f32, %in_5: f32, %in_6: i32, %out: f32):
          %15 = linalg.index 0 : index
          %16 = affine.apply affine_map<(d0)[s0] -> (d0 + s0)>(%arg5)[%15]
          %17 = linalg.index 1 : index
          %18 = affine.apply affine_map<(d0, d1)[s0] -> (d0 + d1 + s0)>(%arg3, %arg7)[%17]
          %19 = arith.index_cast %in_6 : i32 to index
          %extracted = tensor.extract %0[%16, %18, %19] : tensor<8x1024x1536xf32>
          %20 = math.log %in : f32
          %21 = arith.addf %20, %in_5 : f32
          %22 = arith.subf %21, %extracted : f32
          %23 = arith.addf %22, %out : f32
          linalg.yield %23 : f32
        } -> tensor<f32>
        scf.yield %14 : tensor<f32>
      }
      scf.yield %12 : tensor<f32>
    }
    %11 = linalg.generic {indexing_maps = [affine_map<() -> ()>, affine_map<() -> ()>], iterator_types = []} ins(%10 : tensor<f32>) outs(%arg4 : tensor<f32>) attrs =  {lowering_config = {mma_kind = 0 : i32, promoted_operands = [], reduction = [], subgroup = [], thread = [], workgroup = []}} {
    ^bb0(%in: f32, %out: f32):
      %12 = arith.divf %in, %cst : f32
      linalg.yield %12 : f32
    } -> tensor<f32>
    scf.forall.in_parallel {
      tensor.parallel_insert_slice %11 into %arg4[] [] [] : tensor<f32> into tensor<f32>
    }
  } {mapping = [#gpu.block<x>]}
  %expanded = tensor.expand_shape %6 [] output_shape [1] : tensor<f32> into tensor<1xf32>
  bufferization.materialize_in_destination %expanded in writable %arg2 : (tensor<1xf32>, memref<1xf32, 1>) -> ()
  return
}

// -----// IR Dump After CSE (cse) //----- //
#map = affine_map<(d0, d1, d2) -> (d0, d1, d2)>
#map1 = affine_map<(d0, d1, d2) -> (d0, d1)>
#map2 = affine_map<()[s0, s1] -> (s0 + s1)>
#map3 = affine_map<(d0, d1) -> (d0, d1)>
#map4 = affine_map<(d0, d1) -> ()>
#map5 = affine_map<(d0)[s0] -> (d0 + s0)>
#map6 = affine_map<(d0, d1)[s0] -> (d0 + d1 + s0)>
#map7 = affine_map<() -> ()>
module {
  func.func @main(%arg0: memref<8x1024x1536xf32, 1>, %arg1: memref<8x1024xi32, 1>, %arg2: memref<1xf32, 1> {bufferization.writable = true}) attributes {llvm.emit_c_interface} {
    %c128 = arith.constant 128 : index
    %c8 = arith.constant 8 : index
    %c4 = arith.constant 4 : index
    %c1536 = arith.constant 1536 : index
    %c0 = arith.constant 0 : index
    %cst = arith.constant 8.192000e+03 : f32
    %cst_0 = arith.constant 0xFF800000 : f32
    %cst_1 = arith.constant 0.000000e+00 : f32
    %cst_2 = arith.constant -3.40282347E+38 : f32
    %0 = bufferization.to_tensor %arg0 restrict : memref<8x1024x1536xf32, 1> to tensor<8x1024x1536xf32>
    %1 = bufferization.to_tensor %arg1 restrict : memref<8x1024xi32, 1> to tensor<8x1024xi32>
    %2 = tensor.empty() : tensor<8x1024xf32>
    %3 = scf.forall (%arg3) = (0) to (1024) step (128) shared_outs(%arg4 = %2) -> (tensor<8x1024xf32>) {
      %7 = tensor.empty() : tensor<8x128xf32>
      %8 = linalg.fill ins(%cst_2 : f32) outs(%7 : tensor<8x128xf32>) -> tensor<8x128xf32>
      %9 = scf.for %arg5 = %c0 to %c1536 step %c4 iter_args(%arg6 = %8) -> (tensor<8x128xf32>) {
        %extracted_slice_3 = tensor.extract_slice %0[0, %arg3, %arg5] [8, 128, 4] [1, 1, 1] : tensor<8x1024x1536xf32> to tensor<8x128x4xf32>
        %12 = linalg.generic {indexing_maps = [#map, #map1], iterator_types = ["parallel", "parallel", "reduction"]} ins(%extracted_slice_3 : tensor<8x128x4xf32>) outs(%arg6 : tensor<8x128xf32>) attrs =  {lowering_config = {mma_kind = 0 : i32, promoted_operands = [], reduction = [0, 0, 4], subgroup = [0, 0, 0], thread = [1, 8, 0], workgroup = [8, 128, 0]}} {
        ^bb0(%in: f32, %out: f32):
          %13 = arith.maximumf %in, %out : f32
          linalg.yield %13 : f32
        } -> tensor<8x128xf32>
        scf.yield %12 : tensor<8x128xf32>
      }
      %extracted_slice = tensor.extract_slice %arg4[0, %arg3] [8, 128] [1, 1] : tensor<8x1024xf32> to tensor<8x128xf32>
      %10 = linalg.fill ins(%cst_1 : f32) outs(%extracted_slice : tensor<8x128xf32>) -> tensor<8x128xf32>
      %11 = scf.for %arg5 = %c0 to %c1536 step %c4 iter_args(%arg6 = %10) -> (tensor<8x128xf32>) {
        %extracted_slice_3 = tensor.extract_slice %0[0, %arg3, %arg5] [8, 128, 4] [1, 1, 1] : tensor<8x1024x1536xf32> to tensor<8x128x4xf32>
        %12 = linalg.generic {indexing_maps = [#map, #map1, #map1], iterator_types = ["parallel", "parallel", "reduction"]} ins(%extracted_slice_3, %9 : tensor<8x128x4xf32>, tensor<8x128xf32>) outs(%arg6 : tensor<8x128xf32>) attrs =  {lowering_config = {mma_kind = 0 : i32, promoted_operands = [], reduction = [0, 0, 4], subgroup = [0, 0, 0], thread = [1, 8, 0], workgroup = [8, 128, 0]}} {
        ^bb0(%in: f32, %in_4: f32, %out: f32):
          %13 = arith.subf %in, %in_4 : f32
          %14 = math.exp %13 : f32
          %15 = arith.addf %14, %out : f32
          linalg.yield %15 : f32
        } -> tensor<8x128xf32>
        scf.yield %12 : tensor<8x128xf32>
      }
      scf.forall.in_parallel {
        tensor.parallel_insert_slice %11 into %arg4[0, %arg3] [8, 128] [1, 1] : tensor<8x128xf32> into tensor<8x1024xf32>
      }
    } {mapping = [#gpu.block<x>]}
    %4 = tensor.empty() : tensor<f32>
    %5 = linalg.fill ins(%cst_1 : f32) outs(%4 : tensor<f32>) -> tensor<f32>
    %6 = scf.forall (%arg3) = (0) to (1024) step (128) shared_outs(%arg4 = %4) -> (tensor<f32>) {
      %7 = tensor.empty() : tensor<8x128xf32>
      %8 = linalg.fill ins(%cst_0 : f32) outs(%7 : tensor<8x128xf32>) -> tensor<8x128xf32>
      %9 = scf.for %arg5 = %c0 to %c1536 step %c4 iter_args(%arg6 = %8) -> (tensor<8x128xf32>) {
        %extracted_slice = tensor.extract_slice %0[0, %arg3, %arg5] [8, 128, 4] [1, 1, 1] : tensor<8x1024x1536xf32> to tensor<8x128x4xf32>
        %12 = linalg.generic {indexing_maps = [#map, #map1], iterator_types = ["parallel", "parallel", "reduction"]} ins(%extracted_slice : tensor<8x128x4xf32>) outs(%arg6 : tensor<8x128xf32>) attrs =  {lowering_config = {mma_kind = 0 : i32, promoted_operands = [], reduction = [0, 0, 4], subgroup = [0, 0, 0], thread = [1, 8, 0], workgroup = [8, 128, 0]}} {
        ^bb0(%in: f32, %out: f32):
          %13 = arith.maxnumf %in, %out : f32
          linalg.yield %13 : f32
        } -> tensor<8x128xf32>
        scf.yield %12 : tensor<8x128xf32>
      }
      %10 = scf.for %arg5 = %c0 to %c8 step %c4 iter_args(%arg6 = %5) -> (tensor<f32>) {
        %12 = scf.for %arg7 = %c0 to %c128 step %c4 iter_args(%arg8 = %arg6) -> (tensor<f32>) {
          %13 = affine.apply #map2()[%arg7, %arg3]
          %extracted_slice = tensor.extract_slice %3[%arg5, %13] [4, 4] [1, 1] : tensor<8x1024xf32> to tensor<4x4xf32>
          %extracted_slice_3 = tensor.extract_slice %9[%arg5, %arg7] [4, 4] [1, 1] : tensor<8x128xf32> to tensor<4x4xf32>
          %extracted_slice_4 = tensor.extract_slice %1[%arg5, %13] [4, 4] [1, 1] : tensor<8x1024xi32> to tensor<4x4xi32>
          %14 = linalg.generic {indexing_maps = [#map3, #map3, #map3, #map4], iterator_types = ["reduction", "reduction"]} ins(%extracted_slice, %extracted_slice_3, %extracted_slice_4 : tensor<4x4xf32>, tensor<4x4xf32>, tensor<4x4xi32>) outs(%arg8 : tensor<f32>) attrs =  {lowering_config = {mma_kind = 0 : i32, promoted_operands = [], reduction = [4, 4], subgroup = [0, 0], thread = [0, 0], workgroup = [0, 0]}} {
          ^bb0(%in: f32, %in_5: f32, %in_6: i32, %out: f32):
            %15 = linalg.index 0 : index
            %16 = affine.apply #map5(%arg5)[%15]
            %17 = linalg.index 1 : index
            %18 = affine.apply #map6(%arg3, %arg7)[%17]
            %19 = arith.index_cast %in_6 : i32 to index
            %extracted = tensor.extract %0[%16, %18, %19] : tensor<8x1024x1536xf32>
            %20 = math.log %in : f32
            %21 = arith.addf %20, %in_5 : f32
            %22 = arith.subf %21, %extracted : f32
            %23 = arith.addf %22, %out : f32
            linalg.yield %23 : f32
          } -> tensor<f32>
          scf.yield %14 : tensor<f32>
        }
        scf.yield %12 : tensor<f32>
      }
      %11 = linalg.generic {indexing_maps = [#map7, #map7], iterator_types = []} ins(%10 : tensor<f32>) outs(%arg4 : tensor<f32>) attrs =  {lowering_config = {mma_kind = 0 : i32, promoted_operands = [], reduction = [], subgroup = [], thread = [], workgroup = []}} {
      ^bb0(%in: f32, %out: f32):
        %12 = arith.divf %in, %cst : f32
        linalg.yield %12 : f32
      } -> tensor<f32>
      scf.forall.in_parallel {
        tensor.parallel_insert_slice %11 into %arg4[] [] [] : tensor<f32> into tensor<f32>
      }
    } {mapping = [#gpu.block<x>]}
    %expanded = tensor.expand_shape %6 [] output_shape [1] : tensor<f32> into tensor<1xf32>
    bufferization.materialize_in_destination %expanded in writable %arg2 : (tensor<1xf32>, memref<1xf32, 1>) -> ()
    return
  }
}


// -----// IR Dump After mlir::nova::NovaNormalizeLoopBoundsPass (nova-normalize-loop-bounds) //----- //
func.func @main(%arg0: memref<8x1024x1536xf32, 1>, %arg1: memref<8x1024xi32, 1>, %arg2: memref<1xf32, 1> {bufferization.writable = true}) attributes {llvm.emit_c_interface} {
  %c128 = arith.constant 128 : index
  %c8 = arith.constant 8 : index
  %c4 = arith.constant 4 : index
  %c1536 = arith.constant 1536 : index
  %c0 = arith.constant 0 : index
  %cst = arith.constant 8.192000e+03 : f32
  %cst_0 = arith.constant 0xFF800000 : f32
  %cst_1 = arith.constant 0.000000e+00 : f32
  %cst_2 = arith.constant -3.40282347E+38 : f32
  %0 = bufferization.to_tensor %arg0 restrict : memref<8x1024x1536xf32, 1> to tensor<8x1024x1536xf32>
  %1 = bufferization.to_tensor %arg1 restrict : memref<8x1024xi32, 1> to tensor<8x1024xi32>
  %2 = tensor.empty() : tensor<8x1024xf32>
  %3 = scf.forall (%arg3) in (8) shared_outs(%arg4 = %2) -> (tensor<8x1024xf32>) {
    %7 = affine.apply affine_map<(d0) -> (d0 * 128)>(%arg3)
    %8 = tensor.empty() : tensor<8x128xf32>
    %9 = linalg.fill ins(%cst_2 : f32) outs(%8 : tensor<8x128xf32>) -> tensor<8x128xf32>
    %10 = scf.for %arg5 = %c0 to %c1536 step %c4 iter_args(%arg6 = %9) -> (tensor<8x128xf32>) {
      %extracted_slice_3 = tensor.extract_slice %0[0, %7, %arg5] [8, 128, 4] [1, 1, 1] : tensor<8x1024x1536xf32> to tensor<8x128x4xf32>
      %13 = linalg.generic {indexing_maps = [affine_map<(d0, d1, d2) -> (d0, d1, d2)>, affine_map<(d0, d1, d2) -> (d0, d1)>], iterator_types = ["parallel", "parallel", "reduction"]} ins(%extracted_slice_3 : tensor<8x128x4xf32>) outs(%arg6 : tensor<8x128xf32>) attrs =  {lowering_config = {mma_kind = 0 : i32, promoted_operands = [], reduction = [0, 0, 4], subgroup = [0, 0, 0], thread = [1, 8, 0], workgroup = [8, 128, 0]}} {
      ^bb0(%in: f32, %out: f32):
        %14 = arith.maximumf %in, %out : f32
        linalg.yield %14 : f32
      } -> tensor<8x128xf32>
      scf.yield %13 : tensor<8x128xf32>
    }
    %extracted_slice = tensor.extract_slice %arg4[0, %7] [8, 128] [1, 1] : tensor<8x1024xf32> to tensor<8x128xf32>
    %11 = linalg.fill ins(%cst_1 : f32) outs(%extracted_slice : tensor<8x128xf32>) -> tensor<8x128xf32>
    %12 = scf.for %arg5 = %c0 to %c1536 step %c4 iter_args(%arg6 = %11) -> (tensor<8x128xf32>) {
      %extracted_slice_3 = tensor.extract_slice %0[0, %7, %arg5] [8, 128, 4] [1, 1, 1] : tensor<8x1024x1536xf32> to tensor<8x128x4xf32>
      %13 = linalg.generic {indexing_maps = [affine_map<(d0, d1, d2) -> (d0, d1, d2)>, affine_map<(d0, d1, d2) -> (d0, d1)>, affine_map<(d0, d1, d2) -> (d0, d1)>], iterator_types = ["parallel", "parallel", "reduction"]} ins(%extracted_slice_3, %10 : tensor<8x128x4xf32>, tensor<8x128xf32>) outs(%arg6 : tensor<8x128xf32>) attrs =  {lowering_config = {mma_kind = 0 : i32, promoted_operands = [], reduction = [0, 0, 4], subgroup = [0, 0, 0], thread = [1, 8, 0], workgroup = [8, 128, 0]}} {
      ^bb0(%in: f32, %in_4: f32, %out: f32):
        %14 = arith.subf %in, %in_4 : f32
        %15 = math.exp %14 : f32
        %16 = arith.addf %15, %out : f32
        linalg.yield %16 : f32
      } -> tensor<8x128xf32>
      scf.yield %13 : tensor<8x128xf32>
    }
    scf.forall.in_parallel {
      tensor.parallel_insert_slice %12 into %arg4[0, %7] [8, 128] [1, 1] : tensor<8x128xf32> into tensor<8x1024xf32>
    }
  } {mapping = [#gpu.block<x>]}
  %4 = tensor.empty() : tensor<f32>
  %5 = linalg.fill ins(%cst_1 : f32) outs(%4 : tensor<f32>) -> tensor<f32>
  %6 = scf.forall (%arg3) in (8) shared_outs(%arg4 = %4) -> (tensor<f32>) {
    %7 = affine.apply affine_map<(d0) -> (d0 * 128)>(%arg3)
    %8 = tensor.empty() : tensor<8x128xf32>
    %9 = linalg.fill ins(%cst_0 : f32) outs(%8 : tensor<8x128xf32>) -> tensor<8x128xf32>
    %10 = scf.for %arg5 = %c0 to %c1536 step %c4 iter_args(%arg6 = %9) -> (tensor<8x128xf32>) {
      %extracted_slice = tensor.extract_slice %0[0, %7, %arg5] [8, 128, 4] [1, 1, 1] : tensor<8x1024x1536xf32> to tensor<8x128x4xf32>
      %13 = linalg.generic {indexing_maps = [affine_map<(d0, d1, d2) -> (d0, d1, d2)>, affine_map<(d0, d1, d2) -> (d0, d1)>], iterator_types = ["parallel", "parallel", "reduction"]} ins(%extracted_slice : tensor<8x128x4xf32>) outs(%arg6 : tensor<8x128xf32>) attrs =  {lowering_config = {mma_kind = 0 : i32, promoted_operands = [], reduction = [0, 0, 4], subgroup = [0, 0, 0], thread = [1, 8, 0], workgroup = [8, 128, 0]}} {
      ^bb0(%in: f32, %out: f32):
        %14 = arith.maxnumf %in, %out : f32
        linalg.yield %14 : f32
      } -> tensor<8x128xf32>
      scf.yield %13 : tensor<8x128xf32>
    }
    %11 = scf.for %arg5 = %c0 to %c8 step %c4 iter_args(%arg6 = %5) -> (tensor<f32>) {
      %13 = scf.for %arg7 = %c0 to %c128 step %c4 iter_args(%arg8 = %arg6) -> (tensor<f32>) {
        %14 = affine.apply affine_map<()[s0, s1] -> (s0 + s1)>()[%arg7, %7]
        %extracted_slice = tensor.extract_slice %3[%arg5, %14] [4, 4] [1, 1] : tensor<8x1024xf32> to tensor<4x4xf32>
        %extracted_slice_3 = tensor.extract_slice %10[%arg5, %arg7] [4, 4] [1, 1] : tensor<8x128xf32> to tensor<4x4xf32>
        %extracted_slice_4 = tensor.extract_slice %1[%arg5, %14] [4, 4] [1, 1] : tensor<8x1024xi32> to tensor<4x4xi32>
        %15 = linalg.generic {indexing_maps = [affine_map<(d0, d1) -> (d0, d1)>, affine_map<(d0, d1) -> (d0, d1)>, affine_map<(d0, d1) -> (d0, d1)>, affine_map<(d0, d1) -> ()>], iterator_types = ["reduction", "reduction"]} ins(%extracted_slice, %extracted_slice_3, %extracted_slice_4 : tensor<4x4xf32>, tensor<4x4xf32>, tensor<4x4xi32>) outs(%arg8 : tensor<f32>) attrs =  {lowering_config = {mma_kind = 0 : i32, promoted_operands = [], reduction = [4, 4], subgroup = [0, 0], thread = [0, 0], workgroup = [0, 0]}} {
        ^bb0(%in: f32, %in_5: f32, %in_6: i32, %out: f32):
          %16 = linalg.index 0 : index
          %17 = affine.apply affine_map<(d0)[s0] -> (d0 + s0)>(%arg5)[%16]
          %18 = linalg.index 1 : index
          %19 = affine.apply affine_map<(d0, d1)[s0] -> (d0 + d1 + s0)>(%7, %arg7)[%18]
          %20 = arith.index_cast %in_6 : i32 to index
          %extracted = tensor.extract %0[%17, %19, %20] : tensor<8x1024x1536xf32>
          %21 = math.log %in : f32
          %22 = arith.addf %21, %in_5 : f32
          %23 = arith.subf %22, %extracted : f32
          %24 = arith.addf %23, %out : f32
          linalg.yield %24 : f32
        } -> tensor<f32>
        scf.yield %15 : tensor<f32>
      }
      scf.yield %13 : tensor<f32>
    }
    %12 = linalg.generic {indexing_maps = [affine_map<() -> ()>, affine_map<() -> ()>], iterator_types = []} ins(%11 : tensor<f32>) outs(%arg4 : tensor<f32>) attrs =  {lowering_config = {mma_kind = 0 : i32, promoted_operands = [], reduction = [], subgroup = [], thread = [], workgroup = []}} {
    ^bb0(%in: f32, %out: f32):
      %13 = arith.divf %in, %cst : f32
      linalg.yield %13 : f32
    } -> tensor<f32>
    scf.forall.in_parallel {
      tensor.parallel_insert_slice %12 into %arg4[] [] [] : tensor<f32> into tensor<f32>
    }
  } {mapping = [#gpu.block<x>]}
  %expanded = tensor.expand_shape %6 [] output_shape [1] : tensor<f32> into tensor<1xf32>
  bufferization.materialize_in_destination %expanded in writable %arg2 : (tensor<1xf32>, memref<1xf32, 1>) -> ()
  return
}



// -----// IR Dump After LinalgGeneralizeNamedOpsPass (linalg-generalize-named-ops) //----- //
#map = affine_map<(d0) -> (d0 * 128)>
#map1 = affine_map<(d0, d1) -> ()>
#map2 = affine_map<(d0, d1) -> (d0, d1)>
#map3 = affine_map<(d0, d1, d2) -> (d0, d1, d2)>
#map4 = affine_map<(d0, d1, d2) -> (d0, d1)>
#map5 = affine_map<() -> ()>
#map6 = affine_map<(d0)[s0] -> (d0 * 128 + s0)>
#map7 = affine_map<(d0)[s0] -> (d0 + s0)>
#map8 = affine_map<(d0, d1)[s0] -> (d0 + d1 * 128 + s0)>
module {
  func.func @main(%arg0: memref<8x1024x1536xf32, 1>, %arg1: memref<8x1024xi32, 1>, %arg2: memref<1xf32, 1> {bufferization.writable = true}) attributes {llvm.emit_c_interface} {
    %c128 = arith.constant 128 : index
    %c8 = arith.constant 8 : index
    %c4 = arith.constant 4 : index
    %c1536 = arith.constant 1536 : index
    %c0 = arith.constant 0 : index
    %cst = arith.constant 8.192000e+03 : f32
    %cst_0 = arith.constant 0xFF800000 : f32
    %cst_1 = arith.constant 0.000000e+00 : f32
    %cst_2 = arith.constant -3.40282347E+38 : f32
    %0 = bufferization.to_tensor %arg0 restrict : memref<8x1024x1536xf32, 1> to tensor<8x1024x1536xf32>
    %1 = bufferization.to_tensor %arg1 restrict : memref<8x1024xi32, 1> to tensor<8x1024xi32>
    %2 = tensor.empty() : tensor<8x1024xf32>
    %3 = scf.forall (%arg3) in (8) shared_outs(%arg4 = %2) -> (tensor<8x1024xf32>) {
      %7 = affine.apply #map(%arg3)
      %8 = tensor.empty() : tensor<8x128xf32>
      %9 = linalg.generic {indexing_maps = [#map1, #map2], iterator_types = ["parallel", "parallel"]} ins(%cst_2 : f32) outs(%8 : tensor<8x128xf32>) {
      ^bb0(%in: f32, %out: f32):
        linalg.yield %in : f32
      } -> tensor<8x128xf32>
      %10 = scf.for %arg5 = %c0 to %c1536 step %c4 iter_args(%arg6 = %9) -> (tensor<8x128xf32>) {
        %extracted_slice_3 = tensor.extract_slice %0[0, %7, %arg5] [8, 128, 4] [1, 1, 1] : tensor<8x1024x1536xf32> to tensor<8x128x4xf32>
        %13 = linalg.generic {indexing_maps = [#map3, #map4], iterator_types = ["parallel", "parallel", "reduction"]} ins(%extracted_slice_3 : tensor<8x128x4xf32>) outs(%arg6 : tensor<8x128xf32>) attrs =  {lowering_config = {mma_kind = 0 : i32, promoted_operands = [], reduction = [0, 0, 4], subgroup = [0, 0, 0], thread = [1, 8, 0], workgroup = [8, 128, 0]}} {
        ^bb0(%in: f32, %out: f32):
          %14 = arith.maximumf %in, %out : f32
          linalg.yield %14 : f32
        } -> tensor<8x128xf32>
        scf.yield %13 : tensor<8x128xf32>
      }
      %extracted_slice = tensor.extract_slice %arg4[0, %7] [8, 128] [1, 1] : tensor<8x1024xf32> to tensor<8x128xf32>
      %11 = linalg.generic {indexing_maps = [#map1, #map2], iterator_types = ["parallel", "parallel"]} ins(%cst_1 : f32) outs(%extracted_slice : tensor<8x128xf32>) {
      ^bb0(%in: f32, %out: f32):
        linalg.yield %in : f32
      } -> tensor<8x128xf32>
      %12 = scf.for %arg5 = %c0 to %c1536 step %c4 iter_args(%arg6 = %11) -> (tensor<8x128xf32>) {
        %extracted_slice_3 = tensor.extract_slice %0[0, %7, %arg5] [8, 128, 4] [1, 1, 1] : tensor<8x1024x1536xf32> to tensor<8x128x4xf32>
        %13 = linalg.generic {indexing_maps = [#map3, #map4, #map4], iterator_types = ["parallel", "parallel", "reduction"]} ins(%extracted_slice_3, %10 : tensor<8x128x4xf32>, tensor<8x128xf32>) outs(%arg6 : tensor<8x128xf32>) attrs =  {lowering_config = {mma_kind = 0 : i32, promoted_operands = [], reduction = [0, 0, 4], subgroup = [0, 0, 0], thread = [1, 8, 0], workgroup = [8, 128, 0]}} {
        ^bb0(%in: f32, %in_4: f32, %out: f32):
          %14 = arith.subf %in, %in_4 : f32
          %15 = math.exp %14 : f32
          %16 = arith.addf %15, %out : f32
          linalg.yield %16 : f32
        } -> tensor<8x128xf32>
        scf.yield %13 : tensor<8x128xf32>
      }
      scf.forall.in_parallel {
        tensor.parallel_insert_slice %12 into %arg4[0, %7] [8, 128] [1, 1] : tensor<8x128xf32> into tensor<8x1024xf32>
      }
    } {mapping = [#gpu.block<x>]}
    %4 = tensor.empty() : tensor<f32>
    %5 = linalg.generic {indexing_maps = [#map5, #map5], iterator_types = []} ins(%cst_1 : f32) outs(%4 : tensor<f32>) {
    ^bb0(%in: f32, %out: f32):
      linalg.yield %in : f32
    } -> tensor<f32>
    %6 = scf.forall (%arg3) in (8) shared_outs(%arg4 = %4) -> (tensor<f32>) {
      %7 = affine.apply #map(%arg3)
      %8 = tensor.empty() : tensor<8x128xf32>
      %9 = linalg.generic {indexing_maps = [#map1, #map2], iterator_types = ["parallel", "parallel"]} ins(%cst_0 : f32) outs(%8 : tensor<8x128xf32>) {
      ^bb0(%in: f32, %out: f32):
        linalg.yield %in : f32
      } -> tensor<8x128xf32>
      %10 = scf.for %arg5 = %c0 to %c1536 step %c4 iter_args(%arg6 = %9) -> (tensor<8x128xf32>) {
        %extracted_slice = tensor.extract_slice %0[0, %7, %arg5] [8, 128, 4] [1, 1, 1] : tensor<8x1024x1536xf32> to tensor<8x128x4xf32>
        %13 = linalg.generic {indexing_maps = [#map3, #map4], iterator_types = ["parallel", "parallel", "reduction"]} ins(%extracted_slice : tensor<8x128x4xf32>) outs(%arg6 : tensor<8x128xf32>) attrs =  {lowering_config = {mma_kind = 0 : i32, promoted_operands = [], reduction = [0, 0, 4], subgroup = [0, 0, 0], thread = [1, 8, 0], workgroup = [8, 128, 0]}} {
        ^bb0(%in: f32, %out: f32):
          %14 = arith.maxnumf %in, %out : f32
          linalg.yield %14 : f32
        } -> tensor<8x128xf32>
        scf.yield %13 : tensor<8x128xf32>
      }
      %11 = scf.for %arg5 = %c0 to %c8 step %c4 iter_args(%arg6 = %5) -> (tensor<f32>) {
        %13 = scf.for %arg7 = %c0 to %c128 step %c4 iter_args(%arg8 = %arg6) -> (tensor<f32>) {
          %14 = affine.apply #map6(%arg3)[%arg7]
          %extracted_slice = tensor.extract_slice %3[%arg5, %14] [4, 4] [1, 1] : tensor<8x1024xf32> to tensor<4x4xf32>
          %extracted_slice_3 = tensor.extract_slice %10[%arg5, %arg7] [4, 4] [1, 1] : tensor<8x128xf32> to tensor<4x4xf32>
          %extracted_slice_4 = tensor.extract_slice %1[%arg5, %14] [4, 4] [1, 1] : tensor<8x1024xi32> to tensor<4x4xi32>
          %15 = linalg.generic {indexing_maps = [#map2, #map2, #map2, #map1], iterator_types = ["reduction", "reduction"]} ins(%extracted_slice, %extracted_slice_3, %extracted_slice_4 : tensor<4x4xf32>, tensor<4x4xf32>, tensor<4x4xi32>) outs(%arg8 : tensor<f32>) attrs =  {lowering_config = {mma_kind = 0 : i32, promoted_operands = [], reduction = [4, 4], subgroup = [0, 0], thread = [0, 0], workgroup = [0, 0]}} {
          ^bb0(%in: f32, %in_5: f32, %in_6: i32, %out: f32):
            %16 = linalg.index 0 : index
            %17 = affine.apply #map7(%arg5)[%16]
            %18 = linalg.index 1 : index
            %19 = affine.apply #map8(%arg7, %arg3)[%18]
            %20 = arith.index_cast %in_6 : i32 to index
            %extracted = tensor.extract %0[%17, %19, %20] : tensor<8x1024x1536xf32>
            %21 = math.log %in : f32
            %22 = arith.addf %21, %in_5 : f32
            %23 = arith.subf %22, %extracted : f32
            %24 = arith.addf %23, %out : f32
            linalg.yield %24 : f32
          } -> tensor<f32>
          scf.yield %15 : tensor<f32>
        }
        scf.yield %13 : tensor<f32>
      }
      %12 = linalg.generic {indexing_maps = [#map5, #map5], iterator_types = []} ins(%11 : tensor<f32>) outs(%arg4 : tensor<f32>) attrs =  {lowering_config = {mma_kind = 0 : i32, promoted_operands = [], reduction = [], subgroup = [], thread = [], workgroup = []}} {
      ^bb0(%in: f32, %out: f32):
        %13 = arith.divf %in, %cst : f32
        linalg.yield %13 : f32
      } -> tensor<f32>
      scf.forall.in_parallel {
        tensor.parallel_insert_slice %12 into %arg4[] [] [] : tensor<f32> into tensor<f32>
      }
    } {mapping = [#gpu.block<x>]}
    %expanded = tensor.expand_shape %6 [] output_shape [1] : tensor<f32> into tensor<1xf32>
    bufferization.materialize_in_destination %expanded in writable %arg2 : (tensor<1xf32>, memref<1xf32, 1>) -> ()
    return
  }
}


// -----// IR Dump After LinalgElementwiseOpFusionPass (linalg-fuse-elementwise-ops) //----- //
#map = affine_map<(d0) -> (d0 * 128)>
#map1 = affine_map<(d0, d1) -> (d0, d1)>
#map2 = affine_map<(d0, d1, d2) -> (d0, d1, d2)>
#map3 = affine_map<(d0, d1, d2) -> (d0, d1)>
#map4 = affine_map<() -> ()>
#map5 = affine_map<(d0)[s0] -> (d0 * 128 + s0)>
#map6 = affine_map<(d0, d1) -> ()>
#map7 = affine_map<(d0)[s0] -> (d0 + s0)>
#map8 = affine_map<(d0, d1)[s0] -> (d0 + d1 * 128 + s0)>
module {
  func.func @main(%arg0: memref<8x1024x1536xf32, 1>, %arg1: memref<8x1024xi32, 1>, %arg2: memref<1xf32, 1> {bufferization.writable = true}) attributes {llvm.emit_c_interface} {
    %cst = arith.constant 0xFF800000 : f32
    %cst_0 = arith.constant 0.000000e+00 : f32
    %cst_1 = arith.constant -3.40282347E+38 : f32
    %c128 = arith.constant 128 : index
    %c8 = arith.constant 8 : index
    %c4 = arith.constant 4 : index
    %c1536 = arith.constant 1536 : index
    %c0 = arith.constant 0 : index
    %cst_2 = arith.constant 8.192000e+03 : f32
    %0 = bufferization.to_tensor %arg0 restrict : memref<8x1024x1536xf32, 1> to tensor<8x1024x1536xf32>
    %1 = bufferization.to_tensor %arg1 restrict : memref<8x1024xi32, 1> to tensor<8x1024xi32>
    %2 = tensor.empty() : tensor<8x1024xf32>
    %3 = scf.forall (%arg3) in (8) shared_outs(%arg4 = %2) -> (tensor<8x1024xf32>) {
      %7 = affine.apply #map(%arg3)
      %8 = tensor.empty() : tensor<8x128xf32>
      %9 = linalg.generic {indexing_maps = [#map1], iterator_types = ["parallel", "parallel"]} outs(%8 : tensor<8x128xf32>) {
      ^bb0(%out: f32):
        linalg.yield %cst_1 : f32
      } -> tensor<8x128xf32>
      %10 = scf.for %arg5 = %c0 to %c1536 step %c4 iter_args(%arg6 = %9) -> (tensor<8x128xf32>) {
        %extracted_slice = tensor.extract_slice %0[0, %7, %arg5] [8, 128, 4] [1, 1, 1] : tensor<8x1024x1536xf32> to tensor<8x128x4xf32>
        %14 = linalg.generic {indexing_maps = [#map2, #map3], iterator_types = ["parallel", "parallel", "reduction"]} ins(%extracted_slice : tensor<8x128x4xf32>) outs(%arg6 : tensor<8x128xf32>) attrs =  {lowering_config = {mma_kind = 0 : i32, promoted_operands = [], reduction = [0, 0, 4], subgroup = [0, 0, 0], thread = [1, 8, 0], workgroup = [8, 128, 0]}} {
        ^bb0(%in: f32, %out: f32):
          %15 = arith.maximumf %in, %out : f32
          linalg.yield %15 : f32
        } -> tensor<8x128xf32>
        scf.yield %14 : tensor<8x128xf32>
      }
      %11 = tensor.empty() : tensor<8x128xf32>
      %12 = linalg.generic {indexing_maps = [#map1], iterator_types = ["parallel", "parallel"]} outs(%11 : tensor<8x128xf32>) {
      ^bb0(%out: f32):
        linalg.yield %cst_0 : f32
      } -> tensor<8x128xf32>
      %13 = scf.for %arg5 = %c0 to %c1536 step %c4 iter_args(%arg6 = %12) -> (tensor<8x128xf32>) {
        %extracted_slice = tensor.extract_slice %0[0, %7, %arg5] [8, 128, 4] [1, 1, 1] : tensor<8x1024x1536xf32> to tensor<8x128x4xf32>
        %14 = linalg.generic {indexing_maps = [#map2, #map3, #map3], iterator_types = ["parallel", "parallel", "reduction"]} ins(%extracted_slice, %10 : tensor<8x128x4xf32>, tensor<8x128xf32>) outs(%arg6 : tensor<8x128xf32>) attrs =  {lowering_config = {mma_kind = 0 : i32, promoted_operands = [], reduction = [0, 0, 4], subgroup = [0, 0, 0], thread = [1, 8, 0], workgroup = [8, 128, 0]}} {
        ^bb0(%in: f32, %in_3: f32, %out: f32):
          %15 = arith.subf %in, %in_3 : f32
          %16 = math.exp %15 : f32
          %17 = arith.addf %16, %out : f32
          linalg.yield %17 : f32
        } -> tensor<8x128xf32>
        scf.yield %14 : tensor<8x128xf32>
      }
      scf.forall.in_parallel {
        tensor.parallel_insert_slice %13 into %arg4[0, %7] [8, 128] [1, 1] : tensor<8x128xf32> into tensor<8x1024xf32>
      }
    } {mapping = [#gpu.block<x>]}
    %4 = tensor.empty() : tensor<f32>
    %5 = linalg.generic {indexing_maps = [#map4], iterator_types = []} outs(%4 : tensor<f32>) {
    ^bb0(%out: f32):
      linalg.yield %cst_0 : f32
    } -> tensor<f32>
    %6 = scf.forall (%arg3) in (8) shared_outs(%arg4 = %4) -> (tensor<f32>) {
      %7 = affine.apply #map(%arg3)
      %8 = tensor.empty() : tensor<8x128xf32>
      %9 = linalg.generic {indexing_maps = [#map1], iterator_types = ["parallel", "parallel"]} outs(%8 : tensor<8x128xf32>) {
      ^bb0(%out: f32):
        linalg.yield %cst : f32
      } -> tensor<8x128xf32>
      %10 = scf.for %arg5 = %c0 to %c1536 step %c4 iter_args(%arg6 = %9) -> (tensor<8x128xf32>) {
        %extracted_slice = tensor.extract_slice %0[0, %7, %arg5] [8, 128, 4] [1, 1, 1] : tensor<8x1024x1536xf32> to tensor<8x128x4xf32>
        %14 = linalg.generic {indexing_maps = [#map2, #map3], iterator_types = ["parallel", "parallel", "reduction"]} ins(%extracted_slice : tensor<8x128x4xf32>) outs(%arg6 : tensor<8x128xf32>) attrs =  {lowering_config = {mma_kind = 0 : i32, promoted_operands = [], reduction = [0, 0, 4], subgroup = [0, 0, 0], thread = [1, 8, 0], workgroup = [8, 128, 0]}} {
        ^bb0(%in: f32, %out: f32):
          %15 = arith.maxnumf %in, %out : f32
          linalg.yield %15 : f32
        } -> tensor<8x128xf32>
        scf.yield %14 : tensor<8x128xf32>
      }
      %11 = scf.for %arg5 = %c0 to %c8 step %c4 iter_args(%arg6 = %5) -> (tensor<f32>) {
        %14 = scf.for %arg7 = %c0 to %c128 step %c4 iter_args(%arg8 = %arg6) -> (tensor<f32>) {
          %15 = affine.apply #map5(%arg3)[%arg7]
          %extracted_slice = tensor.extract_slice %3[%arg5, %15] [4, 4] [1, 1] : tensor<8x1024xf32> to tensor<4x4xf32>
          %extracted_slice_3 = tensor.extract_slice %10[%arg5, %arg7] [4, 4] [1, 1] : tensor<8x128xf32> to tensor<4x4xf32>
          %extracted_slice_4 = tensor.extract_slice %1[%arg5, %15] [4, 4] [1, 1] : tensor<8x1024xi32> to tensor<4x4xi32>
          %16 = linalg.generic {indexing_maps = [#map1, #map1, #map1, #map6], iterator_types = ["reduction", "reduction"]} ins(%extracted_slice, %extracted_slice_3, %extracted_slice_4 : tensor<4x4xf32>, tensor<4x4xf32>, tensor<4x4xi32>) outs(%arg8 : tensor<f32>) attrs =  {lowering_config = {mma_kind = 0 : i32, promoted_operands = [], reduction = [4, 4], subgroup = [0, 0], thread = [0, 0], workgroup = [0, 0]}} {
          ^bb0(%in: f32, %in_5: f32, %in_6: i32, %out: f32):
            %17 = linalg.index 0 : index
            %18 = affine.apply #map7(%arg5)[%17]
            %19 = linalg.index 1 : index
            %20 = affine.apply #map8(%arg7, %arg3)[%19]
            %21 = arith.index_cast %in_6 : i32 to index
            %extracted = tensor.extract %0[%18, %20, %21] : tensor<8x1024x1536xf32>
            %22 = math.log %in : f32
            %23 = arith.addf %22, %in_5 : f32
            %24 = arith.subf %23, %extracted : f32
            %25 = arith.addf %24, %out : f32
            linalg.yield %25 : f32
          } -> tensor<f32>
          scf.yield %16 : tensor<f32>
        }
        scf.yield %14 : tensor<f32>
      }
      %12 = tensor.empty() : tensor<f32>
      %13 = linalg.generic {indexing_maps = [#map4, #map4], iterator_types = []} ins(%11 : tensor<f32>) outs(%12 : tensor<f32>) attrs =  {lowering_config = {mma_kind = 0 : i32, promoted_operands = [], reduction = [], subgroup = [], thread = [], workgroup = []}} {
      ^bb0(%in: f32, %out: f32):
        %14 = arith.divf %in, %cst_2 : f32
        linalg.yield %14 : f32
      } -> tensor<f32>
      scf.forall.in_parallel {
        tensor.parallel_insert_slice %13 into %arg4[] [] [] : tensor<f32> into tensor<f32>
      }
    } {mapping = [#gpu.block<x>]}
    %expanded = tensor.expand_shape %6 [] output_shape [1] : tensor<f32> into tensor<1xf32>
    bufferization.materialize_in_destination %expanded in writable %arg2 : (tensor<1xf32>, memref<1xf32, 1>) -> ()
    return
  }
}




// -----// IR Dump After mlir::nova::NovaEliminateEmptyTensorsPass (nova-eliminate-empty-tensors) //----- //
func.func @main(%arg0: memref<8x1024x1536xf32, 1>, %arg1: memref<8x1024xi32, 1>, %arg2: memref<1xf32, 1> {bufferization.writable = true}) attributes {llvm.emit_c_interface} {
  %cst = arith.constant 0xFF800000 : f32
  %cst_0 = arith.constant 0.000000e+00 : f32
  %cst_1 = arith.constant -3.40282347E+38 : f32
  %c128 = arith.constant 128 : index
  %c8 = arith.constant 8 : index
  %c4 = arith.constant 4 : index
  %c1536 = arith.constant 1536 : index
  %c0 = arith.constant 0 : index
  %cst_2 = arith.constant 8.192000e+03 : f32
  %0 = bufferization.to_tensor %arg0 restrict : memref<8x1024x1536xf32, 1> to tensor<8x1024x1536xf32>
  %1 = bufferization.to_tensor %arg1 restrict : memref<8x1024xi32, 1> to tensor<8x1024xi32>
  %2 = tensor.empty() : tensor<8x1024xf32>
  %3 = scf.forall (%arg3) in (8) shared_outs(%arg4 = %2) -> (tensor<8x1024xf32>) {
    %7 = affine.apply affine_map<(d0) -> (d0 * 128)>(%arg3)
    %extracted_slice = tensor.extract_slice %arg4[0, %7] [8, 128] [1, 1] : tensor<8x1024xf32> to tensor<8x128xf32>
    %8 = tensor.empty() : tensor<8x128xf32>
    %9 = linalg.generic {indexing_maps = [affine_map<(d0, d1) -> (d0, d1)>], iterator_types = ["parallel", "parallel"]} outs(%8 : tensor<8x128xf32>) {
    ^bb0(%out: f32):
      linalg.yield %cst_1 : f32
    } -> tensor<8x128xf32>
    %10 = scf.for %arg5 = %c0 to %c1536 step %c4 iter_args(%arg6 = %9) -> (tensor<8x128xf32>) {
      %extracted_slice_3 = tensor.extract_slice %0[0, %7, %arg5] [8, 128, 4] [1, 1, 1] : tensor<8x1024x1536xf32> to tensor<8x128x4xf32>
      %13 = linalg.generic {indexing_maps = [affine_map<(d0, d1, d2) -> (d0, d1, d2)>, affine_map<(d0, d1, d2) -> (d0, d1)>], iterator_types = ["parallel", "parallel", "reduction"]} ins(%extracted_slice_3 : tensor<8x128x4xf32>) outs(%arg6 : tensor<8x128xf32>) attrs =  {lowering_config = {mma_kind = 0 : i32, promoted_operands = [], reduction = [0, 0, 4], subgroup = [0, 0, 0], thread = [1, 8, 0], workgroup = [8, 128, 0]}} {
      ^bb0(%in: f32, %out: f32):
        %14 = arith.maximumf %in, %out : f32
        linalg.yield %14 : f32
      } -> tensor<8x128xf32>
      scf.yield %13 : tensor<8x128xf32>
    }
    %11 = linalg.generic {indexing_maps = [affine_map<(d0, d1) -> (d0, d1)>], iterator_types = ["parallel", "parallel"]} outs(%extracted_slice : tensor<8x128xf32>) {
    ^bb0(%out: f32):
      linalg.yield %cst_0 : f32
    } -> tensor<8x128xf32>
    %12 = scf.for %arg5 = %c0 to %c1536 step %c4 iter_args(%arg6 = %11) -> (tensor<8x128xf32>) {
      %extracted_slice_3 = tensor.extract_slice %0[0, %7, %arg5] [8, 128, 4] [1, 1, 1] : tensor<8x1024x1536xf32> to tensor<8x128x4xf32>
      %13 = linalg.generic {indexing_maps = [affine_map<(d0, d1, d2) -> (d0, d1, d2)>, affine_map<(d0, d1, d2) -> (d0, d1)>, affine_map<(d0, d1, d2) -> (d0, d1)>], iterator_types = ["parallel", "parallel", "reduction"]} ins(%extracted_slice_3, %10 : tensor<8x128x4xf32>, tensor<8x128xf32>) outs(%arg6 : tensor<8x128xf32>) attrs =  {lowering_config = {mma_kind = 0 : i32, promoted_operands = [], reduction = [0, 0, 4], subgroup = [0, 0, 0], thread = [1, 8, 0], workgroup = [8, 128, 0]}} {
      ^bb0(%in: f32, %in_4: f32, %out: f32):
        %14 = arith.subf %in, %in_4 : f32
        %15 = math.exp %14 : f32
        %16 = arith.addf %15, %out : f32
        linalg.yield %16 : f32
      } -> tensor<8x128xf32>
      scf.yield %13 : tensor<8x128xf32>
    }
    scf.forall.in_parallel {
      tensor.parallel_insert_slice %12 into %arg4[0, %7] [8, 128] [1, 1] : tensor<8x128xf32> into tensor<8x1024xf32>
    }
  } {mapping = [#gpu.block<x>]}
  %4 = tensor.empty() : tensor<f32>
  %5 = linalg.generic {indexing_maps = [affine_map<() -> ()>], iterator_types = []} outs(%4 : tensor<f32>) {
  ^bb0(%out: f32):
    linalg.yield %cst_0 : f32
  } -> tensor<f32>
  %6 = scf.forall (%arg3) in (8) shared_outs(%arg4 = %4) -> (tensor<f32>) {
    %extracted_slice = tensor.extract_slice %arg4[] [] [] : tensor<f32> to tensor<f32>
    %7 = affine.apply affine_map<(d0) -> (d0 * 128)>(%arg3)
    %8 = tensor.empty() : tensor<8x128xf32>
    %9 = linalg.generic {indexing_maps = [affine_map<(d0, d1) -> (d0, d1)>], iterator_types = ["parallel", "parallel"]} outs(%8 : tensor<8x128xf32>) {
    ^bb0(%out: f32):
      linalg.yield %cst : f32
    } -> tensor<8x128xf32>
    %10 = scf.for %arg5 = %c0 to %c1536 step %c4 iter_args(%arg6 = %9) -> (tensor<8x128xf32>) {
      %extracted_slice_3 = tensor.extract_slice %0[0, %7, %arg5] [8, 128, 4] [1, 1, 1] : tensor<8x1024x1536xf32> to tensor<8x128x4xf32>
      %13 = linalg.generic {indexing_maps = [affine_map<(d0, d1, d2) -> (d0, d1, d2)>, affine_map<(d0, d1, d2) -> (d0, d1)>], iterator_types = ["parallel", "parallel", "reduction"]} ins(%extracted_slice_3 : tensor<8x128x4xf32>) outs(%arg6 : tensor<8x128xf32>) attrs =  {lowering_config = {mma_kind = 0 : i32, promoted_operands = [], reduction = [0, 0, 4], subgroup = [0, 0, 0], thread = [1, 8, 0], workgroup = [8, 128, 0]}} {
      ^bb0(%in: f32, %out: f32):
        %14 = arith.maxnumf %in, %out : f32
        linalg.yield %14 : f32
      } -> tensor<8x128xf32>
      scf.yield %13 : tensor<8x128xf32>
    }
    %11 = scf.for %arg5 = %c0 to %c8 step %c4 iter_args(%arg6 = %5) -> (tensor<f32>) {
      %13 = scf.for %arg7 = %c0 to %c128 step %c4 iter_args(%arg8 = %arg6) -> (tensor<f32>) {
        %14 = affine.apply affine_map<(d0)[s0] -> (d0 * 128 + s0)>(%arg3)[%arg7]
        %extracted_slice_3 = tensor.extract_slice %3[%arg5, %14] [4, 4] [1, 1] : tensor<8x1024xf32> to tensor<4x4xf32>
        %extracted_slice_4 = tensor.extract_slice %10[%arg5, %arg7] [4, 4] [1, 1] : tensor<8x128xf32> to tensor<4x4xf32>
        %extracted_slice_5 = tensor.extract_slice %1[%arg5, %14] [4, 4] [1, 1] : tensor<8x1024xi32> to tensor<4x4xi32>
        %15 = linalg.generic {indexing_maps = [affine_map<(d0, d1) -> (d0, d1)>, affine_map<(d0, d1) -> (d0, d1)>, affine_map<(d0, d1) -> (d0, d1)>, affine_map<(d0, d1) -> ()>], iterator_types = ["reduction", "reduction"]} ins(%extracted_slice_3, %extracted_slice_4, %extracted_slice_5 : tensor<4x4xf32>, tensor<4x4xf32>, tensor<4x4xi32>) outs(%arg8 : tensor<f32>) attrs =  {lowering_config = {mma_kind = 0 : i32, promoted_operands = [], reduction = [4, 4], subgroup = [0, 0], thread = [0, 0], workgroup = [0, 0]}} {
        ^bb0(%in: f32, %in_6: f32, %in_7: i32, %out: f32):
          %16 = linalg.index 0 : index
          %17 = affine.apply affine_map<(d0)[s0] -> (d0 + s0)>(%arg5)[%16]
          %18 = linalg.index 1 : index
          %19 = affine.apply affine_map<(d0, d1)[s0] -> (d0 + d1 * 128 + s0)>(%arg7, %arg3)[%18]
          %20 = arith.index_cast %in_7 : i32 to index
          %extracted = tensor.extract %0[%17, %19, %20] : tensor<8x1024x1536xf32>
          %21 = math.log %in : f32
          %22 = arith.addf %21, %in_6 : f32
          %23 = arith.subf %22, %extracted : f32
          %24 = arith.addf %23, %out : f32
          linalg.yield %24 : f32
        } -> tensor<f32>
        scf.yield %15 : tensor<f32>
      }
      scf.yield %13 : tensor<f32>
    }
    %12 = linalg.generic {indexing_maps = [affine_map<() -> ()>, affine_map<() -> ()>], iterator_types = []} ins(%11 : tensor<f32>) outs(%extracted_slice : tensor<f32>) attrs =  {lowering_config = {mma_kind = 0 : i32, promoted_operands = [], reduction = [], subgroup = [], thread = [], workgroup = []}} {
    ^bb0(%in: f32, %out: f32):
      %13 = arith.divf %in, %cst_2 : f32
      linalg.yield %13 : f32
    } -> tensor<f32>
    scf.forall.in_parallel {
      tensor.parallel_insert_slice %12 into %arg4[] [] [] : tensor<f32> into tensor<f32>
    }
  } {mapping = [#gpu.block<x>]}
  %expanded = tensor.expand_shape %6 [] output_shape [1] : tensor<f32> into tensor<1xf32>
  bufferization.materialize_in_destination %expanded in writable %arg2 : (tensor<1xf32>, memref<1xf32, 1>) -> ()
  return
}

// -----// IR Dump After EmptyTensorToAllocTensorPass (empty-tensor-to-alloc-tensor) //----- //
func.func @main(%arg0: memref<8x1024x1536xf32, 1>, %arg1: memref<8x1024xi32, 1>, %arg2: memref<1xf32, 1> {bufferization.writable = true}) attributes {llvm.emit_c_interface} {
  %cst = arith.constant 0xFF800000 : f32
  %cst_0 = arith.constant 0.000000e+00 : f32
  %cst_1 = arith.constant -3.40282347E+38 : f32
  %c128 = arith.constant 128 : index
  %c8 = arith.constant 8 : index
  %c4 = arith.constant 4 : index
  %c1536 = arith.constant 1536 : index
  %c0 = arith.constant 0 : index
  %cst_2 = arith.constant 8.192000e+03 : f32
  %0 = bufferization.to_tensor %arg0 restrict : memref<8x1024x1536xf32, 1> to tensor<8x1024x1536xf32>
  %1 = bufferization.to_tensor %arg1 restrict : memref<8x1024xi32, 1> to tensor<8x1024xi32>
  %2 = bufferization.alloc_tensor() : tensor<8x1024xf32>
  %3 = scf.forall (%arg3) in (8) shared_outs(%arg4 = %2) -> (tensor<8x1024xf32>) {
    %7 = affine.apply affine_map<(d0) -> (d0 * 128)>(%arg3)
    %extracted_slice = tensor.extract_slice %arg4[0, %7] [8, 128] [1, 1] : tensor<8x1024xf32> to tensor<8x128xf32>
    %8 = bufferization.alloc_tensor() : tensor<8x128xf32>
    %9 = linalg.generic {indexing_maps = [affine_map<(d0, d1) -> (d0, d1)>], iterator_types = ["parallel", "parallel"]} outs(%8 : tensor<8x128xf32>) {
    ^bb0(%out: f32):
      linalg.yield %cst_1 : f32
    } -> tensor<8x128xf32>
    %10 = scf.for %arg5 = %c0 to %c1536 step %c4 iter_args(%arg6 = %9) -> (tensor<8x128xf32>) {
      %extracted_slice_3 = tensor.extract_slice %0[0, %7, %arg5] [8, 128, 4] [1, 1, 1] : tensor<8x1024x1536xf32> to tensor<8x128x4xf32>
      %13 = linalg.generic {indexing_maps = [affine_map<(d0, d1, d2) -> (d0, d1, d2)>, affine_map<(d0, d1, d2) -> (d0, d1)>], iterator_types = ["parallel", "parallel", "reduction"]} ins(%extracted_slice_3 : tensor<8x128x4xf32>) outs(%arg6 : tensor<8x128xf32>) attrs =  {lowering_config = {mma_kind = 0 : i32, promoted_operands = [], reduction = [0, 0, 4], subgroup = [0, 0, 0], thread = [1, 8, 0], workgroup = [8, 128, 0]}} {
      ^bb0(%in: f32, %out: f32):
        %14 = arith.maximumf %in, %out : f32
        linalg.yield %14 : f32
      } -> tensor<8x128xf32>
      scf.yield %13 : tensor<8x128xf32>
    }
    %11 = linalg.generic {indexing_maps = [affine_map<(d0, d1) -> (d0, d1)>], iterator_types = ["parallel", "parallel"]} outs(%extracted_slice : tensor<8x128xf32>) {
    ^bb0(%out: f32):
      linalg.yield %cst_0 : f32
    } -> tensor<8x128xf32>
    %12 = scf.for %arg5 = %c0 to %c1536 step %c4 iter_args(%arg6 = %11) -> (tensor<8x128xf32>) {
      %extracted_slice_3 = tensor.extract_slice %0[0, %7, %arg5] [8, 128, 4] [1, 1, 1] : tensor<8x1024x1536xf32> to tensor<8x128x4xf32>
      %13 = linalg.generic {indexing_maps = [affine_map<(d0, d1, d2) -> (d0, d1, d2)>, affine_map<(d0, d1, d2) -> (d0, d1)>, affine_map<(d0, d1, d2) -> (d0, d1)>], iterator_types = ["parallel", "parallel", "reduction"]} ins(%extracted_slice_3, %10 : tensor<8x128x4xf32>, tensor<8x128xf32>) outs(%arg6 : tensor<8x128xf32>) attrs =  {lowering_config = {mma_kind = 0 : i32, promoted_operands = [], reduction = [0, 0, 4], subgroup = [0, 0, 0], thread = [1, 8, 0], workgroup = [8, 128, 0]}} {
      ^bb0(%in: f32, %in_4: f32, %out: f32):
        %14 = arith.subf %in, %in_4 : f32
        %15 = math.exp %14 : f32
        %16 = arith.addf %15, %out : f32
        linalg.yield %16 : f32
      } -> tensor<8x128xf32>
      scf.yield %13 : tensor<8x128xf32>
    }
    scf.forall.in_parallel {
      tensor.parallel_insert_slice %12 into %arg4[0, %7] [8, 128] [1, 1] : tensor<8x128xf32> into tensor<8x1024xf32>
    }
  } {mapping = [#gpu.block<x>]}
  %4 = bufferization.alloc_tensor() : tensor<f32>
  %5 = linalg.generic {indexing_maps = [affine_map<() -> ()>], iterator_types = []} outs(%4 : tensor<f32>) {
  ^bb0(%out: f32):
    linalg.yield %cst_0 : f32
  } -> tensor<f32>
  %6 = scf.forall (%arg3) in (8) shared_outs(%arg4 = %4) -> (tensor<f32>) {
    %7 = affine.apply affine_map<(d0) -> (d0 * 128)>(%arg3)
    %8 = bufferization.alloc_tensor() : tensor<8x128xf32>
    %9 = linalg.generic {indexing_maps = [affine_map<(d0, d1) -> (d0, d1)>], iterator_types = ["parallel", "parallel"]} outs(%8 : tensor<8x128xf32>) {
    ^bb0(%out: f32):
      linalg.yield %cst : f32
    } -> tensor<8x128xf32>
    %10 = scf.for %arg5 = %c0 to %c1536 step %c4 iter_args(%arg6 = %9) -> (tensor<8x128xf32>) {
      %extracted_slice = tensor.extract_slice %0[0, %7, %arg5] [8, 128, 4] [1, 1, 1] : tensor<8x1024x1536xf32> to tensor<8x128x4xf32>
      %13 = linalg.generic {indexing_maps = [affine_map<(d0, d1, d2) -> (d0, d1, d2)>, affine_map<(d0, d1, d2) -> (d0, d1)>], iterator_types = ["parallel", "parallel", "reduction"]} ins(%extracted_slice : tensor<8x128x4xf32>) outs(%arg6 : tensor<8x128xf32>) attrs =  {lowering_config = {mma_kind = 0 : i32, promoted_operands = [], reduction = [0, 0, 4], subgroup = [0, 0, 0], thread = [1, 8, 0], workgroup = [8, 128, 0]}} {
      ^bb0(%in: f32, %out: f32):
        %14 = arith.maxnumf %in, %out : f32
        linalg.yield %14 : f32
      } -> tensor<8x128xf32>
      scf.yield %13 : tensor<8x128xf32>
    }
    %11 = scf.for %arg5 = %c0 to %c8 step %c4 iter_args(%arg6 = %5) -> (tensor<f32>) {
      %13 = scf.for %arg7 = %c0 to %c128 step %c4 iter_args(%arg8 = %arg6) -> (tensor<f32>) {
        %14 = affine.apply affine_map<(d0)[s0] -> (d0 * 128 + s0)>(%arg3)[%arg7]
        %extracted_slice = tensor.extract_slice %3[%arg5, %14] [4, 4] [1, 1] : tensor<8x1024xf32> to tensor<4x4xf32>
        %extracted_slice_3 = tensor.extract_slice %10[%arg5, %arg7] [4, 4] [1, 1] : tensor<8x128xf32> to tensor<4x4xf32>
        %extracted_slice_4 = tensor.extract_slice %1[%arg5, %14] [4, 4] [1, 1] : tensor<8x1024xi32> to tensor<4x4xi32>
        %15 = linalg.generic {indexing_maps = [affine_map<(d0, d1) -> (d0, d1)>, affine_map<(d0, d1) -> (d0, d1)>, affine_map<(d0, d1) -> (d0, d1)>, affine_map<(d0, d1) -> ()>], iterator_types = ["reduction", "reduction"]} ins(%extracted_slice, %extracted_slice_3, %extracted_slice_4 : tensor<4x4xf32>, tensor<4x4xf32>, tensor<4x4xi32>) outs(%arg8 : tensor<f32>) attrs =  {lowering_config = {mma_kind = 0 : i32, promoted_operands = [], reduction = [4, 4], subgroup = [0, 0], thread = [0, 0], workgroup = [0, 0]}} {
        ^bb0(%in: f32, %in_5: f32, %in_6: i32, %out: f32):
          %16 = linalg.index 0 : index
          %17 = affine.apply affine_map<(d0)[s0] -> (d0 + s0)>(%arg5)[%16]
          %18 = linalg.index 1 : index
          %19 = affine.apply affine_map<(d0, d1)[s0] -> (d0 + d1 * 128 + s0)>(%arg7, %arg3)[%18]
          %20 = arith.index_cast %in_6 : i32 to index
          %extracted = tensor.extract %0[%17, %19, %20] : tensor<8x1024x1536xf32>
          %21 = math.log %in : f32
          %22 = arith.addf %21, %in_5 : f32
          %23 = arith.subf %22, %extracted : f32
          %24 = arith.addf %23, %out : f32
          linalg.yield %24 : f32
        } -> tensor<f32>
        scf.yield %15 : tensor<f32>
      }
      scf.yield %13 : tensor<f32>
    }
    %12 = linalg.generic {indexing_maps = [affine_map<() -> ()>, affine_map<() -> ()>], iterator_types = []} ins(%11 : tensor<f32>) outs(%arg4 : tensor<f32>) attrs =  {lowering_config = {mma_kind = 0 : i32, promoted_operands = [], reduction = [], subgroup = [], thread = [], workgroup = []}} {
    ^bb0(%in: f32, %out: f32):
      %13 = arith.divf %in, %cst_2 : f32
      linalg.yield %13 : f32
    } -> tensor<f32>
    scf.forall.in_parallel {
      tensor.parallel_insert_slice %12 into %arg4[] [] [] : tensor<f32> into tensor<f32>
    }
  } {mapping = [#gpu.block<x>]}
  %expanded = tensor.expand_shape %6 [] output_shape [1] : tensor<f32> into tensor<1xf32>
  bufferization.materialize_in_destination %expanded in writable %arg2 : (tensor<1xf32>, memref<1xf32, 1>) -> ()
  return
}

// -----// IR Dump After mlir::nova::NovaGPUInferMemorySpacePass (nova-gpu-infer-memory-space) //----- //
func.func @main(%arg0: memref<8x1024x1536xf32, 1>, %arg1: memref<8x1024xi32, 1>, %arg2: memref<1xf32, 1> {bufferization.writable = true}) attributes {llvm.emit_c_interface} {
  %cst = arith.constant 0xFF800000 : f32
  %cst_0 = arith.constant 0.000000e+00 : f32
  %cst_1 = arith.constant -3.40282347E+38 : f32
  %c128 = arith.constant 128 : index
  %c8 = arith.constant 8 : index
  %c4 = arith.constant 4 : index
  %c1536 = arith.constant 1536 : index
  %c0 = arith.constant 0 : index
  %cst_2 = arith.constant 8.192000e+03 : f32
  %0 = bufferization.to_tensor %arg0 restrict : memref<8x1024x1536xf32, 1> to tensor<8x1024x1536xf32>
  %1 = bufferization.to_tensor %arg1 restrict : memref<8x1024xi32, 1> to tensor<8x1024xi32>
  %2 = bufferization.alloc_tensor() : tensor<8x1024xf32>
  %3 = scf.forall (%arg3) in (8) shared_outs(%arg4 = %2) -> (tensor<8x1024xf32>) {
    %7 = affine.apply affine_map<(d0) -> (d0 * 128)>(%arg3)
    %extracted_slice = tensor.extract_slice %arg4[0, %7] [8, 128] [1, 1] : tensor<8x1024xf32> to tensor<8x128xf32>
    %8 = bufferization.alloc_tensor() {memory_space = #gpu.address_space<private>} : tensor<8x128xf32>
    %9 = linalg.generic {indexing_maps = [affine_map<(d0, d1) -> (d0, d1)>], iterator_types = ["parallel", "parallel"]} outs(%8 : tensor<8x128xf32>) {
    ^bb0(%out: f32):
      linalg.yield %cst_1 : f32
    } -> tensor<8x128xf32>
    %10 = scf.for %arg5 = %c0 to %c1536 step %c4 iter_args(%arg6 = %9) -> (tensor<8x128xf32>) {
      %extracted_slice_3 = tensor.extract_slice %0[0, %7, %arg5] [8, 128, 4] [1, 1, 1] : tensor<8x1024x1536xf32> to tensor<8x128x4xf32>
      %13 = linalg.generic {indexing_maps = [affine_map<(d0, d1, d2) -> (d0, d1, d2)>, affine_map<(d0, d1, d2) -> (d0, d1)>], iterator_types = ["parallel", "parallel", "reduction"]} ins(%extracted_slice_3 : tensor<8x128x4xf32>) outs(%arg6 : tensor<8x128xf32>) attrs =  {lowering_config = {mma_kind = 0 : i32, promoted_operands = [], reduction = [0, 0, 4], subgroup = [0, 0, 0], thread = [1, 8, 0], workgroup = [8, 128, 0]}} {
      ^bb0(%in: f32, %out: f32):
        %14 = arith.maximumf %in, %out : f32
        linalg.yield %14 : f32
      } -> tensor<8x128xf32>
      scf.yield %13 : tensor<8x128xf32>
    }
    %11 = linalg.generic {indexing_maps = [affine_map<(d0, d1) -> (d0, d1)>], iterator_types = ["parallel", "parallel"]} outs(%extracted_slice : tensor<8x128xf32>) {
    ^bb0(%out: f32):
      linalg.yield %cst_0 : f32
    } -> tensor<8x128xf32>
    %12 = scf.for %arg5 = %c0 to %c1536 step %c4 iter_args(%arg6 = %11) -> (tensor<8x128xf32>) {
      %extracted_slice_3 = tensor.extract_slice %0[0, %7, %arg5] [8, 128, 4] [1, 1, 1] : tensor<8x1024x1536xf32> to tensor<8x128x4xf32>
      %13 = linalg.generic {indexing_maps = [affine_map<(d0, d1, d2) -> (d0, d1, d2)>, affine_map<(d0, d1, d2) -> (d0, d1)>, affine_map<(d0, d1, d2) -> (d0, d1)>], iterator_types = ["parallel", "parallel", "reduction"]} ins(%extracted_slice_3, %10 : tensor<8x128x4xf32>, tensor<8x128xf32>) outs(%arg6 : tensor<8x128xf32>) attrs =  {lowering_config = {mma_kind = 0 : i32, promoted_operands = [], reduction = [0, 0, 4], subgroup = [0, 0, 0], thread = [1, 8, 0], workgroup = [8, 128, 0]}} {
      ^bb0(%in: f32, %in_4: f32, %out: f32):
        %14 = arith.subf %in, %in_4 : f32
        %15 = math.exp %14 : f32
        %16 = arith.addf %15, %out : f32
        linalg.yield %16 : f32
      } -> tensor<8x128xf32>
      scf.yield %13 : tensor<8x128xf32>
    }
    scf.forall.in_parallel {
      tensor.parallel_insert_slice %12 into %arg4[0, %7] [8, 128] [1, 1] : tensor<8x128xf32> into tensor<8x1024xf32>
    }
  } {mapping = [#gpu.block<x>]}
  %4 = bufferization.alloc_tensor() : tensor<f32>
  %5 = linalg.generic {indexing_maps = [affine_map<() -> ()>], iterator_types = []} outs(%4 : tensor<f32>) {
  ^bb0(%out: f32):
    linalg.yield %cst_0 : f32
  } -> tensor<f32>
  %6 = scf.forall (%arg3) in (8) shared_outs(%arg4 = %4) -> (tensor<f32>) {
    %7 = affine.apply affine_map<(d0) -> (d0 * 128)>(%arg3)
    %8 = bufferization.alloc_tensor() {memory_space = #gpu.address_space<private>} : tensor<8x128xf32>
    %9 = linalg.generic {indexing_maps = [affine_map<(d0, d1) -> (d0, d1)>], iterator_types = ["parallel", "parallel"]} outs(%8 : tensor<8x128xf32>) {
    ^bb0(%out: f32):
      linalg.yield %cst : f32
    } -> tensor<8x128xf32>
    %10 = scf.for %arg5 = %c0 to %c1536 step %c4 iter_args(%arg6 = %9) -> (tensor<8x128xf32>) {
      %extracted_slice = tensor.extract_slice %0[0, %7, %arg5] [8, 128, 4] [1, 1, 1] : tensor<8x1024x1536xf32> to tensor<8x128x4xf32>
      %13 = linalg.generic {indexing_maps = [affine_map<(d0, d1, d2) -> (d0, d1, d2)>, affine_map<(d0, d1, d2) -> (d0, d1)>], iterator_types = ["parallel", "parallel", "reduction"]} ins(%extracted_slice : tensor<8x128x4xf32>) outs(%arg6 : tensor<8x128xf32>) attrs =  {lowering_config = {mma_kind = 0 : i32, promoted_operands = [], reduction = [0, 0, 4], subgroup = [0, 0, 0], thread = [1, 8, 0], workgroup = [8, 128, 0]}} {
      ^bb0(%in: f32, %out: f32):
        %14 = arith.maxnumf %in, %out : f32
        linalg.yield %14 : f32
      } -> tensor<8x128xf32>
      scf.yield %13 : tensor<8x128xf32>
    }
    %11 = scf.for %arg5 = %c0 to %c8 step %c4 iter_args(%arg6 = %5) -> (tensor<f32>) {
      %13 = scf.for %arg7 = %c0 to %c128 step %c4 iter_args(%arg8 = %arg6) -> (tensor<f32>) {
        %14 = affine.apply affine_map<(d0)[s0] -> (d0 * 128 + s0)>(%arg3)[%arg7]
        %extracted_slice = tensor.extract_slice %3[%arg5, %14] [4, 4] [1, 1] : tensor<8x1024xf32> to tensor<4x4xf32>
        %extracted_slice_3 = tensor.extract_slice %10[%arg5, %arg7] [4, 4] [1, 1] : tensor<8x128xf32> to tensor<4x4xf32>
        %extracted_slice_4 = tensor.extract_slice %1[%arg5, %14] [4, 4] [1, 1] : tensor<8x1024xi32> to tensor<4x4xi32>
        %15 = linalg.generic {indexing_maps = [affine_map<(d0, d1) -> (d0, d1)>, affine_map<(d0, d1) -> (d0, d1)>, affine_map<(d0, d1) -> (d0, d1)>, affine_map<(d0, d1) -> ()>], iterator_types = ["reduction", "reduction"]} ins(%extracted_slice, %extracted_slice_3, %extracted_slice_4 : tensor<4x4xf32>, tensor<4x4xf32>, tensor<4x4xi32>) outs(%arg8 : tensor<f32>) attrs =  {lowering_config = {mma_kind = 0 : i32, promoted_operands = [], reduction = [4, 4], subgroup = [0, 0], thread = [0, 0], workgroup = [0, 0]}} {
        ^bb0(%in: f32, %in_5: f32, %in_6: i32, %out: f32):
          %16 = linalg.index 0 : index
          %17 = affine.apply affine_map<(d0)[s0] -> (d0 + s0)>(%arg5)[%16]
          %18 = linalg.index 1 : index
          %19 = affine.apply affine_map<(d0, d1)[s0] -> (d0 + d1 * 128 + s0)>(%arg7, %arg3)[%18]
          %20 = arith.index_cast %in_6 : i32 to index
          %extracted = tensor.extract %0[%17, %19, %20] : tensor<8x1024x1536xf32>
          %21 = math.log %in : f32
          %22 = arith.addf %21, %in_5 : f32
          %23 = arith.subf %22, %extracted : f32
          %24 = arith.addf %23, %out : f32
          linalg.yield %24 : f32
        } -> tensor<f32>
        scf.yield %15 : tensor<f32>
      }
      scf.yield %13 : tensor<f32>
    }
    %12 = linalg.generic {indexing_maps = [affine_map<() -> ()>, affine_map<() -> ()>], iterator_types = []} ins(%11 : tensor<f32>) outs(%arg4 : tensor<f32>) attrs =  {lowering_config = {mma_kind = 0 : i32, promoted_operands = [], reduction = [], subgroup = [], thread = [], workgroup = []}} {
    ^bb0(%in: f32, %out: f32):
      %13 = arith.divf %in, %cst_2 : f32
      linalg.yield %13 : f32
    } -> tensor<f32>
    scf.forall.in_parallel {
      tensor.parallel_insert_slice %12 into %arg4[] [] [] : tensor<f32> into tensor<f32>
    }
  } {mapping = [#gpu.block<x>]}
  %expanded = tensor.expand_shape %6 [] output_shape [1] : tensor<f32> into tensor<1xf32>
  bufferization.materialize_in_destination %expanded in writable %arg2 : (tensor<1xf32>, memref<1xf32, 1>) -> ()
  return
}

// -----// IR Dump After mlir::nova::NovaGPUComprehensiveBufferizePass (nova-gpu-comprehensive-bufferize) //----- //
#map = affine_map<(d0) -> (d0 * 128)>
#map1 = affine_map<(d0, d1) -> (d0, d1)>
#map2 = affine_map<(d0, d1, d2) -> (d0, d1, d2)>
#map3 = affine_map<(d0, d1, d2) -> (d0, d1)>
#map4 = affine_map<() -> ()>
#map5 = affine_map<(d0)[s0] -> (d0 * 128 + s0)>
#map6 = affine_map<(d0, d1) -> ()>
#map7 = affine_map<(d0)[s0] -> (d0 + s0)>
#map8 = affine_map<(d0, d1)[s0] -> (d0 + d1 * 128 + s0)>
module {
  func.func @main(%arg0: memref<8x1024x1536xf32, 1>, %arg1: memref<8x1024xi32, 1>, %arg2: memref<1xf32, 1> {bufferization.writable = true}) attributes {llvm.emit_c_interface} {
    %cst = arith.constant 0xFF800000 : f32
    %cst_0 = arith.constant 0.000000e+00 : f32
    %cst_1 = arith.constant -3.40282347E+38 : f32
    %c128 = arith.constant 128 : index
    %c8 = arith.constant 8 : index
    %c4 = arith.constant 4 : index
    %c1536 = arith.constant 1536 : index
    %c0 = arith.constant 0 : index
    %cst_2 = arith.constant 8.192000e+03 : f32
    %alloc = memref.alloc() : memref<8x1024xf32>
    scf.forall (%arg3) in (8) {
      %0 = affine.apply #map(%arg3)
      %subview = memref.subview %alloc[0, %0] [8, 128] [1, 1] : memref<8x1024xf32> to memref<8x128xf32, strided<[1024, 1], offset: ?>>
      %alloca = memref.alloca() : memref<8x128xf32, #gpu.address_space<private>>
      linalg.generic {indexing_maps = [#map1], iterator_types = ["parallel", "parallel"]} outs(%alloca : memref<8x128xf32, #gpu.address_space<private>>) {
      ^bb0(%out: f32):
        linalg.yield %cst_1 : f32
      }
      %1 = scf.for %arg4 = %c0 to %c1536 step %c4 iter_args(%arg5 = %alloca) -> (memref<8x128xf32, #gpu.address_space<private>>) {
        %subview_6 = memref.subview %arg0[0, %0, %arg4] [8, 128, 4] [1, 1, 1] : memref<8x1024x1536xf32, 1> to memref<8x128x4xf32, strided<[1572864, 1536, 1], offset: ?>, 1>
        linalg.generic {indexing_maps = [#map2, #map3], iterator_types = ["parallel", "parallel", "reduction"]} ins(%subview_6 : memref<8x128x4xf32, strided<[1572864, 1536, 1], offset: ?>, 1>) outs(%arg5 : memref<8x128xf32, #gpu.address_space<private>>) attrs =  {lowering_config = {mma_kind = 0 : i32, promoted_operands = [], reduction = [0, 0, 4], subgroup = [0, 0, 0], thread = [1, 8, 0], workgroup = [8, 128, 0]}} {
        ^bb0(%in: f32, %out: f32):
          %3 = arith.maximumf %in, %out : f32
          linalg.yield %3 : f32
        }
        scf.yield %arg5 : memref<8x128xf32, #gpu.address_space<private>>
      }
      linalg.generic {indexing_maps = [#map1], iterator_types = ["parallel", "parallel"]} outs(%subview : memref<8x128xf32, strided<[1024, 1], offset: ?>>) {
      ^bb0(%out: f32):
        linalg.yield %cst_0 : f32
      }
      %2 = scf.for %arg4 = %c0 to %c1536 step %c4 iter_args(%arg5 = %subview) -> (memref<8x128xf32, strided<[1024, 1], offset: ?>>) {
        %subview_6 = memref.subview %arg0[0, %0, %arg4] [8, 128, 4] [1, 1, 1] : memref<8x1024x1536xf32, 1> to memref<8x128x4xf32, strided<[1572864, 1536, 1], offset: ?>, 1>
        linalg.generic {indexing_maps = [#map2, #map3, #map3], iterator_types = ["parallel", "parallel", "reduction"]} ins(%subview_6, %1 : memref<8x128x4xf32, strided<[1572864, 1536, 1], offset: ?>, 1>, memref<8x128xf32, #gpu.address_space<private>>) outs(%arg5 : memref<8x128xf32, strided<[1024, 1], offset: ?>>) attrs =  {lowering_config = {mma_kind = 0 : i32, promoted_operands = [], reduction = [0, 0, 4], subgroup = [0, 0, 0], thread = [1, 8, 0], workgroup = [8, 128, 0]}} {
        ^bb0(%in: f32, %in_7: f32, %out: f32):
          %3 = arith.subf %in, %in_7 : f32
          %4 = math.exp %3 : f32
          %5 = arith.addf %4, %out : f32
          linalg.yield %5 : f32
        }
        scf.yield %arg5 : memref<8x128xf32, strided<[1024, 1], offset: ?>>
      }
      %subview_5 = memref.subview %alloc[0, %0] [8, 128] [1, 1] : memref<8x1024xf32> to memref<8x128xf32, strided<[1024, 1], offset: ?>>
      linalg.copy ins(%2 : memref<8x128xf32, strided<[1024, 1], offset: ?>>) outs(%subview_5 : memref<8x128xf32, strided<[1024, 1], offset: ?>>)
    } {mapping = [#gpu.block<x>]}
    %alloc_3 = memref.alloc() : memref<f32>
    %alloc_4 = memref.alloc() : memref<f32>
    linalg.generic {indexing_maps = [#map4], iterator_types = []} outs(%alloc_4 : memref<f32>) {
    ^bb0(%out: f32):
      linalg.yield %cst_0 : f32
    }
    scf.forall (%arg3) in (8) {
      %0 = affine.apply #map(%arg3)
      %alloca = memref.alloca() : memref<8x128xf32, #gpu.address_space<private>>
      linalg.generic {indexing_maps = [#map1], iterator_types = ["parallel", "parallel"]} outs(%alloca : memref<8x128xf32, #gpu.address_space<private>>) {
      ^bb0(%out: f32):
        linalg.yield %cst : f32
      }
      %1 = scf.for %arg4 = %c0 to %c1536 step %c4 iter_args(%arg5 = %alloca) -> (memref<8x128xf32, #gpu.address_space<private>>) {
        %subview_6 = memref.subview %arg0[0, %0, %arg4] [8, 128, 4] [1, 1, 1] : memref<8x1024x1536xf32, 1> to memref<8x128x4xf32, strided<[1572864, 1536, 1], offset: ?>, 1>
        linalg.generic {indexing_maps = [#map2, #map3], iterator_types = ["parallel", "parallel", "reduction"]} ins(%subview_6 : memref<8x128x4xf32, strided<[1572864, 1536, 1], offset: ?>, 1>) outs(%arg5 : memref<8x128xf32, #gpu.address_space<private>>) attrs =  {lowering_config = {mma_kind = 0 : i32, promoted_operands = [], reduction = [0, 0, 4], subgroup = [0, 0, 0], thread = [1, 8, 0], workgroup = [8, 128, 0]}} {
        ^bb0(%in: f32, %out: f32):
          %3 = arith.maxnumf %in, %out : f32
          linalg.yield %3 : f32
        }
        scf.yield %arg5 : memref<8x128xf32, #gpu.address_space<private>>
      }
      %alloc_5 = memref.alloc() : memref<f32>
      linalg.copy ins(%alloc_4 : memref<f32>) outs(%alloc_5 : memref<f32>)
      %2 = scf.for %arg4 = %c0 to %c8 step %c4 iter_args(%arg5 = %alloc_5) -> (memref<f32>) {
        %3 = scf.for %arg6 = %c0 to %c128 step %c4 iter_args(%arg7 = %arg5) -> (memref<f32>) {
          %4 = affine.apply #map5(%arg3)[%arg6]
          %subview_6 = memref.subview %alloc[%arg4, %4] [4, 4] [1, 1] : memref<8x1024xf32> to memref<4x4xf32, strided<[1024, 1], offset: ?>>
          %subview_7 = memref.subview %1[%arg4, %arg6] [4, 4] [1, 1] : memref<8x128xf32, #gpu.address_space<private>> to memref<4x4xf32, strided<[128, 1], offset: ?>, #gpu.address_space<private>>
          %subview_8 = memref.subview %arg1[%arg4, %4] [4, 4] [1, 1] : memref<8x1024xi32, 1> to memref<4x4xi32, strided<[1024, 1], offset: ?>, 1>
          linalg.generic {indexing_maps = [#map1, #map1, #map1, #map6], iterator_types = ["reduction", "reduction"]} ins(%subview_6, %subview_7, %subview_8 : memref<4x4xf32, strided<[1024, 1], offset: ?>>, memref<4x4xf32, strided<[128, 1], offset: ?>, #gpu.address_space<private>>, memref<4x4xi32, strided<[1024, 1], offset: ?>, 1>) outs(%arg7 : memref<f32>) attrs =  {lowering_config = {mma_kind = 0 : i32, promoted_operands = [], reduction = [4, 4], subgroup = [0, 0], thread = [0, 0], workgroup = [0, 0]}} {
          ^bb0(%in: f32, %in_9: f32, %in_10: i32, %out: f32):
            %5 = linalg.index 0 : index
            %6 = affine.apply #map7(%arg4)[%5]
            %7 = linalg.index 1 : index
            %8 = affine.apply #map8(%arg6, %arg3)[%7]
            %9 = arith.index_cast %in_10 : i32 to index
            %10 = memref.load %arg0[%6, %8, %9] : memref<8x1024x1536xf32, 1>
            %11 = math.log %in : f32
            %12 = arith.addf %11, %in_9 : f32
            %13 = arith.subf %12, %10 : f32
            %14 = arith.addf %13, %out : f32
            linalg.yield %14 : f32
          }
          scf.yield %arg7 : memref<f32>
        }
        scf.yield %3 : memref<f32>
      }
      linalg.generic {indexing_maps = [#map4, #map4], iterator_types = []} ins(%2 : memref<f32>) outs(%alloc_3 : memref<f32>) attrs =  {lowering_config = {mma_kind = 0 : i32, promoted_operands = [], reduction = [], subgroup = [], thread = [], workgroup = []}} {
      ^bb0(%in: f32, %out: f32):
        %3 = arith.divf %in, %cst_2 : f32
        linalg.yield %3 : f32
      }
      %subview = memref.subview %alloc_3[] [] [] : memref<f32> to memref<f32, strided<[]>>
      linalg.copy ins(%alloc_3 : memref<f32>) outs(%subview : memref<f32, strided<[]>>)
    } {mapping = [#gpu.block<x>]}
    %expand_shape = memref.expand_shape %alloc_3 [] output_shape [1] : memref<f32> into memref<1xf32>
    memref.copy %expand_shape, %arg2 : memref<1xf32> to memref<1xf32, 1>
    return
  }
}


// -----// IR Dump After ResolveShapedTypeResultDimsPass (resolve-shaped-type-result-dims) //----- //
func.func @main(%arg0: memref<8x1024x1536xf32, 1>, %arg1: memref<8x1024xi32, 1>, %arg2: memref<1xf32, 1> {bufferization.writable = true}) attributes {llvm.emit_c_interface} {
  %cst = arith.constant 0xFF800000 : f32
  %cst_0 = arith.constant 0.000000e+00 : f32
  %cst_1 = arith.constant -3.40282347E+38 : f32
  %c128 = arith.constant 128 : index
  %c8 = arith.constant 8 : index
  %c4 = arith.constant 4 : index
  %c1536 = arith.constant 1536 : index
  %c0 = arith.constant 0 : index
  %cst_2 = arith.constant 8.192000e+03 : f32
  %alloc = memref.alloc() : memref<8x1024xf32>
  scf.forall (%arg3) in (8) {
    %0 = affine.apply affine_map<(d0) -> (d0 * 128)>(%arg3)
    %subview = memref.subview %alloc[0, %0] [8, 128] [1, 1] : memref<8x1024xf32> to memref<8x128xf32, strided<[1024, 1], offset: ?>>
    %alloca = memref.alloca() : memref<8x128xf32, #gpu.address_space<private>>
    linalg.generic {indexing_maps = [affine_map<(d0, d1) -> (d0, d1)>], iterator_types = ["parallel", "parallel"]} outs(%alloca : memref<8x128xf32, #gpu.address_space<private>>) {
    ^bb0(%out: f32):
      linalg.yield %cst_1 : f32
    }
    %1 = scf.for %arg4 = %c0 to %c1536 step %c4 iter_args(%arg5 = %alloca) -> (memref<8x128xf32, #gpu.address_space<private>>) {
      %subview_6 = memref.subview %arg0[0, %0, %arg4] [8, 128, 4] [1, 1, 1] : memref<8x1024x1536xf32, 1> to memref<8x128x4xf32, strided<[1572864, 1536, 1], offset: ?>, 1>
      linalg.generic {indexing_maps = [affine_map<(d0, d1, d2) -> (d0, d1, d2)>, affine_map<(d0, d1, d2) -> (d0, d1)>], iterator_types = ["parallel", "parallel", "reduction"]} ins(%subview_6 : memref<8x128x4xf32, strided<[1572864, 1536, 1], offset: ?>, 1>) outs(%arg5 : memref<8x128xf32, #gpu.address_space<private>>) attrs =  {lowering_config = {mma_kind = 0 : i32, promoted_operands = [], reduction = [0, 0, 4], subgroup = [0, 0, 0], thread = [1, 8, 0], workgroup = [8, 128, 0]}} {
      ^bb0(%in: f32, %out: f32):
        %3 = arith.maximumf %in, %out : f32
        linalg.yield %3 : f32
      }
      scf.yield %arg5 : memref<8x128xf32, #gpu.address_space<private>>
    }
    linalg.generic {indexing_maps = [affine_map<(d0, d1) -> (d0, d1)>], iterator_types = ["parallel", "parallel"]} outs(%subview : memref<8x128xf32, strided<[1024, 1], offset: ?>>) {
    ^bb0(%out: f32):
      linalg.yield %cst_0 : f32
    }
    %2 = scf.for %arg4 = %c0 to %c1536 step %c4 iter_args(%arg5 = %subview) -> (memref<8x128xf32, strided<[1024, 1], offset: ?>>) {
      %subview_6 = memref.subview %arg0[0, %0, %arg4] [8, 128, 4] [1, 1, 1] : memref<8x1024x1536xf32, 1> to memref<8x128x4xf32, strided<[1572864, 1536, 1], offset: ?>, 1>
      linalg.generic {indexing_maps = [affine_map<(d0, d1, d2) -> (d0, d1, d2)>, affine_map<(d0, d1, d2) -> (d0, d1)>, affine_map<(d0, d1, d2) -> (d0, d1)>], iterator_types = ["parallel", "parallel", "reduction"]} ins(%subview_6, %1 : memref<8x128x4xf32, strided<[1572864, 1536, 1], offset: ?>, 1>, memref<8x128xf32, #gpu.address_space<private>>) outs(%arg5 : memref<8x128xf32, strided<[1024, 1], offset: ?>>) attrs =  {lowering_config = {mma_kind = 0 : i32, promoted_operands = [], reduction = [0, 0, 4], subgroup = [0, 0, 0], thread = [1, 8, 0], workgroup = [8, 128, 0]}} {
      ^bb0(%in: f32, %in_7: f32, %out: f32):
        %3 = arith.subf %in, %in_7 : f32
        %4 = math.exp %3 : f32
        %5 = arith.addf %4, %out : f32
        linalg.yield %5 : f32
      }
      scf.yield %arg5 : memref<8x128xf32, strided<[1024, 1], offset: ?>>
    }
    %subview_5 = memref.subview %alloc[0, %0] [8, 128] [1, 1] : memref<8x1024xf32> to memref<8x128xf32, strided<[1024, 1], offset: ?>>
    linalg.copy ins(%2 : memref<8x128xf32, strided<[1024, 1], offset: ?>>) outs(%subview_5 : memref<8x128xf32, strided<[1024, 1], offset: ?>>)
  } {mapping = [#gpu.block<x>]}
  %alloc_3 = memref.alloc() : memref<f32>
  %alloc_4 = memref.alloc() : memref<f32>
  linalg.generic {indexing_maps = [affine_map<() -> ()>], iterator_types = []} outs(%alloc_4 : memref<f32>) {
  ^bb0(%out: f32):
    linalg.yield %cst_0 : f32
  }
  scf.forall (%arg3) in (8) {
    %0 = affine.apply affine_map<(d0) -> (d0 * 128)>(%arg3)
    %alloca = memref.alloca() : memref<8x128xf32, #gpu.address_space<private>>
    linalg.generic {indexing_maps = [affine_map<(d0, d1) -> (d0, d1)>], iterator_types = ["parallel", "parallel"]} outs(%alloca : memref<8x128xf32, #gpu.address_space<private>>) {
    ^bb0(%out: f32):
      linalg.yield %cst : f32
    }
    %1 = scf.for %arg4 = %c0 to %c1536 step %c4 iter_args(%arg5 = %alloca) -> (memref<8x128xf32, #gpu.address_space<private>>) {
      %subview_6 = memref.subview %arg0[0, %0, %arg4] [8, 128, 4] [1, 1, 1] : memref<8x1024x1536xf32, 1> to memref<8x128x4xf32, strided<[1572864, 1536, 1], offset: ?>, 1>
      linalg.generic {indexing_maps = [affine_map<(d0, d1, d2) -> (d0, d1, d2)>, affine_map<(d0, d1, d2) -> (d0, d1)>], iterator_types = ["parallel", "parallel", "reduction"]} ins(%subview_6 : memref<8x128x4xf32, strided<[1572864, 1536, 1], offset: ?>, 1>) outs(%arg5 : memref<8x128xf32, #gpu.address_space<private>>) attrs =  {lowering_config = {mma_kind = 0 : i32, promoted_operands = [], reduction = [0, 0, 4], subgroup = [0, 0, 0], thread = [1, 8, 0], workgroup = [8, 128, 0]}} {
      ^bb0(%in: f32, %out: f32):
        %3 = arith.maxnumf %in, %out : f32
        linalg.yield %3 : f32
      }
      scf.yield %arg5 : memref<8x128xf32, #gpu.address_space<private>>
    }
    %alloc_5 = memref.alloc() : memref<f32>
    linalg.copy ins(%alloc_4 : memref<f32>) outs(%alloc_5 : memref<f32>)
    %2 = scf.for %arg4 = %c0 to %c8 step %c4 iter_args(%arg5 = %alloc_5) -> (memref<f32>) {
      %3 = scf.for %arg6 = %c0 to %c128 step %c4 iter_args(%arg7 = %arg5) -> (memref<f32>) {
        %4 = affine.apply affine_map<(d0)[s0] -> (d0 * 128 + s0)>(%arg3)[%arg6]
        %subview_6 = memref.subview %alloc[%arg4, %4] [4, 4] [1, 1] : memref<8x1024xf32> to memref<4x4xf32, strided<[1024, 1], offset: ?>>
        %subview_7 = memref.subview %1[%arg4, %arg6] [4, 4] [1, 1] : memref<8x128xf32, #gpu.address_space<private>> to memref<4x4xf32, strided<[128, 1], offset: ?>, #gpu.address_space<private>>
        %subview_8 = memref.subview %arg1[%arg4, %4] [4, 4] [1, 1] : memref<8x1024xi32, 1> to memref<4x4xi32, strided<[1024, 1], offset: ?>, 1>
        linalg.generic {indexing_maps = [affine_map<(d0, d1) -> (d0, d1)>, affine_map<(d0, d1) -> (d0, d1)>, affine_map<(d0, d1) -> (d0, d1)>, affine_map<(d0, d1) -> ()>], iterator_types = ["reduction", "reduction"]} ins(%subview_6, %subview_7, %subview_8 : memref<4x4xf32, strided<[1024, 1], offset: ?>>, memref<4x4xf32, strided<[128, 1], offset: ?>, #gpu.address_space<private>>, memref<4x4xi32, strided<[1024, 1], offset: ?>, 1>) outs(%arg7 : memref<f32>) attrs =  {lowering_config = {mma_kind = 0 : i32, promoted_operands = [], reduction = [4, 4], subgroup = [0, 0], thread = [0, 0], workgroup = [0, 0]}} {
        ^bb0(%in: f32, %in_9: f32, %in_10: i32, %out: f32):
          %5 = linalg.index 0 : index
          %6 = affine.apply affine_map<(d0)[s0] -> (d0 + s0)>(%arg4)[%5]
          %7 = linalg.index 1 : index
          %8 = affine.apply affine_map<(d0, d1)[s0] -> (d0 + d1 * 128 + s0)>(%arg6, %arg3)[%7]
          %9 = arith.index_cast %in_10 : i32 to index
          %10 = memref.load %arg0[%6, %8, %9] : memref<8x1024x1536xf32, 1>
          %11 = math.log %in : f32
          %12 = arith.addf %11, %in_9 : f32
          %13 = arith.subf %12, %10 : f32
          %14 = arith.addf %13, %out : f32
          linalg.yield %14 : f32
        }
        scf.yield %arg7 : memref<f32>
      }
      scf.yield %3 : memref<f32>
    }
    linalg.generic {indexing_maps = [affine_map<() -> ()>, affine_map<() -> ()>], iterator_types = []} ins(%2 : memref<f32>) outs(%alloc_3 : memref<f32>) attrs =  {lowering_config = {mma_kind = 0 : i32, promoted_operands = [], reduction = [], subgroup = [], thread = [], workgroup = []}} {
    ^bb0(%in: f32, %out: f32):
      %3 = arith.divf %in, %cst_2 : f32
      linalg.yield %3 : f32
    }
    %subview = memref.subview %alloc_3[] [] [] : memref<f32> to memref<f32, strided<[]>>
    linalg.copy ins(%alloc_3 : memref<f32>) outs(%subview : memref<f32, strided<[]>>)
  } {mapping = [#gpu.block<x>]}
  %expand_shape = memref.expand_shape %alloc_3 [] output_shape [1] : memref<f32> into memref<1xf32>
  memref.copy %expand_shape, %arg2 : memref<1xf32> to memref<1xf32, 1>
  return
}


// -----// IR Dump After BufferLoopHoistingPass (buffer-loop-hoisting) //----- //
func.func @main(%arg0: memref<8x1024x1536xf32, 1>, %arg1: memref<8x1024xi32, 1>, %arg2: memref<1xf32, 1> {bufferization.writable = true}) attributes {llvm.emit_c_interface} {
  %cst = arith.constant 0xFF800000 : f32
  %cst_0 = arith.constant 0.000000e+00 : f32
  %cst_1 = arith.constant -3.40282347E+38 : f32
  %c128 = arith.constant 128 : index
  %c8 = arith.constant 8 : index
  %c4 = arith.constant 4 : index
  %c1536 = arith.constant 1536 : index
  %c0 = arith.constant 0 : index
  %cst_2 = arith.constant 8.192000e+03 : f32
  %alloc = memref.alloc() : memref<8x1024xf32>
  scf.forall (%arg3) in (8) {
    %0 = affine.apply affine_map<(d0) -> (d0 * 128)>(%arg3)
    %subview = memref.subview %alloc[0, %0] [8, 128] [1, 1] : memref<8x1024xf32> to memref<8x128xf32, strided<[1024, 1], offset: ?>>
    %alloca = memref.alloca() : memref<8x128xf32, #gpu.address_space<private>>
    linalg.generic {indexing_maps = [affine_map<(d0, d1) -> (d0, d1)>], iterator_types = ["parallel", "parallel"]} outs(%alloca : memref<8x128xf32, #gpu.address_space<private>>) {
    ^bb0(%out: f32):
      linalg.yield %cst_1 : f32
    }
    scf.for %arg4 = %c0 to %c1536 step %c4 {
      %subview_5 = memref.subview %arg0[0, %0, %arg4] [8, 128, 4] [1, 1, 1] : memref<8x1024x1536xf32, 1> to memref<8x128x4xf32, strided<[1572864, 1536, 1], offset: ?>, 1>
      linalg.generic {indexing_maps = [affine_map<(d0, d1, d2) -> (d0, d1, d2)>, affine_map<(d0, d1, d2) -> (d0, d1)>], iterator_types = ["parallel", "parallel", "reduction"]} ins(%subview_5 : memref<8x128x4xf32, strided<[1572864, 1536, 1], offset: ?>, 1>) outs(%alloca : memref<8x128xf32, #gpu.address_space<private>>) attrs =  {lowering_config = {mma_kind = 0 : i32, promoted_operands = [], reduction = [0, 0, 4], subgroup = [0, 0, 0], thread = [1, 8, 0], workgroup = [8, 128, 0]}} {
      ^bb0(%in: f32, %out: f32):
        %1 = arith.maximumf %in, %out : f32
        linalg.yield %1 : f32
      }
    }
    linalg.generic {indexing_maps = [affine_map<(d0, d1) -> (d0, d1)>], iterator_types = ["parallel", "parallel"]} outs(%subview : memref<8x128xf32, strided<[1024, 1], offset: ?>>) {
    ^bb0(%out: f32):
      linalg.yield %cst_0 : f32
    }
    scf.for %arg4 = %c0 to %c1536 step %c4 {
      %subview_5 = memref.subview %arg0[0, %0, %arg4] [8, 128, 4] [1, 1, 1] : memref<8x1024x1536xf32, 1> to memref<8x128x4xf32, strided<[1572864, 1536, 1], offset: ?>, 1>
      linalg.generic {indexing_maps = [affine_map<(d0, d1, d2) -> (d0, d1, d2)>, affine_map<(d0, d1, d2) -> (d0, d1)>, affine_map<(d0, d1, d2) -> (d0, d1)>], iterator_types = ["parallel", "parallel", "reduction"]} ins(%subview_5, %alloca : memref<8x128x4xf32, strided<[1572864, 1536, 1], offset: ?>, 1>, memref<8x128xf32, #gpu.address_space<private>>) outs(%subview : memref<8x128xf32, strided<[1024, 1], offset: ?>>) attrs =  {lowering_config = {mma_kind = 0 : i32, promoted_operands = [], reduction = [0, 0, 4], subgroup = [0, 0, 0], thread = [1, 8, 0], workgroup = [8, 128, 0]}} {
      ^bb0(%in: f32, %in_6: f32, %out: f32):
        %1 = arith.subf %in, %in_6 : f32
        %2 = math.exp %1 : f32
        %3 = arith.addf %2, %out : f32
        linalg.yield %3 : f32
      }
    }
  } {mapping = [#gpu.block<x>]}
  %alloc_3 = memref.alloc() : memref<f32>
  %alloc_4 = memref.alloc() : memref<f32>
  linalg.generic {indexing_maps = [affine_map<() -> ()>], iterator_types = []} outs(%alloc_4 : memref<f32>) {
  ^bb0(%out: f32):
    linalg.yield %cst_0 : f32
  }
  scf.forall (%arg3) in (8) {
    %0 = affine.apply affine_map<(d0) -> (d0 * 128)>(%arg3)
    %alloca = memref.alloca() : memref<8x128xf32, #gpu.address_space<private>>
    linalg.generic {indexing_maps = [affine_map<(d0, d1) -> (d0, d1)>], iterator_types = ["parallel", "parallel"]} outs(%alloca : memref<8x128xf32, #gpu.address_space<private>>) {
    ^bb0(%out: f32):
      linalg.yield %cst : f32
    }
    scf.for %arg4 = %c0 to %c1536 step %c4 {
      %subview = memref.subview %arg0[0, %0, %arg4] [8, 128, 4] [1, 1, 1] : memref<8x1024x1536xf32, 1> to memref<8x128x4xf32, strided<[1572864, 1536, 1], offset: ?>, 1>
      linalg.generic {indexing_maps = [affine_map<(d0, d1, d2) -> (d0, d1, d2)>, affine_map<(d0, d1, d2) -> (d0, d1)>], iterator_types = ["parallel", "parallel", "reduction"]} ins(%subview : memref<8x128x4xf32, strided<[1572864, 1536, 1], offset: ?>, 1>) outs(%alloca : memref<8x128xf32, #gpu.address_space<private>>) attrs =  {lowering_config = {mma_kind = 0 : i32, promoted_operands = [], reduction = [0, 0, 4], subgroup = [0, 0, 0], thread = [1, 8, 0], workgroup = [8, 128, 0]}} {
      ^bb0(%in: f32, %out: f32):
        %1 = arith.maxnumf %in, %out : f32
        linalg.yield %1 : f32
      }
    }
    %alloc_5 = memref.alloc() : memref<f32>
    linalg.copy ins(%alloc_4 : memref<f32>) outs(%alloc_5 : memref<f32>)
    scf.for %arg4 = %c0 to %c8 step %c4 {
      scf.for %arg5 = %c0 to %c128 step %c4 {
        %1 = affine.apply affine_map<(d0)[s0] -> (d0 * 128 + s0)>(%arg3)[%arg5]
        %subview = memref.subview %alloc[%arg4, %1] [4, 4] [1, 1] : memref<8x1024xf32> to memref<4x4xf32, strided<[1024, 1], offset: ?>>
        %subview_6 = memref.subview %alloca[%arg4, %arg5] [4, 4] [1, 1] : memref<8x128xf32, #gpu.address_space<private>> to memref<4x4xf32, strided<[128, 1], offset: ?>, #gpu.address_space<private>>
        %subview_7 = memref.subview %arg1[%arg4, %1] [4, 4] [1, 1] : memref<8x1024xi32, 1> to memref<4x4xi32, strided<[1024, 1], offset: ?>, 1>
        linalg.generic {indexing_maps = [affine_map<(d0, d1) -> (d0, d1)>, affine_map<(d0, d1) -> (d0, d1)>, affine_map<(d0, d1) -> (d0, d1)>, affine_map<(d0, d1) -> ()>], iterator_types = ["reduction", "reduction"]} ins(%subview, %subview_6, %subview_7 : memref<4x4xf32, strided<[1024, 1], offset: ?>>, memref<4x4xf32, strided<[128, 1], offset: ?>, #gpu.address_space<private>>, memref<4x4xi32, strided<[1024, 1], offset: ?>, 1>) outs(%alloc_5 : memref<f32>) attrs =  {lowering_config = {mma_kind = 0 : i32, promoted_operands = [], reduction = [4, 4], subgroup = [0, 0], thread = [0, 0], workgroup = [0, 0]}} {
        ^bb0(%in: f32, %in_8: f32, %in_9: i32, %out: f32):
          %2 = linalg.index 0 : index
          %3 = affine.apply affine_map<(d0)[s0] -> (d0 + s0)>(%arg4)[%2]
          %4 = linalg.index 1 : index
          %5 = affine.apply affine_map<(d0, d1)[s0] -> (d0 + d1 * 128 + s0)>(%arg5, %arg3)[%4]
          %6 = arith.index_cast %in_9 : i32 to index
          %7 = memref.load %arg0[%3, %5, %6] : memref<8x1024x1536xf32, 1>
          %8 = math.log %in : f32
          %9 = arith.addf %8, %in_8 : f32
          %10 = arith.subf %9, %7 : f32
          %11 = arith.addf %10, %out : f32
          linalg.yield %11 : f32
        }
      }
    }
    linalg.generic {indexing_maps = [affine_map<() -> ()>, affine_map<() -> ()>], iterator_types = []} ins(%alloc_5 : memref<f32>) outs(%alloc_3 : memref<f32>) attrs =  {lowering_config = {mma_kind = 0 : i32, promoted_operands = [], reduction = [], subgroup = [], thread = [], workgroup = []}} {
    ^bb0(%in: f32, %out: f32):
      %1 = arith.divf %in, %cst_2 : f32
      linalg.yield %1 : f32
    }
  } {mapping = [#gpu.block<x>]}
  %expand_shape = memref.expand_shape %alloc_3 [] output_shape [1] : memref<f32> into memref<1xf32>
  memref.copy %expand_shape, %arg2 : memref<1xf32> to memref<1xf32, 1>
  return
}

// -----// IR Dump After ExpandReallocPass (expand-realloc) //----- //
#map = affine_map<(d0) -> (d0 * 128)>
#map1 = affine_map<(d0, d1) -> (d0, d1)>
#map2 = affine_map<(d0, d1, d2) -> (d0, d1, d2)>
#map3 = affine_map<(d0, d1, d2) -> (d0, d1)>
#map4 = affine_map<() -> ()>
#map5 = affine_map<(d0)[s0] -> (d0 * 128 + s0)>
#map6 = affine_map<(d0, d1) -> ()>
#map7 = affine_map<(d0)[s0] -> (d0 + s0)>
#map8 = affine_map<(d0, d1)[s0] -> (d0 + d1 * 128 + s0)>
module {
  func.func @main(%arg0: memref<8x1024x1536xf32, 1>, %arg1: memref<8x1024xi32, 1>, %arg2: memref<1xf32, 1> {bufferization.writable = true}) attributes {llvm.emit_c_interface} {
    %cst = arith.constant 0xFF800000 : f32
    %cst_0 = arith.constant 0.000000e+00 : f32
    %cst_1 = arith.constant -3.40282347E+38 : f32
    %c128 = arith.constant 128 : index
    %c8 = arith.constant 8 : index
    %c4 = arith.constant 4 : index
    %c1536 = arith.constant 1536 : index
    %c0 = arith.constant 0 : index
    %cst_2 = arith.constant 8.192000e+03 : f32
    %alloc = memref.alloc() : memref<8x1024xf32>
    scf.forall (%arg3) in (8) {
      %0 = affine.apply #map(%arg3)
      %subview = memref.subview %alloc[0, %0] [8, 128] [1, 1] : memref<8x1024xf32> to memref<8x128xf32, strided<[1024, 1], offset: ?>>
      %alloca = memref.alloca() : memref<8x128xf32, #gpu.address_space<private>>
      linalg.generic {indexing_maps = [#map1], iterator_types = ["parallel", "parallel"]} outs(%alloca : memref<8x128xf32, #gpu.address_space<private>>) {
      ^bb0(%out: f32):
        linalg.yield %cst_1 : f32
      }
      scf.for %arg4 = %c0 to %c1536 step %c4 {
        %subview_5 = memref.subview %arg0[0, %0, %arg4] [8, 128, 4] [1, 1, 1] : memref<8x1024x1536xf32, 1> to memref<8x128x4xf32, strided<[1572864, 1536, 1], offset: ?>, 1>
        linalg.generic {indexing_maps = [#map2, #map3], iterator_types = ["parallel", "parallel", "reduction"]} ins(%subview_5 : memref<8x128x4xf32, strided<[1572864, 1536, 1], offset: ?>, 1>) outs(%alloca : memref<8x128xf32, #gpu.address_space<private>>) attrs =  {lowering_config = {mma_kind = 0 : i32, promoted_operands = [], reduction = [0, 0, 4], subgroup = [0, 0, 0], thread = [1, 8, 0], workgroup = [8, 128, 0]}} {
        ^bb0(%in: f32, %out: f32):
          %1 = arith.maximumf %in, %out : f32
          linalg.yield %1 : f32
        }
      }
      linalg.generic {indexing_maps = [#map1], iterator_types = ["parallel", "parallel"]} outs(%subview : memref<8x128xf32, strided<[1024, 1], offset: ?>>) {
      ^bb0(%out: f32):
        linalg.yield %cst_0 : f32
      }
      scf.for %arg4 = %c0 to %c1536 step %c4 {
        %subview_5 = memref.subview %arg0[0, %0, %arg4] [8, 128, 4] [1, 1, 1] : memref<8x1024x1536xf32, 1> to memref<8x128x4xf32, strided<[1572864, 1536, 1], offset: ?>, 1>
        linalg.generic {indexing_maps = [#map2, #map3, #map3], iterator_types = ["parallel", "parallel", "reduction"]} ins(%subview_5, %alloca : memref<8x128x4xf32, strided<[1572864, 1536, 1], offset: ?>, 1>, memref<8x128xf32, #gpu.address_space<private>>) outs(%subview : memref<8x128xf32, strided<[1024, 1], offset: ?>>) attrs =  {lowering_config = {mma_kind = 0 : i32, promoted_operands = [], reduction = [0, 0, 4], subgroup = [0, 0, 0], thread = [1, 8, 0], workgroup = [8, 128, 0]}} {
        ^bb0(%in: f32, %in_6: f32, %out: f32):
          %1 = arith.subf %in, %in_6 : f32
          %2 = math.exp %1 : f32
          %3 = arith.addf %2, %out : f32
          linalg.yield %3 : f32
        }
      }
    } {mapping = [#gpu.block<x>]}
    %alloc_3 = memref.alloc() : memref<f32>
    %alloc_4 = memref.alloc() : memref<f32>
    linalg.generic {indexing_maps = [#map4], iterator_types = []} outs(%alloc_4 : memref<f32>) {
    ^bb0(%out: f32):
      linalg.yield %cst_0 : f32
    }
    scf.forall (%arg3) in (8) {
      %0 = affine.apply #map(%arg3)
      %alloca = memref.alloca() : memref<8x128xf32, #gpu.address_space<private>>
      linalg.generic {indexing_maps = [#map1], iterator_types = ["parallel", "parallel"]} outs(%alloca : memref<8x128xf32, #gpu.address_space<private>>) {
      ^bb0(%out: f32):
        linalg.yield %cst : f32
      }
      scf.for %arg4 = %c0 to %c1536 step %c4 {
        %subview = memref.subview %arg0[0, %0, %arg4] [8, 128, 4] [1, 1, 1] : memref<8x1024x1536xf32, 1> to memref<8x128x4xf32, strided<[1572864, 1536, 1], offset: ?>, 1>
        linalg.generic {indexing_maps = [#map2, #map3], iterator_types = ["parallel", "parallel", "reduction"]} ins(%subview : memref<8x128x4xf32, strided<[1572864, 1536, 1], offset: ?>, 1>) outs(%alloca : memref<8x128xf32, #gpu.address_space<private>>) attrs =  {lowering_config = {mma_kind = 0 : i32, promoted_operands = [], reduction = [0, 0, 4], subgroup = [0, 0, 0], thread = [1, 8, 0], workgroup = [8, 128, 0]}} {
        ^bb0(%in: f32, %out: f32):
          %1 = arith.maxnumf %in, %out : f32
          linalg.yield %1 : f32
        }
      }
      %alloc_5 = memref.alloc() : memref<f32>
      linalg.copy ins(%alloc_4 : memref<f32>) outs(%alloc_5 : memref<f32>)
      scf.for %arg4 = %c0 to %c8 step %c4 {
        scf.for %arg5 = %c0 to %c128 step %c4 {
          %1 = affine.apply #map5(%arg3)[%arg5]
          %subview = memref.subview %alloc[%arg4, %1] [4, 4] [1, 1] : memref<8x1024xf32> to memref<4x4xf32, strided<[1024, 1], offset: ?>>
          %subview_6 = memref.subview %alloca[%arg4, %arg5] [4, 4] [1, 1] : memref<8x128xf32, #gpu.address_space<private>> to memref<4x4xf32, strided<[128, 1], offset: ?>, #gpu.address_space<private>>
          %subview_7 = memref.subview %arg1[%arg4, %1] [4, 4] [1, 1] : memref<8x1024xi32, 1> to memref<4x4xi32, strided<[1024, 1], offset: ?>, 1>
          linalg.generic {indexing_maps = [#map1, #map1, #map1, #map6], iterator_types = ["reduction", "reduction"]} ins(%subview, %subview_6, %subview_7 : memref<4x4xf32, strided<[1024, 1], offset: ?>>, memref<4x4xf32, strided<[128, 1], offset: ?>, #gpu.address_space<private>>, memref<4x4xi32, strided<[1024, 1], offset: ?>, 1>) outs(%alloc_5 : memref<f32>) attrs =  {lowering_config = {mma_kind = 0 : i32, promoted_operands = [], reduction = [4, 4], subgroup = [0, 0], thread = [0, 0], workgroup = [0, 0]}} {
          ^bb0(%in: f32, %in_8: f32, %in_9: i32, %out: f32):
            %2 = linalg.index 0 : index
            %3 = affine.apply #map7(%arg4)[%2]
            %4 = linalg.index 1 : index
            %5 = affine.apply #map8(%arg5, %arg3)[%4]
            %6 = arith.index_cast %in_9 : i32 to index
            %7 = memref.load %arg0[%3, %5, %6] : memref<8x1024x1536xf32, 1>
            %8 = math.log %in : f32
            %9 = arith.addf %8, %in_8 : f32
            %10 = arith.subf %9, %7 : f32
            %11 = arith.addf %10, %out : f32
            linalg.yield %11 : f32
          }
        }
      }
      linalg.generic {indexing_maps = [#map4, #map4], iterator_types = []} ins(%alloc_5 : memref<f32>) outs(%alloc_3 : memref<f32>) attrs =  {lowering_config = {mma_kind = 0 : i32, promoted_operands = [], reduction = [], subgroup = [], thread = [], workgroup = []}} {
      ^bb0(%in: f32, %out: f32):
        %1 = arith.divf %in, %cst_2 : f32
        linalg.yield %1 : f32
      }
    } {mapping = [#gpu.block<x>]}
    %expand_shape = memref.expand_shape %alloc_3 [] output_shape [1] : memref<f32> into memref<1xf32>
    memref.copy %expand_shape, %arg2 : memref<1xf32> to memref<1xf32, 1>
    return
  }
}



// -----// IR Dump After OwnershipBasedBufferDeallocationPass (ownership-based-buffer-deallocation) //----- //
#map = affine_map<(d0) -> (d0 * 128)>
#map1 = affine_map<(d0, d1) -> (d0, d1)>
#map2 = affine_map<(d0, d1, d2) -> (d0, d1, d2)>
#map3 = affine_map<(d0, d1, d2) -> (d0, d1)>
#map4 = affine_map<() -> ()>
#map5 = affine_map<(d0)[s0] -> (d0 * 128 + s0)>
#map6 = affine_map<(d0, d1) -> ()>
#map7 = affine_map<(d0)[s0] -> (d0 + s0)>
#map8 = affine_map<(d0, d1)[s0] -> (d0 + d1 * 128 + s0)>
module {
  func.func @main(%arg0: memref<8x1024x1536xf32, 1>, %arg1: memref<8x1024xi32, 1>, %arg2: memref<1xf32, 1> {bufferization.writable = true}) attributes {llvm.emit_c_interface} {
    %false = arith.constant false
    %true = arith.constant true
    %true_0 = arith.constant true
    %false_1 = arith.constant false
    %true_2 = arith.constant true
    %false_3 = arith.constant false
    %false_4 = arith.constant false
    %false_5 = arith.constant false
    %cst = arith.constant 0xFF800000 : f32
    %cst_6 = arith.constant 0.000000e+00 : f32
    %cst_7 = arith.constant -3.40282347E+38 : f32
    %c128 = arith.constant 128 : index
    %c8 = arith.constant 8 : index
    %c4 = arith.constant 4 : index
    %c1536 = arith.constant 1536 : index
    %c0 = arith.constant 0 : index
    %cst_8 = arith.constant 8.192000e+03 : f32
    %alloc = memref.alloc() : memref<8x1024xf32>
    scf.forall (%arg3) in (8) {
      %false_27 = arith.constant false
      %false_28 = arith.constant false
      %false_29 = arith.constant false
      %false_30 = arith.constant false
      %false_31 = arith.constant false
      %0 = affine.apply #map(%arg3)
      %false_32 = arith.constant false
      %subview = memref.subview %alloc[0, %0] [8, 128] [1, 1] : memref<8x1024xf32> to memref<8x128xf32, strided<[1024, 1], offset: ?>>
      %alloca = memref.alloca() : memref<8x128xf32, #gpu.address_space<private>>
      linalg.generic {indexing_maps = [#map1], iterator_types = ["parallel", "parallel"]} outs(%alloca : memref<8x128xf32, #gpu.address_space<private>>) {
      ^bb0(%out: f32):
        linalg.yield %cst_7 : f32
      }
      scf.for %arg4 = %c0 to %c1536 step %c4 {
        %false_33 = arith.constant false
        %false_34 = arith.constant false
        %false_35 = arith.constant false
        %subview_36 = memref.subview %arg0[0, %0, %arg4] [8, 128, 4] [1, 1, 1] : memref<8x1024x1536xf32, 1> to memref<8x128x4xf32, strided<[1572864, 1536, 1], offset: ?>, 1>
        linalg.generic {indexing_maps = [#map2, #map3], iterator_types = ["parallel", "parallel", "reduction"]} ins(%subview_36 : memref<8x128x4xf32, strided<[1572864, 1536, 1], offset: ?>, 1>) outs(%alloca : memref<8x128xf32, #gpu.address_space<private>>) attrs =  {lowering_config = {mma_kind = 0 : i32, promoted_operands = [], reduction = [0, 0, 4], subgroup = [0, 0, 0], thread = [1, 8, 0], workgroup = [8, 128, 0]}} {
        ^bb0(%in: f32, %out: f32):
          %1 = arith.maximumf %in, %out : f32
          linalg.yield %1 : f32
        }
      }
      linalg.generic {indexing_maps = [#map1], iterator_types = ["parallel", "parallel"]} outs(%subview : memref<8x128xf32, strided<[1024, 1], offset: ?>>) {
      ^bb0(%out: f32):
        linalg.yield %cst_6 : f32
      }
      scf.for %arg4 = %c0 to %c1536 step %c4 {
        %false_33 = arith.constant false
        %false_34 = arith.constant false
        %false_35 = arith.constant false
        %false_36 = arith.constant false
        %subview_37 = memref.subview %arg0[0, %0, %arg4] [8, 128, 4] [1, 1, 1] : memref<8x1024x1536xf32, 1> to memref<8x128x4xf32, strided<[1572864, 1536, 1], offset: ?>, 1>
        linalg.generic {indexing_maps = [#map2, #map3, #map3], iterator_types = ["parallel", "parallel", "reduction"]} ins(%subview_37, %alloca : memref<8x128x4xf32, strided<[1572864, 1536, 1], offset: ?>, 1>, memref<8x128xf32, #gpu.address_space<private>>) outs(%subview : memref<8x128xf32, strided<[1024, 1], offset: ?>>) attrs =  {lowering_config = {mma_kind = 0 : i32, promoted_operands = [], reduction = [0, 0, 4], subgroup = [0, 0, 0], thread = [1, 8, 0], workgroup = [8, 128, 0]}} {
        ^bb0(%in: f32, %in_38: f32, %out: f32):
          %1 = arith.subf %in, %in_38 : f32
          %2 = math.exp %1 : f32
          %3 = arith.addf %2, %out : f32
          linalg.yield %3 : f32
        }
      }
    } {mapping = [#gpu.block<x>]}
    %alloc_9 = memref.alloc() : memref<f32>
    %alloc_10 = memref.alloc() : memref<f32>
    linalg.generic {indexing_maps = [#map4], iterator_types = []} outs(%alloc_10 : memref<f32>) {
    ^bb0(%out: f32):
      linalg.yield %cst_6 : f32
    }
    scf.forall (%arg3) in (8) {
      %false_27 = arith.constant false
      %true_28 = arith.constant true
      %false_29 = arith.constant false
      %false_30 = arith.constant false
      %false_31 = arith.constant false
      %false_32 = arith.constant false
      %false_33 = arith.constant false
      %false_34 = arith.constant false
      %false_35 = arith.constant false
      %0 = affine.apply #map(%arg3)
      %alloca = memref.alloca() : memref<8x128xf32, #gpu.address_space<private>>
      linalg.generic {indexing_maps = [#map1], iterator_types = ["parallel", "parallel"]} outs(%alloca : memref<8x128xf32, #gpu.address_space<private>>) {
      ^bb0(%out: f32):
        linalg.yield %cst : f32
      }
      scf.for %arg4 = %c0 to %c1536 step %c4 {
        %false_39 = arith.constant false
        %false_40 = arith.constant false
        %false_41 = arith.constant false
        %subview = memref.subview %arg0[0, %0, %arg4] [8, 128, 4] [1, 1, 1] : memref<8x1024x1536xf32, 1> to memref<8x128x4xf32, strided<[1572864, 1536, 1], offset: ?>, 1>
        linalg.generic {indexing_maps = [#map2, #map3], iterator_types = ["parallel", "parallel", "reduction"]} ins(%subview : memref<8x128x4xf32, strided<[1572864, 1536, 1], offset: ?>, 1>) outs(%alloca : memref<8x128xf32, #gpu.address_space<private>>) attrs =  {lowering_config = {mma_kind = 0 : i32, promoted_operands = [], reduction = [0, 0, 4], subgroup = [0, 0, 0], thread = [1, 8, 0], workgroup = [8, 128, 0]}} {
        ^bb0(%in: f32, %out: f32):
          %1 = arith.maxnumf %in, %out : f32
          linalg.yield %1 : f32
        }
      }
      %alloc_36 = memref.alloc() : memref<f32>
      linalg.copy ins(%alloc_10 : memref<f32>) outs(%alloc_36 : memref<f32>)
      scf.for %arg4 = %c0 to %c8 step %c4 {
        %false_39 = arith.constant false
        %false_40 = arith.constant false
        %false_41 = arith.constant false
        %false_42 = arith.constant false
        %false_43 = arith.constant false
        %false_44 = arith.constant false
        scf.for %arg5 = %c0 to %c128 step %c4 {
          %false_45 = arith.constant false
          %false_46 = arith.constant false
          %false_47 = arith.constant false
          %false_48 = arith.constant false
          %false_49 = arith.constant false
          %1 = affine.apply #map5(%arg3)[%arg5]
          %false_50 = arith.constant false
          %subview = memref.subview %alloc[%arg4, %1] [4, 4] [1, 1] : memref<8x1024xf32> to memref<4x4xf32, strided<[1024, 1], offset: ?>>
          %false_51 = arith.constant false
          %subview_52 = memref.subview %alloca[%arg4, %arg5] [4, 4] [1, 1] : memref<8x128xf32, #gpu.address_space<private>> to memref<4x4xf32, strided<[128, 1], offset: ?>, #gpu.address_space<private>>
          %false_53 = arith.constant false
          %subview_54 = memref.subview %arg1[%arg4, %1] [4, 4] [1, 1] : memref<8x1024xi32, 1> to memref<4x4xi32, strided<[1024, 1], offset: ?>, 1>
          linalg.generic {indexing_maps = [#map1, #map1, #map1, #map6], iterator_types = ["reduction", "reduction"]} ins(%subview, %subview_52, %subview_54 : memref<4x4xf32, strided<[1024, 1], offset: ?>>, memref<4x4xf32, strided<[128, 1], offset: ?>, #gpu.address_space<private>>, memref<4x4xi32, strided<[1024, 1], offset: ?>, 1>) outs(%alloc_36 : memref<f32>) attrs =  {lowering_config = {mma_kind = 0 : i32, promoted_operands = [], reduction = [4, 4], subgroup = [0, 0], thread = [0, 0], workgroup = [0, 0]}} {
          ^bb0(%in: f32, %in_55: f32, %in_56: i32, %out: f32):
            %false_57 = arith.constant false
            %2 = linalg.index 0 : index
            %3 = affine.apply #map7(%arg4)[%2]
            %4 = linalg.index 1 : index
            %5 = affine.apply #map8(%arg5, %arg3)[%4]
            %6 = arith.index_cast %in_56 : i32 to index
            %7 = memref.load %arg0[%3, %5, %6] : memref<8x1024x1536xf32, 1>
            %8 = math.log %in : f32
            %9 = arith.addf %8, %in_55 : f32
            %10 = arith.subf %9, %7 : f32
            %11 = arith.addf %10, %out : f32
            linalg.yield %11 : f32
          }
        }
      }
      linalg.generic {indexing_maps = [#map4, #map4], iterator_types = []} ins(%alloc_36 : memref<f32>) outs(%alloc_9 : memref<f32>) attrs =  {lowering_config = {mma_kind = 0 : i32, promoted_operands = [], reduction = [], subgroup = [], thread = [], workgroup = []}} {
      ^bb0(%in: f32, %out: f32):
        %1 = arith.divf %in, %cst_8 : f32
        linalg.yield %1 : f32
      }
      %base_buffer_37, %offset_38 = memref.extract_strided_metadata %alloc_36 : memref<f32> -> memref<f32>, index
      bufferization.dealloc (%base_buffer_37 : memref<f32>) if (%true_28)
    } {mapping = [#gpu.block<x>]}
    %expand_shape = memref.expand_shape %alloc_9 [] output_shape [1] : memref<f32> into memref<1xf32>
    memref.copy %expand_shape, %arg2 : memref<1xf32> to memref<1xf32, 1>
    %base_buffer, %offset, %sizes:3, %strides:3 = memref.extract_strided_metadata %arg0 : memref<8x1024x1536xf32, 1> -> memref<f32, 1>, index, index, index, index, index, index, index
    %base_buffer_11, %offset_12, %sizes_13:2, %strides_14:2 = memref.extract_strided_metadata %arg1 : memref<8x1024xi32, 1> -> memref<i32, 1>, index, index, index, index, index
    %base_buffer_15, %offset_16, %sizes_17, %strides_18 = memref.extract_strided_metadata %arg2 : memref<1xf32, 1> -> memref<f32, 1>, index, index, index
    %base_buffer_19, %offset_20, %sizes_21:2, %strides_22:2 = memref.extract_strided_metadata %alloc : memref<8x1024xf32> -> memref<f32>, index, index, index, index, index
    %base_buffer_23, %offset_24 = memref.extract_strided_metadata %alloc_9 : memref<f32> -> memref<f32>, index
    %base_buffer_25, %offset_26 = memref.extract_strided_metadata %alloc_10 : memref<f32> -> memref<f32>, index
    bufferization.dealloc (%base_buffer, %base_buffer_11, %base_buffer_15, %base_buffer_19, %base_buffer_23, %base_buffer_25 : memref<f32, 1>, memref<i32, 1>, memref<f32, 1>, memref<f32>, memref<f32>, memref<f32>) if (%false_3, %false_4, %false_5, %true_2, %true_0, %true)
    return
  }
}


// -----// IR Dump After BufferDeallocationSimplificationPass (buffer-deallocation-simplification) //----- //
#map = affine_map<(d0) -> (d0 * 128)>
#map1 = affine_map<(d0, d1) -> (d0, d1)>
#map2 = affine_map<(d0, d1, d2) -> (d0, d1, d2)>
#map3 = affine_map<(d0, d1, d2) -> (d0, d1)>
#map4 = affine_map<() -> ()>
#map5 = affine_map<(d0)[s0] -> (d0 * 128 + s0)>
#map6 = affine_map<(d0, d1) -> ()>
#map7 = affine_map<(d0)[s0] -> (d0 + s0)>
#map8 = affine_map<(d0, d1)[s0] -> (d0 + d1 * 128 + s0)>
module {
  func.func @main(%arg0: memref<8x1024x1536xf32, 1>, %arg1: memref<8x1024xi32, 1>, %arg2: memref<1xf32, 1> {bufferization.writable = true}) attributes {llvm.emit_c_interface} {
    %true = arith.constant true
    %cst = arith.constant 0xFF800000 : f32
    %cst_0 = arith.constant 0.000000e+00 : f32
    %cst_1 = arith.constant -3.40282347E+38 : f32
    %c128 = arith.constant 128 : index
    %c8 = arith.constant 8 : index
    %c4 = arith.constant 4 : index
    %c1536 = arith.constant 1536 : index
    %c0 = arith.constant 0 : index
    %cst_2 = arith.constant 8.192000e+03 : f32
    %alloc = memref.alloc() : memref<8x1024xf32>
    scf.forall (%arg3) in (8) {
      %0 = affine.apply #map(%arg3)
      %subview = memref.subview %alloc[0, %0] [8, 128] [1, 1] : memref<8x1024xf32> to memref<8x128xf32, strided<[1024, 1], offset: ?>>
      %alloca = memref.alloca() : memref<8x128xf32, #gpu.address_space<private>>
      linalg.generic {indexing_maps = [#map1], iterator_types = ["parallel", "parallel"]} outs(%alloca : memref<8x128xf32, #gpu.address_space<private>>) {
      ^bb0(%out: f32):
        linalg.yield %cst_1 : f32
      }
      scf.for %arg4 = %c0 to %c1536 step %c4 {
        %subview_5 = memref.subview %arg0[0, %0, %arg4] [8, 128, 4] [1, 1, 1] : memref<8x1024x1536xf32, 1> to memref<8x128x4xf32, strided<[1572864, 1536, 1], offset: ?>, 1>
        linalg.generic {indexing_maps = [#map2, #map3], iterator_types = ["parallel", "parallel", "reduction"]} ins(%subview_5 : memref<8x128x4xf32, strided<[1572864, 1536, 1], offset: ?>, 1>) outs(%alloca : memref<8x128xf32, #gpu.address_space<private>>) attrs =  {lowering_config = {mma_kind = 0 : i32, promoted_operands = [], reduction = [0, 0, 4], subgroup = [0, 0, 0], thread = [1, 8, 0], workgroup = [8, 128, 0]}} {
        ^bb0(%in: f32, %out: f32):
          %1 = arith.maximumf %in, %out : f32
          linalg.yield %1 : f32
        }
      }
      linalg.generic {indexing_maps = [#map1], iterator_types = ["parallel", "parallel"]} outs(%subview : memref<8x128xf32, strided<[1024, 1], offset: ?>>) {
      ^bb0(%out: f32):
        linalg.yield %cst_0 : f32
      }
      scf.for %arg4 = %c0 to %c1536 step %c4 {
        %subview_5 = memref.subview %arg0[0, %0, %arg4] [8, 128, 4] [1, 1, 1] : memref<8x1024x1536xf32, 1> to memref<8x128x4xf32, strided<[1572864, 1536, 1], offset: ?>, 1>
        linalg.generic {indexing_maps = [#map2, #map3, #map3], iterator_types = ["parallel", "parallel", "reduction"]} ins(%subview_5, %alloca : memref<8x128x4xf32, strided<[1572864, 1536, 1], offset: ?>, 1>, memref<8x128xf32, #gpu.address_space<private>>) outs(%subview : memref<8x128xf32, strided<[1024, 1], offset: ?>>) attrs =  {lowering_config = {mma_kind = 0 : i32, promoted_operands = [], reduction = [0, 0, 4], subgroup = [0, 0, 0], thread = [1, 8, 0], workgroup = [8, 128, 0]}} {
        ^bb0(%in: f32, %in_6: f32, %out: f32):
          %1 = arith.subf %in, %in_6 : f32
          %2 = math.exp %1 : f32
          %3 = arith.addf %2, %out : f32
          linalg.yield %3 : f32
        }
      }
    } {mapping = [#gpu.block<x>]}
    %alloc_3 = memref.alloc() : memref<f32>
    %alloc_4 = memref.alloc() : memref<f32>
    linalg.generic {indexing_maps = [#map4], iterator_types = []} outs(%alloc_4 : memref<f32>) {
    ^bb0(%out: f32):
      linalg.yield %cst_0 : f32
    }
    scf.forall (%arg3) in (8) {
      %0 = affine.apply #map(%arg3)
      %alloca = memref.alloca() : memref<8x128xf32, #gpu.address_space<private>>
      linalg.generic {indexing_maps = [#map1], iterator_types = ["parallel", "parallel"]} outs(%alloca : memref<8x128xf32, #gpu.address_space<private>>) {
      ^bb0(%out: f32):
        linalg.yield %cst : f32
      }
      scf.for %arg4 = %c0 to %c1536 step %c4 {
        %subview = memref.subview %arg0[0, %0, %arg4] [8, 128, 4] [1, 1, 1] : memref<8x1024x1536xf32, 1> to memref<8x128x4xf32, strided<[1572864, 1536, 1], offset: ?>, 1>
        linalg.generic {indexing_maps = [#map2, #map3], iterator_types = ["parallel", "parallel", "reduction"]} ins(%subview : memref<8x128x4xf32, strided<[1572864, 1536, 1], offset: ?>, 1>) outs(%alloca : memref<8x128xf32, #gpu.address_space<private>>) attrs =  {lowering_config = {mma_kind = 0 : i32, promoted_operands = [], reduction = [0, 0, 4], subgroup = [0, 0, 0], thread = [1, 8, 0], workgroup = [8, 128, 0]}} {
        ^bb0(%in: f32, %out: f32):
          %1 = arith.maxnumf %in, %out : f32
          linalg.yield %1 : f32
        }
      }
      %alloc_5 = memref.alloc() : memref<f32>
      linalg.copy ins(%alloc_4 : memref<f32>) outs(%alloc_5 : memref<f32>)
      scf.for %arg4 = %c0 to %c8 step %c4 {
        scf.for %arg5 = %c0 to %c128 step %c4 {
          %1 = affine.apply #map5(%arg3)[%arg5]
          %subview = memref.subview %alloc[%arg4, %1] [4, 4] [1, 1] : memref<8x1024xf32> to memref<4x4xf32, strided<[1024, 1], offset: ?>>
          %subview_6 = memref.subview %alloca[%arg4, %arg5] [4, 4] [1, 1] : memref<8x128xf32, #gpu.address_space<private>> to memref<4x4xf32, strided<[128, 1], offset: ?>, #gpu.address_space<private>>
          %subview_7 = memref.subview %arg1[%arg4, %1] [4, 4] [1, 1] : memref<8x1024xi32, 1> to memref<4x4xi32, strided<[1024, 1], offset: ?>, 1>
          linalg.generic {indexing_maps = [#map1, #map1, #map1, #map6], iterator_types = ["reduction", "reduction"]} ins(%subview, %subview_6, %subview_7 : memref<4x4xf32, strided<[1024, 1], offset: ?>>, memref<4x4xf32, strided<[128, 1], offset: ?>, #gpu.address_space<private>>, memref<4x4xi32, strided<[1024, 1], offset: ?>, 1>) outs(%alloc_5 : memref<f32>) attrs =  {lowering_config = {mma_kind = 0 : i32, promoted_operands = [], reduction = [4, 4], subgroup = [0, 0], thread = [0, 0], workgroup = [0, 0]}} {
          ^bb0(%in: f32, %in_8: f32, %in_9: i32, %out: f32):
            %2 = linalg.index 0 : index
            %3 = affine.apply #map7(%arg4)[%2]
            %4 = linalg.index 1 : index
            %5 = affine.apply #map8(%arg5, %arg3)[%4]
            %6 = arith.index_cast %in_9 : i32 to index
            %7 = memref.load %arg0[%3, %5, %6] : memref<8x1024x1536xf32, 1>
            %8 = math.log %in : f32
            %9 = arith.addf %8, %in_8 : f32
            %10 = arith.subf %9, %7 : f32
            %11 = arith.addf %10, %out : f32
            linalg.yield %11 : f32
          }
        }
      }
      linalg.generic {indexing_maps = [#map4, #map4], iterator_types = []} ins(%alloc_5 : memref<f32>) outs(%alloc_3 : memref<f32>) attrs =  {lowering_config = {mma_kind = 0 : i32, promoted_operands = [], reduction = [], subgroup = [], thread = [], workgroup = []}} {
      ^bb0(%in: f32, %out: f32):
        %1 = arith.divf %in, %cst_2 : f32
        linalg.yield %1 : f32
      }
      bufferization.dealloc (%alloc_5 : memref<f32>) if (%true)
    } {mapping = [#gpu.block<x>]}
    %expand_shape = memref.expand_shape %alloc_3 [] output_shape [1] : memref<f32> into memref<1xf32>
    memref.copy %expand_shape, %arg2 : memref<1xf32> to memref<1xf32, 1>
    bufferization.dealloc (%alloc : memref<8x1024xf32>) if (%true)
    bufferization.dealloc (%alloc_3 : memref<f32>) if (%true)
    bufferization.dealloc (%alloc_4 : memref<f32>) if (%true)
    return
  }
}


// -----// IR Dump After LowerDeallocationsPass (bufferization-lower-deallocations) //----- //
#map = affine_map<(d0) -> (d0 * 128)>
#map1 = affine_map<(d0, d1) -> (d0, d1)>
#map2 = affine_map<(d0, d1, d2) -> (d0, d1, d2)>
#map3 = affine_map<(d0, d1, d2) -> (d0, d1)>
#map4 = affine_map<() -> ()>
#map5 = affine_map<(d0)[s0] -> (d0 * 128 + s0)>
#map6 = affine_map<(d0, d1) -> ()>
#map7 = affine_map<(d0)[s0] -> (d0 + s0)>
#map8 = affine_map<(d0, d1)[s0] -> (d0 + d1 * 128 + s0)>
module {
  func.func @main(%arg0: memref<8x1024x1536xf32, 1>, %arg1: memref<8x1024xi32, 1>, %arg2: memref<1xf32, 1> {bufferization.writable = true}) attributes {llvm.emit_c_interface} {
    %true = arith.constant true
    %cst = arith.constant 0xFF800000 : f32
    %cst_0 = arith.constant 0.000000e+00 : f32
    %cst_1 = arith.constant -3.40282347E+38 : f32
    %c128 = arith.constant 128 : index
    %c8 = arith.constant 8 : index
    %c4 = arith.constant 4 : index
    %c1536 = arith.constant 1536 : index
    %c0 = arith.constant 0 : index
    %cst_2 = arith.constant 8.192000e+03 : f32
    %alloc = memref.alloc() : memref<8x1024xf32>
    scf.forall (%arg3) in (8) {
      %0 = affine.apply #map(%arg3)
      %subview = memref.subview %alloc[0, %0] [8, 128] [1, 1] : memref<8x1024xf32> to memref<8x128xf32, strided<[1024, 1], offset: ?>>
      %alloca = memref.alloca() : memref<8x128xf32, #gpu.address_space<private>>
      linalg.generic {indexing_maps = [#map1], iterator_types = ["parallel", "parallel"]} outs(%alloca : memref<8x128xf32, #gpu.address_space<private>>) {
      ^bb0(%out: f32):
        linalg.yield %cst_1 : f32
      }
      scf.for %arg4 = %c0 to %c1536 step %c4 {
        %subview_5 = memref.subview %arg0[0, %0, %arg4] [8, 128, 4] [1, 1, 1] : memref<8x1024x1536xf32, 1> to memref<8x128x4xf32, strided<[1572864, 1536, 1], offset: ?>, 1>
        linalg.generic {indexing_maps = [#map2, #map3], iterator_types = ["parallel", "parallel", "reduction"]} ins(%subview_5 : memref<8x128x4xf32, strided<[1572864, 1536, 1], offset: ?>, 1>) outs(%alloca : memref<8x128xf32, #gpu.address_space<private>>) attrs =  {lowering_config = {mma_kind = 0 : i32, promoted_operands = [], reduction = [0, 0, 4], subgroup = [0, 0, 0], thread = [1, 8, 0], workgroup = [8, 128, 0]}} {
        ^bb0(%in: f32, %out: f32):
          %1 = arith.maximumf %in, %out : f32
          linalg.yield %1 : f32
        }
      }
      linalg.generic {indexing_maps = [#map1], iterator_types = ["parallel", "parallel"]} outs(%subview : memref<8x128xf32, strided<[1024, 1], offset: ?>>) {
      ^bb0(%out: f32):
        linalg.yield %cst_0 : f32
      }
      scf.for %arg4 = %c0 to %c1536 step %c4 {
        %subview_5 = memref.subview %arg0[0, %0, %arg4] [8, 128, 4] [1, 1, 1] : memref<8x1024x1536xf32, 1> to memref<8x128x4xf32, strided<[1572864, 1536, 1], offset: ?>, 1>
        linalg.generic {indexing_maps = [#map2, #map3, #map3], iterator_types = ["parallel", "parallel", "reduction"]} ins(%subview_5, %alloca : memref<8x128x4xf32, strided<[1572864, 1536, 1], offset: ?>, 1>, memref<8x128xf32, #gpu.address_space<private>>) outs(%subview : memref<8x128xf32, strided<[1024, 1], offset: ?>>) attrs =  {lowering_config = {mma_kind = 0 : i32, promoted_operands = [], reduction = [0, 0, 4], subgroup = [0, 0, 0], thread = [1, 8, 0], workgroup = [8, 128, 0]}} {
        ^bb0(%in: f32, %in_6: f32, %out: f32):
          %1 = arith.subf %in, %in_6 : f32
          %2 = math.exp %1 : f32
          %3 = arith.addf %2, %out : f32
          linalg.yield %3 : f32
        }
      }
    } {mapping = [#gpu.block<x>]}
    %alloc_3 = memref.alloc() : memref<f32>
    %alloc_4 = memref.alloc() : memref<f32>
    linalg.generic {indexing_maps = [#map4], iterator_types = []} outs(%alloc_4 : memref<f32>) {
    ^bb0(%out: f32):
      linalg.yield %cst_0 : f32
    }
    scf.forall (%arg3) in (8) {
      %0 = affine.apply #map(%arg3)
      %alloca = memref.alloca() : memref<8x128xf32, #gpu.address_space<private>>
      linalg.generic {indexing_maps = [#map1], iterator_types = ["parallel", "parallel"]} outs(%alloca : memref<8x128xf32, #gpu.address_space<private>>) {
      ^bb0(%out: f32):
        linalg.yield %cst : f32
      }
      scf.for %arg4 = %c0 to %c1536 step %c4 {
        %subview = memref.subview %arg0[0, %0, %arg4] [8, 128, 4] [1, 1, 1] : memref<8x1024x1536xf32, 1> to memref<8x128x4xf32, strided<[1572864, 1536, 1], offset: ?>, 1>
        linalg.generic {indexing_maps = [#map2, #map3], iterator_types = ["parallel", "parallel", "reduction"]} ins(%subview : memref<8x128x4xf32, strided<[1572864, 1536, 1], offset: ?>, 1>) outs(%alloca : memref<8x128xf32, #gpu.address_space<private>>) attrs =  {lowering_config = {mma_kind = 0 : i32, promoted_operands = [], reduction = [0, 0, 4], subgroup = [0, 0, 0], thread = [1, 8, 0], workgroup = [8, 128, 0]}} {
        ^bb0(%in: f32, %out: f32):
          %1 = arith.maxnumf %in, %out : f32
          linalg.yield %1 : f32
        }
      }
      %alloc_5 = memref.alloc() : memref<f32>
      linalg.copy ins(%alloc_4 : memref<f32>) outs(%alloc_5 : memref<f32>)
      scf.for %arg4 = %c0 to %c8 step %c4 {
        scf.for %arg5 = %c0 to %c128 step %c4 {
          %1 = affine.apply #map5(%arg3)[%arg5]
          %subview = memref.subview %alloc[%arg4, %1] [4, 4] [1, 1] : memref<8x1024xf32> to memref<4x4xf32, strided<[1024, 1], offset: ?>>
          %subview_6 = memref.subview %alloca[%arg4, %arg5] [4, 4] [1, 1] : memref<8x128xf32, #gpu.address_space<private>> to memref<4x4xf32, strided<[128, 1], offset: ?>, #gpu.address_space<private>>
          %subview_7 = memref.subview %arg1[%arg4, %1] [4, 4] [1, 1] : memref<8x1024xi32, 1> to memref<4x4xi32, strided<[1024, 1], offset: ?>, 1>
          linalg.generic {indexing_maps = [#map1, #map1, #map1, #map6], iterator_types = ["reduction", "reduction"]} ins(%subview, %subview_6, %subview_7 : memref<4x4xf32, strided<[1024, 1], offset: ?>>, memref<4x4xf32, strided<[128, 1], offset: ?>, #gpu.address_space<private>>, memref<4x4xi32, strided<[1024, 1], offset: ?>, 1>) outs(%alloc_5 : memref<f32>) attrs =  {lowering_config = {mma_kind = 0 : i32, promoted_operands = [], reduction = [4, 4], subgroup = [0, 0], thread = [0, 0], workgroup = [0, 0]}} {
          ^bb0(%in: f32, %in_8: f32, %in_9: i32, %out: f32):
            %2 = linalg.index 0 : index
            %3 = affine.apply #map7(%arg4)[%2]
            %4 = linalg.index 1 : index
            %5 = affine.apply #map8(%arg5, %arg3)[%4]
            %6 = arith.index_cast %in_9 : i32 to index
            %7 = memref.load %arg0[%3, %5, %6] : memref<8x1024x1536xf32, 1>
            %8 = math.log %in : f32
            %9 = arith.addf %8, %in_8 : f32
            %10 = arith.subf %9, %7 : f32
            %11 = arith.addf %10, %out : f32
            linalg.yield %11 : f32
          }
        }
      }
      linalg.generic {indexing_maps = [#map4, #map4], iterator_types = []} ins(%alloc_5 : memref<f32>) outs(%alloc_3 : memref<f32>) attrs =  {lowering_config = {mma_kind = 0 : i32, promoted_operands = [], reduction = [], subgroup = [], thread = [], workgroup = []}} {
      ^bb0(%in: f32, %out: f32):
        %1 = arith.divf %in, %cst_2 : f32
        linalg.yield %1 : f32
      }
      scf.if %true {
        memref.dealloc %alloc_5 : memref<f32>
      }
    } {mapping = [#gpu.block<x>]}
    %expand_shape = memref.expand_shape %alloc_3 [] output_shape [1] : memref<f32> into memref<1xf32>
    memref.copy %expand_shape, %arg2 : memref<1xf32> to memref<1xf32, 1>
    scf.if %true {
      memref.dealloc %alloc : memref<8x1024xf32>
    }
    scf.if %true {
      memref.dealloc %alloc_3 : memref<f32>
    }
    scf.if %true {
      memref.dealloc %alloc_4 : memref<f32>
    }
    return
  }
}


// -----// IR Dump After CSE (cse) //----- //
#map = affine_map<(d0) -> (d0 * 128)>
#map1 = affine_map<(d0, d1) -> (d0, d1)>
#map2 = affine_map<(d0, d1, d2) -> (d0, d1, d2)>
#map3 = affine_map<(d0, d1, d2) -> (d0, d1)>
#map4 = affine_map<() -> ()>
#map5 = affine_map<(d0)[s0] -> (d0 * 128 + s0)>
#map6 = affine_map<(d0, d1) -> ()>
#map7 = affine_map<(d0)[s0] -> (d0 + s0)>
#map8 = affine_map<(d0, d1)[s0] -> (d0 + d1 * 128 + s0)>
module {
  func.func @main(%arg0: memref<8x1024x1536xf32, 1>, %arg1: memref<8x1024xi32, 1>, %arg2: memref<1xf32, 1> {bufferization.writable = true}) attributes {llvm.emit_c_interface} {
    %true = arith.constant true
    %cst = arith.constant 0xFF800000 : f32
    %cst_0 = arith.constant 0.000000e+00 : f32
    %cst_1 = arith.constant -3.40282347E+38 : f32
    %c128 = arith.constant 128 : index
    %c8 = arith.constant 8 : index
    %c4 = arith.constant 4 : index
    %c1536 = arith.constant 1536 : index
    %c0 = arith.constant 0 : index
    %cst_2 = arith.constant 8.192000e+03 : f32
    %alloc = memref.alloc() : memref<8x1024xf32>
    scf.forall (%arg3) in (8) {
      %0 = affine.apply #map(%arg3)
      %subview = memref.subview %alloc[0, %0] [8, 128] [1, 1] : memref<8x1024xf32> to memref<8x128xf32, strided<[1024, 1], offset: ?>>
      %alloca = memref.alloca() : memref<8x128xf32, #gpu.address_space<private>>
      linalg.generic {indexing_maps = [#map1], iterator_types = ["parallel", "parallel"]} outs(%alloca : memref<8x128xf32, #gpu.address_space<private>>) {
      ^bb0(%out: f32):
        linalg.yield %cst_1 : f32
      }
      scf.for %arg4 = %c0 to %c1536 step %c4 {
        %subview_5 = memref.subview %arg0[0, %0, %arg4] [8, 128, 4] [1, 1, 1] : memref<8x1024x1536xf32, 1> to memref<8x128x4xf32, strided<[1572864, 1536, 1], offset: ?>, 1>
        linalg.generic {indexing_maps = [#map2, #map3], iterator_types = ["parallel", "parallel", "reduction"]} ins(%subview_5 : memref<8x128x4xf32, strided<[1572864, 1536, 1], offset: ?>, 1>) outs(%alloca : memref<8x128xf32, #gpu.address_space<private>>) attrs =  {lowering_config = {mma_kind = 0 : i32, promoted_operands = [], reduction = [0, 0, 4], subgroup = [0, 0, 0], thread = [1, 8, 0], workgroup = [8, 128, 0]}} {
        ^bb0(%in: f32, %out: f32):
          %1 = arith.maximumf %in, %out : f32
          linalg.yield %1 : f32
        }
      }
      linalg.generic {indexing_maps = [#map1], iterator_types = ["parallel", "parallel"]} outs(%subview : memref<8x128xf32, strided<[1024, 1], offset: ?>>) {
      ^bb0(%out: f32):
        linalg.yield %cst_0 : f32
      }
      scf.for %arg4 = %c0 to %c1536 step %c4 {
        %subview_5 = memref.subview %arg0[0, %0, %arg4] [8, 128, 4] [1, 1, 1] : memref<8x1024x1536xf32, 1> to memref<8x128x4xf32, strided<[1572864, 1536, 1], offset: ?>, 1>
        linalg.generic {indexing_maps = [#map2, #map3, #map3], iterator_types = ["parallel", "parallel", "reduction"]} ins(%subview_5, %alloca : memref<8x128x4xf32, strided<[1572864, 1536, 1], offset: ?>, 1>, memref<8x128xf32, #gpu.address_space<private>>) outs(%subview : memref<8x128xf32, strided<[1024, 1], offset: ?>>) attrs =  {lowering_config = {mma_kind = 0 : i32, promoted_operands = [], reduction = [0, 0, 4], subgroup = [0, 0, 0], thread = [1, 8, 0], workgroup = [8, 128, 0]}} {
        ^bb0(%in: f32, %in_6: f32, %out: f32):
          %1 = arith.subf %in, %in_6 : f32
          %2 = math.exp %1 : f32
          %3 = arith.addf %2, %out : f32
          linalg.yield %3 : f32
        }
      }
    } {mapping = [#gpu.block<x>]}
    %alloc_3 = memref.alloc() : memref<f32>
    %alloc_4 = memref.alloc() : memref<f32>
    linalg.generic {indexing_maps = [#map4], iterator_types = []} outs(%alloc_4 : memref<f32>) {
    ^bb0(%out: f32):
      linalg.yield %cst_0 : f32
    }
    scf.forall (%arg3) in (8) {
      %0 = affine.apply #map(%arg3)
      %alloca = memref.alloca() : memref<8x128xf32, #gpu.address_space<private>>
      linalg.generic {indexing_maps = [#map1], iterator_types = ["parallel", "parallel"]} outs(%alloca : memref<8x128xf32, #gpu.address_space<private>>) {
      ^bb0(%out: f32):
        linalg.yield %cst : f32
      }
      scf.for %arg4 = %c0 to %c1536 step %c4 {
        %subview = memref.subview %arg0[0, %0, %arg4] [8, 128, 4] [1, 1, 1] : memref<8x1024x1536xf32, 1> to memref<8x128x4xf32, strided<[1572864, 1536, 1], offset: ?>, 1>
        linalg.generic {indexing_maps = [#map2, #map3], iterator_types = ["parallel", "parallel", "reduction"]} ins(%subview : memref<8x128x4xf32, strided<[1572864, 1536, 1], offset: ?>, 1>) outs(%alloca : memref<8x128xf32, #gpu.address_space<private>>) attrs =  {lowering_config = {mma_kind = 0 : i32, promoted_operands = [], reduction = [0, 0, 4], subgroup = [0, 0, 0], thread = [1, 8, 0], workgroup = [8, 128, 0]}} {
        ^bb0(%in: f32, %out: f32):
          %1 = arith.maxnumf %in, %out : f32
          linalg.yield %1 : f32
        }
      }
      %alloc_5 = memref.alloc() : memref<f32>
      linalg.copy ins(%alloc_4 : memref<f32>) outs(%alloc_5 : memref<f32>)
      scf.for %arg4 = %c0 to %c8 step %c4 {
        scf.for %arg5 = %c0 to %c128 step %c4 {
          %1 = affine.apply #map5(%arg3)[%arg5]
          %subview = memref.subview %alloc[%arg4, %1] [4, 4] [1, 1] : memref<8x1024xf32> to memref<4x4xf32, strided<[1024, 1], offset: ?>>
          %subview_6 = memref.subview %alloca[%arg4, %arg5] [4, 4] [1, 1] : memref<8x128xf32, #gpu.address_space<private>> to memref<4x4xf32, strided<[128, 1], offset: ?>, #gpu.address_space<private>>
          %subview_7 = memref.subview %arg1[%arg4, %1] [4, 4] [1, 1] : memref<8x1024xi32, 1> to memref<4x4xi32, strided<[1024, 1], offset: ?>, 1>
          linalg.generic {indexing_maps = [#map1, #map1, #map1, #map6], iterator_types = ["reduction", "reduction"]} ins(%subview, %subview_6, %subview_7 : memref<4x4xf32, strided<[1024, 1], offset: ?>>, memref<4x4xf32, strided<[128, 1], offset: ?>, #gpu.address_space<private>>, memref<4x4xi32, strided<[1024, 1], offset: ?>, 1>) outs(%alloc_5 : memref<f32>) attrs =  {lowering_config = {mma_kind = 0 : i32, promoted_operands = [], reduction = [4, 4], subgroup = [0, 0], thread = [0, 0], workgroup = [0, 0]}} {
          ^bb0(%in: f32, %in_8: f32, %in_9: i32, %out: f32):
            %2 = linalg.index 0 : index
            %3 = affine.apply #map7(%arg4)[%2]
            %4 = linalg.index 1 : index
            %5 = affine.apply #map8(%arg5, %arg3)[%4]
            %6 = arith.index_cast %in_9 : i32 to index
            %7 = memref.load %arg0[%3, %5, %6] : memref<8x1024x1536xf32, 1>
            %8 = math.log %in : f32
            %9 = arith.addf %8, %in_8 : f32
            %10 = arith.subf %9, %7 : f32
            %11 = arith.addf %10, %out : f32
            linalg.yield %11 : f32
          }
        }
      }
      linalg.generic {indexing_maps = [#map4, #map4], iterator_types = []} ins(%alloc_5 : memref<f32>) outs(%alloc_3 : memref<f32>) attrs =  {lowering_config = {mma_kind = 0 : i32, promoted_operands = [], reduction = [], subgroup = [], thread = [], workgroup = []}} {
      ^bb0(%in: f32, %out: f32):
        %1 = arith.divf %in, %cst_2 : f32
        linalg.yield %1 : f32
      }
      scf.if %true {
        memref.dealloc %alloc_5 : memref<f32>
      }
    } {mapping = [#gpu.block<x>]}
    %expand_shape = memref.expand_shape %alloc_3 [] output_shape [1] : memref<f32> into memref<1xf32>
    memref.copy %expand_shape, %arg2 : memref<1xf32> to memref<1xf32, 1>
    scf.if %true {
      memref.dealloc %alloc : memref<8x1024xf32>
    }
    scf.if %true {
      memref.dealloc %alloc_3 : memref<f32>
    }
    scf.if %true {
      memref.dealloc %alloc_4 : memref<f32>
    }
    return
  }
}


// -----// IR Dump After mlir::nova::NovaNormalizeLoopBoundsPass (nova-normalize-loop-bounds) //----- //
func.func @main(%arg0: memref<8x1024x1536xf32, 1>, %arg1: memref<8x1024xi32, 1>, %arg2: memref<1xf32, 1> {bufferization.writable = true}) attributes {llvm.emit_c_interface} {
  %cst = arith.constant 0xFF800000 : f32
  %cst_0 = arith.constant 0.000000e+00 : f32
  %cst_1 = arith.constant -3.40282347E+38 : f32
  %c128 = arith.constant 128 : index
  %c8 = arith.constant 8 : index
  %c4 = arith.constant 4 : index
  %c1536 = arith.constant 1536 : index
  %c0 = arith.constant 0 : index
  %cst_2 = arith.constant 8.192000e+03 : f32
  %alloc = memref.alloc() : memref<8x1024xf32>
  scf.forall (%arg3) in (8) {
    %0 = affine.apply affine_map<(d0) -> (d0 * 128)>(%arg3)
    %subview = memref.subview %alloc[0, %0] [8, 128] [1, 1] : memref<8x1024xf32> to memref<8x128xf32, strided<[1024, 1], offset: ?>>
    %alloca = memref.alloca() : memref<8x128xf32, #gpu.address_space<private>>
    linalg.generic {indexing_maps = [affine_map<(d0, d1) -> (d0, d1)>], iterator_types = ["parallel", "parallel"]} outs(%alloca : memref<8x128xf32, #gpu.address_space<private>>) {
    ^bb0(%out: f32):
      linalg.yield %cst_1 : f32
    }
    scf.for %arg4 = %c0 to %c1536 step %c4 {
      %subview_5 = memref.subview %arg0[0, %0, %arg4] [8, 128, 4] [1, 1, 1] : memref<8x1024x1536xf32, 1> to memref<8x128x4xf32, strided<[1572864, 1536, 1], offset: ?>, 1>
      linalg.generic {indexing_maps = [affine_map<(d0, d1, d2) -> (d0, d1, d2)>, affine_map<(d0, d1, d2) -> (d0, d1)>], iterator_types = ["parallel", "parallel", "reduction"]} ins(%subview_5 : memref<8x128x4xf32, strided<[1572864, 1536, 1], offset: ?>, 1>) outs(%alloca : memref<8x128xf32, #gpu.address_space<private>>) attrs =  {lowering_config = {mma_kind = 0 : i32, promoted_operands = [], reduction = [0, 0, 4], subgroup = [0, 0, 0], thread = [1, 8, 0], workgroup = [8, 128, 0]}} {
      ^bb0(%in: f32, %out: f32):
        %1 = arith.maximumf %in, %out : f32
        linalg.yield %1 : f32
      }
    }
    linalg.generic {indexing_maps = [affine_map<(d0, d1) -> (d0, d1)>], iterator_types = ["parallel", "parallel"]} outs(%subview : memref<8x128xf32, strided<[1024, 1], offset: ?>>) {
    ^bb0(%out: f32):
      linalg.yield %cst_0 : f32
    }
    scf.for %arg4 = %c0 to %c1536 step %c4 {
      %subview_5 = memref.subview %arg0[0, %0, %arg4] [8, 128, 4] [1, 1, 1] : memref<8x1024x1536xf32, 1> to memref<8x128x4xf32, strided<[1572864, 1536, 1], offset: ?>, 1>
      linalg.generic {indexing_maps = [affine_map<(d0, d1, d2) -> (d0, d1, d2)>, affine_map<(d0, d1, d2) -> (d0, d1)>, affine_map<(d0, d1, d2) -> (d0, d1)>], iterator_types = ["parallel", "parallel", "reduction"]} ins(%subview_5, %alloca : memref<8x128x4xf32, strided<[1572864, 1536, 1], offset: ?>, 1>, memref<8x128xf32, #gpu.address_space<private>>) outs(%subview : memref<8x128xf32, strided<[1024, 1], offset: ?>>) attrs =  {lowering_config = {mma_kind = 0 : i32, promoted_operands = [], reduction = [0, 0, 4], subgroup = [0, 0, 0], thread = [1, 8, 0], workgroup = [8, 128, 0]}} {
      ^bb0(%in: f32, %in_6: f32, %out: f32):
        %1 = arith.subf %in, %in_6 : f32
        %2 = math.exp %1 : f32
        %3 = arith.addf %2, %out : f32
        linalg.yield %3 : f32
      }
    }
  } {mapping = [#gpu.block<x>]}
  %alloc_3 = memref.alloc() : memref<f32>
  %alloc_4 = memref.alloc() : memref<f32>
  linalg.generic {indexing_maps = [affine_map<() -> ()>], iterator_types = []} outs(%alloc_4 : memref<f32>) {
  ^bb0(%out: f32):
    linalg.yield %cst_0 : f32
  }
  scf.forall (%arg3) in (8) {
    %0 = affine.apply affine_map<(d0) -> (d0 * 128)>(%arg3)
    %alloca = memref.alloca() : memref<8x128xf32, #gpu.address_space<private>>
    linalg.generic {indexing_maps = [affine_map<(d0, d1) -> (d0, d1)>], iterator_types = ["parallel", "parallel"]} outs(%alloca : memref<8x128xf32, #gpu.address_space<private>>) {
    ^bb0(%out: f32):
      linalg.yield %cst : f32
    }
    scf.for %arg4 = %c0 to %c1536 step %c4 {
      %subview = memref.subview %arg0[0, %0, %arg4] [8, 128, 4] [1, 1, 1] : memref<8x1024x1536xf32, 1> to memref<8x128x4xf32, strided<[1572864, 1536, 1], offset: ?>, 1>
      linalg.generic {indexing_maps = [affine_map<(d0, d1, d2) -> (d0, d1, d2)>, affine_map<(d0, d1, d2) -> (d0, d1)>], iterator_types = ["parallel", "parallel", "reduction"]} ins(%subview : memref<8x128x4xf32, strided<[1572864, 1536, 1], offset: ?>, 1>) outs(%alloca : memref<8x128xf32, #gpu.address_space<private>>) attrs =  {lowering_config = {mma_kind = 0 : i32, promoted_operands = [], reduction = [0, 0, 4], subgroup = [0, 0, 0], thread = [1, 8, 0], workgroup = [8, 128, 0]}} {
      ^bb0(%in: f32, %out: f32):
        %1 = arith.maxnumf %in, %out : f32
        linalg.yield %1 : f32
      }
    }
    %alloc_5 = memref.alloc() : memref<f32>
    linalg.copy ins(%alloc_4 : memref<f32>) outs(%alloc_5 : memref<f32>)
    scf.for %arg4 = %c0 to %c8 step %c4 {
      scf.for %arg5 = %c0 to %c128 step %c4 {
        %1 = affine.apply affine_map<(d0)[s0] -> (d0 * 128 + s0)>(%arg3)[%arg5]
        %subview = memref.subview %alloc[%arg4, %1] [4, 4] [1, 1] : memref<8x1024xf32> to memref<4x4xf32, strided<[1024, 1], offset: ?>>
        %subview_6 = memref.subview %alloca[%arg4, %arg5] [4, 4] [1, 1] : memref<8x128xf32, #gpu.address_space<private>> to memref<4x4xf32, strided<[128, 1], offset: ?>, #gpu.address_space<private>>
        %subview_7 = memref.subview %arg1[%arg4, %1] [4, 4] [1, 1] : memref<8x1024xi32, 1> to memref<4x4xi32, strided<[1024, 1], offset: ?>, 1>
        linalg.generic {indexing_maps = [affine_map<(d0, d1) -> (d0, d1)>, affine_map<(d0, d1) -> (d0, d1)>, affine_map<(d0, d1) -> (d0, d1)>, affine_map<(d0, d1) -> ()>], iterator_types = ["reduction", "reduction"]} ins(%subview, %subview_6, %subview_7 : memref<4x4xf32, strided<[1024, 1], offset: ?>>, memref<4x4xf32, strided<[128, 1], offset: ?>, #gpu.address_space<private>>, memref<4x4xi32, strided<[1024, 1], offset: ?>, 1>) outs(%alloc_5 : memref<f32>) attrs =  {lowering_config = {mma_kind = 0 : i32, promoted_operands = [], reduction = [4, 4], subgroup = [0, 0], thread = [0, 0], workgroup = [0, 0]}} {
        ^bb0(%in: f32, %in_8: f32, %in_9: i32, %out: f32):
          %2 = linalg.index 0 : index
          %3 = affine.apply affine_map<(d0)[s0] -> (d0 + s0)>(%arg4)[%2]
          %4 = linalg.index 1 : index
          %5 = affine.apply affine_map<(d0, d1)[s0] -> (d0 + d1 * 128 + s0)>(%arg5, %arg3)[%4]
          %6 = arith.index_cast %in_9 : i32 to index
          %7 = memref.load %arg0[%3, %5, %6] : memref<8x1024x1536xf32, 1>
          %8 = math.log %in : f32
          %9 = arith.addf %8, %in_8 : f32
          %10 = arith.subf %9, %7 : f32
          %11 = arith.addf %10, %out : f32
          linalg.yield %11 : f32
        }
      }
    }
    linalg.generic {indexing_maps = [affine_map<() -> ()>, affine_map<() -> ()>], iterator_types = []} ins(%alloc_5 : memref<f32>) outs(%alloc_3 : memref<f32>) attrs =  {lowering_config = {mma_kind = 0 : i32, promoted_operands = [], reduction = [], subgroup = [], thread = [], workgroup = []}} {
    ^bb0(%in: f32, %out: f32):
      %1 = arith.divf %in, %cst_2 : f32
      linalg.yield %1 : f32
    }
    memref.dealloc %alloc_5 : memref<f32>
  } {mapping = [#gpu.block<x>]}
  %expand_shape = memref.expand_shape %alloc_3 [] output_shape [1] : memref<f32> into memref<1xf32>
  memref.copy %expand_shape, %arg2 : memref<1xf32> to memref<1xf32, 1>
  memref.dealloc %alloc : memref<8x1024xf32>
  memref.dealloc %alloc_3 : memref<f32>
  memref.dealloc %alloc_4 : memref<f32>
  return
}



// -----// IR Dump After mlir::nova::NovaGPUMapForallToGPUPass (nova-gpu-map-forall-to-gpu) //----- //
func.func @main(%arg0: memref<8x1024x1536xf32, 1>, %arg1: memref<8x1024xi32, 1>, %arg2: memref<1xf32, 1> {bufferization.writable = true}) attributes {llvm.emit_c_interface} {
  %cst = arith.constant 0xFF800000 : f32
  %cst_0 = arith.constant 0.000000e+00 : f32
  %cst_1 = arith.constant -3.40282347E+38 : f32
  %c128 = arith.constant 128 : index
  %c8 = arith.constant 8 : index
  %c4 = arith.constant 4 : index
  %c1536 = arith.constant 1536 : index
  %c0 = arith.constant 0 : index
  %cst_2 = arith.constant 8.192000e+03 : f32
  %alloc = memref.alloc() : memref<8x1024xf32>
  %c1 = arith.constant 1 : index
  %c1_3 = arith.constant 1 : index
  %c1_4 = arith.constant 1 : index
  %c1_5 = arith.constant 1 : index
  %c1_6 = arith.constant 1 : index
  %c8_7 = arith.constant 8 : index
  gpu.launch blocks(%arg3, %arg4, %arg5) in (%arg9 = %c8_7, %arg10 = %c1_6, %arg11 = %c1_5) threads(%arg6, %arg7, %arg8) in (%arg12 = %c1_4, %arg13 = %c1_3, %arg14 = %c1) {
    %block_id_x = gpu.block_id  x
    %0 = affine.apply affine_map<(d0) -> (d0 * 128)>(%block_id_x)
    %subview = memref.subview %alloc[0, %0] [8, 128] [1, 1] : memref<8x1024xf32> to memref<8x128xf32, strided<[1024, 1], offset: ?>>
    %alloca = memref.alloca() : memref<8x128xf32, #gpu.address_space<private>>
    linalg.generic {indexing_maps = [affine_map<(d0, d1) -> (d0, d1)>], iterator_types = ["parallel", "parallel"]} outs(%alloca : memref<8x128xf32, #gpu.address_space<private>>) {
    ^bb0(%out: f32):
      linalg.yield %cst_1 : f32
    }
    scf.for %arg15 = %c0 to %c1536 step %c4 {
      %subview_16 = memref.subview %arg0[0, %0, %arg15] [8, 128, 4] [1, 1, 1] : memref<8x1024x1536xf32, 1> to memref<8x128x4xf32, strided<[1572864, 1536, 1], offset: ?>, 1>
      linalg.generic {indexing_maps = [affine_map<(d0, d1, d2) -> (d0, d1, d2)>, affine_map<(d0, d1, d2) -> (d0, d1)>], iterator_types = ["parallel", "parallel", "reduction"]} ins(%subview_16 : memref<8x128x4xf32, strided<[1572864, 1536, 1], offset: ?>, 1>) outs(%alloca : memref<8x128xf32, #gpu.address_space<private>>) attrs =  {lowering_config = {mma_kind = 0 : i32, promoted_operands = [], reduction = [0, 0, 4], subgroup = [0, 0, 0], thread = [1, 8, 0], workgroup = [8, 128, 0]}} {
      ^bb0(%in: f32, %out: f32):
        %1 = arith.maximumf %in, %out : f32
        linalg.yield %1 : f32
      }
    }
    linalg.generic {indexing_maps = [affine_map<(d0, d1) -> (d0, d1)>], iterator_types = ["parallel", "parallel"]} outs(%subview : memref<8x128xf32, strided<[1024, 1], offset: ?>>) {
    ^bb0(%out: f32):
      linalg.yield %cst_0 : f32
    }
    scf.for %arg15 = %c0 to %c1536 step %c4 {
      %subview_16 = memref.subview %arg0[0, %0, %arg15] [8, 128, 4] [1, 1, 1] : memref<8x1024x1536xf32, 1> to memref<8x128x4xf32, strided<[1572864, 1536, 1], offset: ?>, 1>
      linalg.generic {indexing_maps = [affine_map<(d0, d1, d2) -> (d0, d1, d2)>, affine_map<(d0, d1, d2) -> (d0, d1)>, affine_map<(d0, d1, d2) -> (d0, d1)>], iterator_types = ["parallel", "parallel", "reduction"]} ins(%subview_16, %alloca : memref<8x128x4xf32, strided<[1572864, 1536, 1], offset: ?>, 1>, memref<8x128xf32, #gpu.address_space<private>>) outs(%subview : memref<8x128xf32, strided<[1024, 1], offset: ?>>) attrs =  {lowering_config = {mma_kind = 0 : i32, promoted_operands = [], reduction = [0, 0, 4], subgroup = [0, 0, 0], thread = [1, 8, 0], workgroup = [8, 128, 0]}} {
      ^bb0(%in: f32, %in_17: f32, %out: f32):
        %1 = arith.subf %in, %in_17 : f32
        %2 = math.exp %1 : f32
        %3 = arith.addf %2, %out : f32
        linalg.yield %3 : f32
      }
    }
    gpu.terminator
  }
  %alloc_8 = memref.alloc() : memref<f32>
  %alloc_9 = memref.alloc() : memref<f32>
  linalg.generic {indexing_maps = [affine_map<() -> ()>], iterator_types = []} outs(%alloc_9 : memref<f32>) {
  ^bb0(%out: f32):
    linalg.yield %cst_0 : f32
  }
  %c1_10 = arith.constant 1 : index
  %c1_11 = arith.constant 1 : index
  %c1_12 = arith.constant 1 : index
  %c1_13 = arith.constant 1 : index
  %c1_14 = arith.constant 1 : index
  %c8_15 = arith.constant 8 : index
  gpu.launch blocks(%arg3, %arg4, %arg5) in (%arg9 = %c8_15, %arg10 = %c1_14, %arg11 = %c1_13) threads(%arg6, %arg7, %arg8) in (%arg12 = %c1_12, %arg13 = %c1_11, %arg14 = %c1_10) {
    %block_id_x = gpu.block_id  x
    %0 = affine.apply affine_map<(d0) -> (d0 * 128)>(%block_id_x)
    %alloca = memref.alloca() : memref<8x128xf32, #gpu.address_space<private>>
    linalg.generic {indexing_maps = [affine_map<(d0, d1) -> (d0, d1)>], iterator_types = ["parallel", "parallel"]} outs(%alloca : memref<8x128xf32, #gpu.address_space<private>>) {
    ^bb0(%out: f32):
      linalg.yield %cst : f32
    }
    scf.for %arg15 = %c0 to %c1536 step %c4 {
      %subview = memref.subview %arg0[0, %0, %arg15] [8, 128, 4] [1, 1, 1] : memref<8x1024x1536xf32, 1> to memref<8x128x4xf32, strided<[1572864, 1536, 1], offset: ?>, 1>
      linalg.generic {indexing_maps = [affine_map<(d0, d1, d2) -> (d0, d1, d2)>, affine_map<(d0, d1, d2) -> (d0, d1)>], iterator_types = ["parallel", "parallel", "reduction"]} ins(%subview : memref<8x128x4xf32, strided<[1572864, 1536, 1], offset: ?>, 1>) outs(%alloca : memref<8x128xf32, #gpu.address_space<private>>) attrs =  {lowering_config = {mma_kind = 0 : i32, promoted_operands = [], reduction = [0, 0, 4], subgroup = [0, 0, 0], thread = [1, 8, 0], workgroup = [8, 128, 0]}} {
      ^bb0(%in: f32, %out: f32):
        %1 = arith.maxnumf %in, %out : f32
        linalg.yield %1 : f32
      }
    }
    %alloc_16 = memref.alloc() : memref<f32>
    linalg.copy ins(%alloc_9 : memref<f32>) outs(%alloc_16 : memref<f32>)
    scf.for %arg15 = %c0 to %c8 step %c4 {
      scf.for %arg16 = %c0 to %c128 step %c4 {
        %1 = affine.apply affine_map<(d0)[s0] -> (d0 * 128 + s0)>(%block_id_x)[%arg16]
        %subview = memref.subview %alloc[%arg15, %1] [4, 4] [1, 1] : memref<8x1024xf32> to memref<4x4xf32, strided<[1024, 1], offset: ?>>
        %subview_17 = memref.subview %alloca[%arg15, %arg16] [4, 4] [1, 1] : memref<8x128xf32, #gpu.address_space<private>> to memref<4x4xf32, strided<[128, 1], offset: ?>, #gpu.address_space<private>>
        %subview_18 = memref.subview %arg1[%arg15, %1] [4, 4] [1, 1] : memref<8x1024xi32, 1> to memref<4x4xi32, strided<[1024, 1], offset: ?>, 1>
        linalg.generic {indexing_maps = [affine_map<(d0, d1) -> (d0, d1)>, affine_map<(d0, d1) -> (d0, d1)>, affine_map<(d0, d1) -> (d0, d1)>, affine_map<(d0, d1) -> ()>], iterator_types = ["reduction", "reduction"]} ins(%subview, %subview_17, %subview_18 : memref<4x4xf32, strided<[1024, 1], offset: ?>>, memref<4x4xf32, strided<[128, 1], offset: ?>, #gpu.address_space<private>>, memref<4x4xi32, strided<[1024, 1], offset: ?>, 1>) outs(%alloc_16 : memref<f32>) attrs =  {lowering_config = {mma_kind = 0 : i32, promoted_operands = [], reduction = [4, 4], subgroup = [0, 0], thread = [0, 0], workgroup = [0, 0]}} {
        ^bb0(%in: f32, %in_19: f32, %in_20: i32, %out: f32):
          %2 = linalg.index 0 : index
          %3 = affine.apply affine_map<(d0)[s0] -> (d0 + s0)>(%arg15)[%2]
          %4 = linalg.index 1 : index
          %5 = affine.apply affine_map<(d0, d1)[s0] -> (d0 + d1 * 128 + s0)>(%arg16, %block_id_x)[%4]
          %6 = arith.index_cast %in_20 : i32 to index
          %7 = memref.load %arg0[%3, %5, %6] : memref<8x1024x1536xf32, 1>
          %8 = math.log %in : f32
          %9 = arith.addf %8, %in_19 : f32
          %10 = arith.subf %9, %7 : f32
          %11 = arith.addf %10, %out : f32
          linalg.yield %11 : f32
        }
      }
    }
    linalg.generic {indexing_maps = [affine_map<() -> ()>, affine_map<() -> ()>], iterator_types = []} ins(%alloc_16 : memref<f32>) outs(%alloc_8 : memref<f32>) attrs =  {lowering_config = {mma_kind = 0 : i32, promoted_operands = [], reduction = [], subgroup = [], thread = [], workgroup = []}} {
    ^bb0(%in: f32, %out: f32):
      %1 = arith.divf %in, %cst_2 : f32
      linalg.yield %1 : f32
    }
    memref.dealloc %alloc_16 : memref<f32>
    gpu.terminator
  }
  %expand_shape = memref.expand_shape %alloc_8 [] output_shape [1] : memref<f32> into memref<1xf32>
  memref.copy %expand_shape, %arg2 : memref<1xf32> to memref<1xf32, 1>
  memref.dealloc %alloc : memref<8x1024xf32>
  memref.dealloc %alloc_8 : memref<f32>
  memref.dealloc %alloc_9 : memref<f32>
  return
}

// -----// IR Dump After ConvertLinalgToLoopsPass (convert-linalg-to-loops) //----- //
#map = affine_map<()[s0] -> (s0 * 128)>
#map1 = affine_map<()[s0, s1] -> (s0 + s1 * 128)>
#map2 = affine_map<(d0)[s0] -> (d0 + s0)>
#map3 = affine_map<(d0)[s0, s1] -> (d0 + s0 + s1 * 128)>
module {
  func.func @main(%arg0: memref<8x1024x1536xf32, 1>, %arg1: memref<8x1024xi32, 1>, %arg2: memref<1xf32, 1> {bufferization.writable = true}) attributes {llvm.emit_c_interface} {
    %c1 = arith.constant 1 : index
    %cst = arith.constant 0xFF800000 : f32
    %cst_0 = arith.constant 0.000000e+00 : f32
    %cst_1 = arith.constant -3.40282347E+38 : f32
    %c128 = arith.constant 128 : index
    %c8 = arith.constant 8 : index
    %c4 = arith.constant 4 : index
    %c1536 = arith.constant 1536 : index
    %c0 = arith.constant 0 : index
    %cst_2 = arith.constant 8.192000e+03 : f32
    %alloc = memref.alloc() : memref<8x1024xf32>
    gpu.launch blocks(%arg3, %arg4, %arg5) in (%arg9 = %c8, %arg10 = %c1, %arg11 = %c1) threads(%arg6, %arg7, %arg8) in (%arg12 = %c1, %arg13 = %c1, %arg14 = %c1) {
      %block_id_x = gpu.block_id  x
      %0 = affine.apply #map()[%block_id_x]
      %subview = memref.subview %alloc[0, %0] [8, 128] [1, 1] : memref<8x1024xf32> to memref<8x128xf32, strided<[1024, 1], offset: ?>>
      %alloca = memref.alloca() : memref<8x128xf32, #gpu.address_space<private>>
      scf.for %arg15 = %c0 to %c8 step %c1 {
        scf.for %arg16 = %c0 to %c128 step %c1 {
          memref.store %cst_1, %alloca[%arg15, %arg16] : memref<8x128xf32, #gpu.address_space<private>>
        }
      }
      scf.for %arg15 = %c0 to %c1536 step %c4 {
        %subview_5 = memref.subview %arg0[0, %0, %arg15] [8, 128, 4] [1, 1, 1] : memref<8x1024x1536xf32, 1> to memref<8x128x4xf32, strided<[1572864, 1536, 1], offset: ?>, 1>
        scf.for %arg16 = %c0 to %c8 step %c1 {
          scf.for %arg17 = %c0 to %c128 step %c1 {
            scf.for %arg18 = %c0 to %c4 step %c1 {
              %1 = memref.load %subview_5[%arg16, %arg17, %arg18] : memref<8x128x4xf32, strided<[1572864, 1536, 1], offset: ?>, 1>
              %2 = memref.load %alloca[%arg16, %arg17] : memref<8x128xf32, #gpu.address_space<private>>
              %3 = arith.maximumf %1, %2 : f32
              memref.store %3, %alloca[%arg16, %arg17] : memref<8x128xf32, #gpu.address_space<private>>
            }
          }
        }
      }
      scf.for %arg15 = %c0 to %c8 step %c1 {
        scf.for %arg16 = %c0 to %c128 step %c1 {
          memref.store %cst_0, %subview[%arg15, %arg16] : memref<8x128xf32, strided<[1024, 1], offset: ?>>
        }
      }
      scf.for %arg15 = %c0 to %c1536 step %c4 {
        %subview_5 = memref.subview %arg0[0, %0, %arg15] [8, 128, 4] [1, 1, 1] : memref<8x1024x1536xf32, 1> to memref<8x128x4xf32, strided<[1572864, 1536, 1], offset: ?>, 1>
        scf.for %arg16 = %c0 to %c8 step %c1 {
          scf.for %arg17 = %c0 to %c128 step %c1 {
            scf.for %arg18 = %c0 to %c4 step %c1 {
              %1 = memref.load %subview_5[%arg16, %arg17, %arg18] : memref<8x128x4xf32, strided<[1572864, 1536, 1], offset: ?>, 1>
              %2 = memref.load %alloca[%arg16, %arg17] : memref<8x128xf32, #gpu.address_space<private>>
              %3 = memref.load %subview[%arg16, %arg17] : memref<8x128xf32, strided<[1024, 1], offset: ?>>
              %4 = arith.subf %1, %2 : f32
              %5 = math.exp %4 : f32
              %6 = arith.addf %5, %3 : f32
              memref.store %6, %subview[%arg16, %arg17] : memref<8x128xf32, strided<[1024, 1], offset: ?>>
            }
          }
        }
      }
      gpu.terminator
    }
    %alloc_3 = memref.alloc() : memref<f32>
    %alloc_4 = memref.alloc() : memref<f32>
    memref.store %cst_0, %alloc_4[] : memref<f32>
    gpu.launch blocks(%arg3, %arg4, %arg5) in (%arg9 = %c8, %arg10 = %c1, %arg11 = %c1) threads(%arg6, %arg7, %arg8) in (%arg12 = %c1, %arg13 = %c1, %arg14 = %c1) {
      %block_id_x = gpu.block_id  x
      %0 = affine.apply #map()[%block_id_x]
      %alloca = memref.alloca() : memref<8x128xf32, #gpu.address_space<private>>
      scf.for %arg15 = %c0 to %c8 step %c1 {
        scf.for %arg16 = %c0 to %c128 step %c1 {
          memref.store %cst, %alloca[%arg15, %arg16] : memref<8x128xf32, #gpu.address_space<private>>
        }
      }
      scf.for %arg15 = %c0 to %c1536 step %c4 {
        %subview = memref.subview %arg0[0, %0, %arg15] [8, 128, 4] [1, 1, 1] : memref<8x1024x1536xf32, 1> to memref<8x128x4xf32, strided<[1572864, 1536, 1], offset: ?>, 1>
        scf.for %arg16 = %c0 to %c8 step %c1 {
          scf.for %arg17 = %c0 to %c128 step %c1 {
            scf.for %arg18 = %c0 to %c4 step %c1 {
              %4 = memref.load %subview[%arg16, %arg17, %arg18] : memref<8x128x4xf32, strided<[1572864, 1536, 1], offset: ?>, 1>
              %5 = memref.load %alloca[%arg16, %arg17] : memref<8x128xf32, #gpu.address_space<private>>
              %6 = arith.maxnumf %4, %5 : f32
              memref.store %6, %alloca[%arg16, %arg17] : memref<8x128xf32, #gpu.address_space<private>>
            }
          }
        }
      }
      %alloc_5 = memref.alloc() : memref<f32>
      %1 = memref.load %alloc_4[] : memref<f32>
      memref.store %1, %alloc_5[] : memref<f32>
      scf.for %arg15 = %c0 to %c8 step %c4 {
        scf.for %arg16 = %c0 to %c128 step %c4 {
          %4 = affine.apply #map1()[%arg16, %block_id_x]
          %subview = memref.subview %alloc[%arg15, %4] [4, 4] [1, 1] : memref<8x1024xf32> to memref<4x4xf32, strided<[1024, 1], offset: ?>>
          %subview_6 = memref.subview %alloca[%arg15, %arg16] [4, 4] [1, 1] : memref<8x128xf32, #gpu.address_space<private>> to memref<4x4xf32, strided<[128, 1], offset: ?>, #gpu.address_space<private>>
          %subview_7 = memref.subview %arg1[%arg15, %4] [4, 4] [1, 1] : memref<8x1024xi32, 1> to memref<4x4xi32, strided<[1024, 1], offset: ?>, 1>
          scf.for %arg17 = %c0 to %c4 step %c1 {
            scf.for %arg18 = %c0 to %c4 step %c1 {
              %5 = memref.load %subview[%arg17, %arg18] : memref<4x4xf32, strided<[1024, 1], offset: ?>>
              %6 = memref.load %subview_6[%arg17, %arg18] : memref<4x4xf32, strided<[128, 1], offset: ?>, #gpu.address_space<private>>
              %7 = memref.load %subview_7[%arg17, %arg18] : memref<4x4xi32, strided<[1024, 1], offset: ?>, 1>
              %8 = memref.load %alloc_5[] : memref<f32>
              %9 = affine.apply #map2(%arg15)[%arg17]
              %10 = affine.apply #map3(%arg16)[%arg18, %block_id_x]
              %11 = arith.index_cast %7 : i32 to index
              %12 = memref.load %arg0[%9, %10, %11] : memref<8x1024x1536xf32, 1>
              %13 = math.log %5 : f32
              %14 = arith.addf %13, %6 : f32
              %15 = arith.subf %14, %12 : f32
              %16 = arith.addf %15, %8 : f32
              memref.store %16, %alloc_5[] : memref<f32>
            }
          }
        }
      }
      %2 = memref.load %alloc_5[] : memref<f32>
      %3 = arith.divf %2, %cst_2 : f32
      memref.store %3, %alloc_3[] : memref<f32>
      memref.dealloc %alloc_5 : memref<f32>
      gpu.terminator
    }
    %expand_shape = memref.expand_shape %alloc_3 [] output_shape [1] : memref<f32> into memref<1xf32>
    memref.copy %expand_shape, %arg2 : memref<1xf32> to memref<1xf32, 1>
    memref.dealloc %alloc : memref<8x1024xf32>
    memref.dealloc %alloc_3 : memref<f32>
    memref.dealloc %alloc_4 : memref<f32>
    return
  }
}


// -----// IR Dump After LowerAffinePass (lower-affine) //----- //
module {
  func.func @main(%arg0: memref<8x1024x1536xf32, 1>, %arg1: memref<8x1024xi32, 1>, %arg2: memref<1xf32, 1> {bufferization.writable = true}) attributes {llvm.emit_c_interface} {
    %c1 = arith.constant 1 : index
    %cst = arith.constant 0xFF800000 : f32
    %cst_0 = arith.constant 0.000000e+00 : f32
    %cst_1 = arith.constant -3.40282347E+38 : f32
    %c128 = arith.constant 128 : index
    %c8 = arith.constant 8 : index
    %c4 = arith.constant 4 : index
    %c1536 = arith.constant 1536 : index
    %c0 = arith.constant 0 : index
    %cst_2 = arith.constant 8.192000e+03 : f32
    %alloc = memref.alloc() : memref<8x1024xf32>
    gpu.launch blocks(%arg3, %arg4, %arg5) in (%arg9 = %c8, %arg10 = %c1, %arg11 = %c1) threads(%arg6, %arg7, %arg8) in (%arg12 = %c1, %arg13 = %c1, %arg14 = %c1) {
      %block_id_x = gpu.block_id  x
      %c128_5 = arith.constant 128 : index
      %0 = arith.muli %block_id_x, %c128_5 overflow<nsw> : index
      %subview = memref.subview %alloc[0, %0] [8, 128] [1, 1] : memref<8x1024xf32> to memref<8x128xf32, strided<[1024, 1], offset: ?>>
      %alloca = memref.alloca() : memref<8x128xf32, #gpu.address_space<private>>
      scf.for %arg15 = %c0 to %c8 step %c1 {
        scf.for %arg16 = %c0 to %c128 step %c1 {
          memref.store %cst_1, %alloca[%arg15, %arg16] : memref<8x128xf32, #gpu.address_space<private>>
        }
      }
      scf.for %arg15 = %c0 to %c1536 step %c4 {
        %subview_6 = memref.subview %arg0[0, %0, %arg15] [8, 128, 4] [1, 1, 1] : memref<8x1024x1536xf32, 1> to memref<8x128x4xf32, strided<[1572864, 1536, 1], offset: ?>, 1>
        scf.for %arg16 = %c0 to %c8 step %c1 {
          scf.for %arg17 = %c0 to %c128 step %c1 {
            scf.for %arg18 = %c0 to %c4 step %c1 {
              %1 = memref.load %subview_6[%arg16, %arg17, %arg18] : memref<8x128x4xf32, strided<[1572864, 1536, 1], offset: ?>, 1>
              %2 = memref.load %alloca[%arg16, %arg17] : memref<8x128xf32, #gpu.address_space<private>>
              %3 = arith.maximumf %1, %2 : f32
              memref.store %3, %alloca[%arg16, %arg17] : memref<8x128xf32, #gpu.address_space<private>>
            }
          }
        }
      }
      scf.for %arg15 = %c0 to %c8 step %c1 {
        scf.for %arg16 = %c0 to %c128 step %c1 {
          memref.store %cst_0, %subview[%arg15, %arg16] : memref<8x128xf32, strided<[1024, 1], offset: ?>>
        }
      }
      scf.for %arg15 = %c0 to %c1536 step %c4 {
        %subview_6 = memref.subview %arg0[0, %0, %arg15] [8, 128, 4] [1, 1, 1] : memref<8x1024x1536xf32, 1> to memref<8x128x4xf32, strided<[1572864, 1536, 1], offset: ?>, 1>
        scf.for %arg16 = %c0 to %c8 step %c1 {
          scf.for %arg17 = %c0 to %c128 step %c1 {
            scf.for %arg18 = %c0 to %c4 step %c1 {
              %1 = memref.load %subview_6[%arg16, %arg17, %arg18] : memref<8x128x4xf32, strided<[1572864, 1536, 1], offset: ?>, 1>
              %2 = memref.load %alloca[%arg16, %arg17] : memref<8x128xf32, #gpu.address_space<private>>
              %3 = memref.load %subview[%arg16, %arg17] : memref<8x128xf32, strided<[1024, 1], offset: ?>>
              %4 = arith.subf %1, %2 : f32
              %5 = math.exp %4 : f32
              %6 = arith.addf %5, %3 : f32
              memref.store %6, %subview[%arg16, %arg17] : memref<8x128xf32, strided<[1024, 1], offset: ?>>
            }
          }
        }
      }
      gpu.terminator
    }
    %alloc_3 = memref.alloc() : memref<f32>
    %alloc_4 = memref.alloc() : memref<f32>
    memref.store %cst_0, %alloc_4[] : memref<f32>
    gpu.launch blocks(%arg3, %arg4, %arg5) in (%arg9 = %c8, %arg10 = %c1, %arg11 = %c1) threads(%arg6, %arg7, %arg8) in (%arg12 = %c1, %arg13 = %c1, %arg14 = %c1) {
      %block_id_x = gpu.block_id  x
      %c128_5 = arith.constant 128 : index
      %0 = arith.muli %block_id_x, %c128_5 overflow<nsw> : index
      %alloca = memref.alloca() : memref<8x128xf32, #gpu.address_space<private>>
      scf.for %arg15 = %c0 to %c8 step %c1 {
        scf.for %arg16 = %c0 to %c128 step %c1 {
          memref.store %cst, %alloca[%arg15, %arg16] : memref<8x128xf32, #gpu.address_space<private>>
        }
      }
      scf.for %arg15 = %c0 to %c1536 step %c4 {
        %subview = memref.subview %arg0[0, %0, %arg15] [8, 128, 4] [1, 1, 1] : memref<8x1024x1536xf32, 1> to memref<8x128x4xf32, strided<[1572864, 1536, 1], offset: ?>, 1>
        scf.for %arg16 = %c0 to %c8 step %c1 {
          scf.for %arg17 = %c0 to %c128 step %c1 {
            scf.for %arg18 = %c0 to %c4 step %c1 {
              %4 = memref.load %subview[%arg16, %arg17, %arg18] : memref<8x128x4xf32, strided<[1572864, 1536, 1], offset: ?>, 1>
              %5 = memref.load %alloca[%arg16, %arg17] : memref<8x128xf32, #gpu.address_space<private>>
              %6 = arith.maxnumf %4, %5 : f32
              memref.store %6, %alloca[%arg16, %arg17] : memref<8x128xf32, #gpu.address_space<private>>
            }
          }
        }
      }
      %alloc_6 = memref.alloc() : memref<f32>
      %1 = memref.load %alloc_4[] : memref<f32>
      memref.store %1, %alloc_6[] : memref<f32>
      scf.for %arg15 = %c0 to %c8 step %c4 {
        scf.for %arg16 = %c0 to %c128 step %c4 {
          %c128_7 = arith.constant 128 : index
          %4 = arith.muli %block_id_x, %c128_7 overflow<nsw> : index
          %5 = arith.addi %arg16, %4 : index
          %subview = memref.subview %alloc[%arg15, %5] [4, 4] [1, 1] : memref<8x1024xf32> to memref<4x4xf32, strided<[1024, 1], offset: ?>>
          %subview_8 = memref.subview %alloca[%arg15, %arg16] [4, 4] [1, 1] : memref<8x128xf32, #gpu.address_space<private>> to memref<4x4xf32, strided<[128, 1], offset: ?>, #gpu.address_space<private>>
          %subview_9 = memref.subview %arg1[%arg15, %5] [4, 4] [1, 1] : memref<8x1024xi32, 1> to memref<4x4xi32, strided<[1024, 1], offset: ?>, 1>
          scf.for %arg17 = %c0 to %c4 step %c1 {
            scf.for %arg18 = %c0 to %c4 step %c1 {
              %6 = memref.load %subview[%arg17, %arg18] : memref<4x4xf32, strided<[1024, 1], offset: ?>>
              %7 = memref.load %subview_8[%arg17, %arg18] : memref<4x4xf32, strided<[128, 1], offset: ?>, #gpu.address_space<private>>
              %8 = memref.load %subview_9[%arg17, %arg18] : memref<4x4xi32, strided<[1024, 1], offset: ?>, 1>
              %9 = memref.load %alloc_6[] : memref<f32>
              %10 = arith.addi %arg15, %arg17 : index
              %11 = arith.addi %arg16, %arg18 : index
              %c128_10 = arith.constant 128 : index
              %12 = arith.muli %block_id_x, %c128_10 overflow<nsw> : index
              %13 = arith.addi %11, %12 : index
              %14 = arith.index_cast %8 : i32 to index
              %15 = memref.load %arg0[%10, %13, %14] : memref<8x1024x1536xf32, 1>
              %16 = math.log %6 : f32
              %17 = arith.addf %16, %7 : f32
              %18 = arith.subf %17, %15 : f32
              %19 = arith.addf %18, %9 : f32
              memref.store %19, %alloc_6[] : memref<f32>
            }
          }
        }
      }
      %2 = memref.load %alloc_6[] : memref<f32>
      %3 = arith.divf %2, %cst_2 : f32
      memref.store %3, %alloc_3[] : memref<f32>
      memref.dealloc %alloc_6 : memref<f32>
      gpu.terminator
    }
    %expand_shape = memref.expand_shape %alloc_3 [] output_shape [1] : memref<f32> into memref<1xf32>
    memref.copy %expand_shape, %arg2 : memref<1xf32> to memref<1xf32, 1>
    memref.dealloc %alloc : memref<8x1024xf32>
    memref.dealloc %alloc_3 : memref<f32>
    memref.dealloc %alloc_4 : memref<f32>
    return
  }
}


// -----// IR Dump After mlir::nova::NovaGPUInsertWorkgroupBarriersPass (nova-gpu-insert-workgroup-barriers) //----- //
func.func @main(%arg0: memref<8x1024x1536xf32, 1>, %arg1: memref<8x1024xi32, 1>, %arg2: memref<1xf32, 1> {bufferization.writable = true}) attributes {llvm.emit_c_interface} {
  %c1 = arith.constant 1 : index
  %cst = arith.constant 0xFF800000 : f32
  %cst_0 = arith.constant 0.000000e+00 : f32
  %cst_1 = arith.constant -3.40282347E+38 : f32
  %c128 = arith.constant 128 : index
  %c8 = arith.constant 8 : index
  %c4 = arith.constant 4 : index
  %c1536 = arith.constant 1536 : index
  %c0 = arith.constant 0 : index
  %cst_2 = arith.constant 8.192000e+03 : f32
  %alloc = memref.alloc() : memref<8x1024xf32>
  gpu.launch blocks(%arg3, %arg4, %arg5) in (%arg9 = %c8, %arg10 = %c1, %arg11 = %c1) threads(%arg6, %arg7, %arg8) in (%arg12 = %c1, %arg13 = %c1, %arg14 = %c1) {
    %block_id_x = gpu.block_id  x
    %0 = arith.muli %block_id_x, %c128 overflow<nsw> : index
    %subview = memref.subview %alloc[0, %0] [8, 128] [1, 1] : memref<8x1024xf32> to memref<8x128xf32, strided<[1024, 1], offset: ?>>
    %alloca = memref.alloca() : memref<8x128xf32, #gpu.address_space<private>>
    scf.for %arg15 = %c0 to %c8 step %c1 {
      scf.for %arg16 = %c0 to %c128 step %c1 {
        memref.store %cst_1, %alloca[%arg15, %arg16] : memref<8x128xf32, #gpu.address_space<private>>
      }
    }
    scf.for %arg15 = %c0 to %c1536 step %c4 {
      %subview_5 = memref.subview %arg0[0, %0, %arg15] [8, 128, 4] [1, 1, 1] : memref<8x1024x1536xf32, 1> to memref<8x128x4xf32, strided<[1572864, 1536, 1], offset: ?>, 1>
      scf.for %arg16 = %c0 to %c8 step %c1 {
        scf.for %arg17 = %c0 to %c128 step %c1 {
          scf.for %arg18 = %c0 to %c4 step %c1 {
            %1 = memref.load %subview_5[%arg16, %arg17, %arg18] : memref<8x128x4xf32, strided<[1572864, 1536, 1], offset: ?>, 1>
            %2 = memref.load %alloca[%arg16, %arg17] : memref<8x128xf32, #gpu.address_space<private>>
            %3 = arith.maximumf %1, %2 : f32
            memref.store %3, %alloca[%arg16, %arg17] : memref<8x128xf32, #gpu.address_space<private>>
          }
        }
      }
    }
    scf.for %arg15 = %c0 to %c8 step %c1 {
      scf.for %arg16 = %c0 to %c128 step %c1 {
        memref.store %cst_0, %subview[%arg15, %arg16] : memref<8x128xf32, strided<[1024, 1], offset: ?>>
      }
    }
    scf.for %arg15 = %c0 to %c1536 step %c4 {
      %subview_5 = memref.subview %arg0[0, %0, %arg15] [8, 128, 4] [1, 1, 1] : memref<8x1024x1536xf32, 1> to memref<8x128x4xf32, strided<[1572864, 1536, 1], offset: ?>, 1>
      scf.for %arg16 = %c0 to %c8 step %c1 {
        scf.for %arg17 = %c0 to %c128 step %c1 {
          scf.for %arg18 = %c0 to %c4 step %c1 {
            %1 = memref.load %subview_5[%arg16, %arg17, %arg18] : memref<8x128x4xf32, strided<[1572864, 1536, 1], offset: ?>, 1>
            %2 = memref.load %alloca[%arg16, %arg17] : memref<8x128xf32, #gpu.address_space<private>>
            %3 = memref.load %subview[%arg16, %arg17] : memref<8x128xf32, strided<[1024, 1], offset: ?>>
            %4 = arith.subf %1, %2 : f32
            %5 = math.exp %4 : f32
            %6 = arith.addf %5, %3 : f32
            memref.store %6, %subview[%arg16, %arg17] : memref<8x128xf32, strided<[1024, 1], offset: ?>>
          }
        }
      }
    }
    gpu.terminator
  }
  %alloc_3 = memref.alloc() : memref<f32>
  %alloc_4 = memref.alloc() : memref<f32>
  memref.store %cst_0, %alloc_4[] : memref<f32>
  gpu.launch blocks(%arg3, %arg4, %arg5) in (%arg9 = %c8, %arg10 = %c1, %arg11 = %c1) threads(%arg6, %arg7, %arg8) in (%arg12 = %c1, %arg13 = %c1, %arg14 = %c1) {
    %block_id_x = gpu.block_id  x
    %0 = arith.muli %block_id_x, %c128 overflow<nsw> : index
    %alloca = memref.alloca() : memref<8x128xf32, #gpu.address_space<private>>
    scf.for %arg15 = %c0 to %c8 step %c1 {
      scf.for %arg16 = %c0 to %c128 step %c1 {
        memref.store %cst, %alloca[%arg15, %arg16] : memref<8x128xf32, #gpu.address_space<private>>
      }
    }
    scf.for %arg15 = %c0 to %c1536 step %c4 {
      %subview = memref.subview %arg0[0, %0, %arg15] [8, 128, 4] [1, 1, 1] : memref<8x1024x1536xf32, 1> to memref<8x128x4xf32, strided<[1572864, 1536, 1], offset: ?>, 1>
      scf.for %arg16 = %c0 to %c8 step %c1 {
        scf.for %arg17 = %c0 to %c128 step %c1 {
          scf.for %arg18 = %c0 to %c4 step %c1 {
            %4 = memref.load %subview[%arg16, %arg17, %arg18] : memref<8x128x4xf32, strided<[1572864, 1536, 1], offset: ?>, 1>
            %5 = memref.load %alloca[%arg16, %arg17] : memref<8x128xf32, #gpu.address_space<private>>
            %6 = arith.maxnumf %4, %5 : f32
            memref.store %6, %alloca[%arg16, %arg17] : memref<8x128xf32, #gpu.address_space<private>>
          }
        }
      }
    }
    %alloc_5 = memref.alloc() : memref<f32>
    %1 = memref.load %alloc_4[] : memref<f32>
    memref.store %1, %alloc_5[] : memref<f32>
    scf.for %arg15 = %c0 to %c8 step %c4 {
      scf.for %arg16 = %c0 to %c128 step %c4 {
        %4 = arith.addi %arg16, %0 : index
        %subview = memref.subview %alloc[%arg15, %4] [4, 4] [1, 1] : memref<8x1024xf32> to memref<4x4xf32, strided<[1024, 1], offset: ?>>
        %subview_6 = memref.subview %alloca[%arg15, %arg16] [4, 4] [1, 1] : memref<8x128xf32, #gpu.address_space<private>> to memref<4x4xf32, strided<[128, 1], offset: ?>, #gpu.address_space<private>>
        %subview_7 = memref.subview %arg1[%arg15, %4] [4, 4] [1, 1] : memref<8x1024xi32, 1> to memref<4x4xi32, strided<[1024, 1], offset: ?>, 1>
        scf.for %arg17 = %c0 to %c4 step %c1 {
          scf.for %arg18 = %c0 to %c4 step %c1 {
            %5 = memref.load %subview[%arg17, %arg18] : memref<4x4xf32, strided<[1024, 1], offset: ?>>
            %6 = memref.load %subview_6[%arg17, %arg18] : memref<4x4xf32, strided<[128, 1], offset: ?>, #gpu.address_space<private>>
            %7 = memref.load %subview_7[%arg17, %arg18] : memref<4x4xi32, strided<[1024, 1], offset: ?>, 1>
            %8 = memref.load %alloc_5[] : memref<f32>
            %9 = arith.addi %arg15, %arg17 : index
            %10 = arith.addi %arg16, %arg18 : index
            %11 = arith.addi %10, %0 : index
            %12 = arith.index_cast %7 : i32 to index
            %13 = memref.load %arg0[%9, %11, %12] : memref<8x1024x1536xf32, 1>
            %14 = math.log %5 : f32
            %15 = arith.addf %14, %6 : f32
            %16 = arith.subf %15, %13 : f32
            %17 = arith.addf %16, %8 : f32
            memref.store %17, %alloc_5[] : memref<f32>
          }
        }
      }
    }
    %2 = memref.load %alloc_5[] : memref<f32>
    %3 = arith.divf %2, %cst_2 : f32
    memref.store %3, %alloc_3[] : memref<f32>
    memref.dealloc %alloc_5 : memref<f32>
    gpu.terminator
  }
  %expand_shape = memref.expand_shape %alloc_3 [] output_shape [1] : memref<f32> into memref<1xf32>
  memref.copy %expand_shape, %arg2 : memref<1xf32> to memref<1xf32, 1>
  memref.dealloc %alloc : memref<8x1024xf32>
  memref.dealloc %alloc_3 : memref<f32>
  memref.dealloc %alloc_4 : memref<f32>
  return
}

// -----// IR Dump After GpuKernelOutliningPass (gpu-kernel-outlining) //----- //
module attributes {gpu.container_module} {
  func.func @main(%arg0: memref<8x1024x1536xf32, 1>, %arg1: memref<8x1024xi32, 1>, %arg2: memref<1xf32, 1> {bufferization.writable = true}) attributes {llvm.emit_c_interface} {
    %c1 = arith.constant 1 : index
    %cst = arith.constant 0xFF800000 : f32
    %cst_0 = arith.constant 0.000000e+00 : f32
    %cst_1 = arith.constant -3.40282347E+38 : f32
    %c128 = arith.constant 128 : index
    %c8 = arith.constant 8 : index
    %c4 = arith.constant 4 : index
    %c1536 = arith.constant 1536 : index
    %c0 = arith.constant 0 : index
    %cst_2 = arith.constant 8.192000e+03 : f32
    %alloc = memref.alloc() : memref<8x1024xf32>
    gpu.launch_func  @main_kernel::@main_kernel blocks in (%c8, %c1, %c1) threads in (%c1, %c1, %c1)  args(%c128 : index, %alloc : memref<8x1024xf32>, %cst_1 : f32, %c0 : index, %c1 : index, %c8 : index, %arg0 : memref<8x1024x1536xf32, 1>, %c4 : index, %c1536 : index, %cst_0 : f32)
    %alloc_3 = memref.alloc() : memref<f32>
    %alloc_4 = memref.alloc() : memref<f32>
    memref.store %cst_0, %alloc_4[] : memref<f32>
    gpu.launch_func  @main_kernel_0::@main_kernel blocks in (%c8, %c1, %c1) threads in (%c1, %c1, %c1)  args(%c128 : index, %cst : f32, %c0 : index, %c1 : index, %c8 : index, %arg0 : memref<8x1024x1536xf32, 1>, %c4 : index, %c1536 : index, %alloc_4 : memref<f32>, %alloc : memref<8x1024xf32>, %arg1 : memref<8x1024xi32, 1>, %cst_2 : f32, %alloc_3 : memref<f32>)
    %expand_shape = memref.expand_shape %alloc_3 [] output_shape [1] : memref<f32> into memref<1xf32>
    memref.copy %expand_shape, %arg2 : memref<1xf32> to memref<1xf32, 1>
    memref.dealloc %alloc : memref<8x1024xf32>
    memref.dealloc %alloc_3 : memref<f32>
    memref.dealloc %alloc_4 : memref<f32>
    return
  }
  gpu.module @main_kernel {
    gpu.func @main_kernel(%arg0: index, %arg1: memref<8x1024xf32>, %arg2: f32, %arg3: index, %arg4: index, %arg5: index, %arg6: memref<8x1024x1536xf32, 1>, %arg7: index, %arg8: index, %arg9: f32) kernel attributes {known_block_size = array<i32: 1, 1, 1>, known_grid_size = array<i32: 8, 1, 1>} {
      %block_id_x = gpu.block_id  x
      %block_id_y = gpu.block_id  y
      %block_id_z = gpu.block_id  z
      %thread_id_x = gpu.thread_id  x
      %thread_id_y = gpu.thread_id  y
      %thread_id_z = gpu.thread_id  z
      %grid_dim_x = gpu.grid_dim  x
      %grid_dim_y = gpu.grid_dim  y
      %grid_dim_z = gpu.grid_dim  z
      %block_dim_x = gpu.block_dim  x
      %block_dim_y = gpu.block_dim  y
      %block_dim_z = gpu.block_dim  z
      %block_id_x_0 = gpu.block_id  x
      %0 = arith.muli %block_id_x_0, %arg0 overflow<nsw> : index
      %subview = memref.subview %arg1[0, %0] [8, 128] [1, 1] : memref<8x1024xf32> to memref<8x128xf32, strided<[1024, 1], offset: ?>>
      %alloca = memref.alloca() : memref<8x128xf32, #gpu.address_space<private>>
      scf.for %arg10 = %arg3 to %arg5 step %arg4 {
        scf.for %arg11 = %arg3 to %arg0 step %arg4 {
          memref.store %arg2, %alloca[%arg10, %arg11] : memref<8x128xf32, #gpu.address_space<private>>
        }
      }
      scf.for %arg10 = %arg3 to %arg8 step %arg7 {
        %subview_1 = memref.subview %arg6[0, %0, %arg10] [8, 128, 4] [1, 1, 1] : memref<8x1024x1536xf32, 1> to memref<8x128x4xf32, strided<[1572864, 1536, 1], offset: ?>, 1>
        scf.for %arg11 = %arg3 to %arg5 step %arg4 {
          scf.for %arg12 = %arg3 to %arg0 step %arg4 {
            scf.for %arg13 = %arg3 to %arg7 step %arg4 {
              %1 = memref.load %subview_1[%arg11, %arg12, %arg13] : memref<8x128x4xf32, strided<[1572864, 1536, 1], offset: ?>, 1>
              %2 = memref.load %alloca[%arg11, %arg12] : memref<8x128xf32, #gpu.address_space<private>>
              %3 = arith.maximumf %1, %2 : f32
              memref.store %3, %alloca[%arg11, %arg12] : memref<8x128xf32, #gpu.address_space<private>>
            }
          }
        }
      }
      scf.for %arg10 = %arg3 to %arg5 step %arg4 {
        scf.for %arg11 = %arg3 to %arg0 step %arg4 {
          memref.store %arg9, %subview[%arg10, %arg11] : memref<8x128xf32, strided<[1024, 1], offset: ?>>
        }
      }
      scf.for %arg10 = %arg3 to %arg8 step %arg7 {
        %subview_1 = memref.subview %arg6[0, %0, %arg10] [8, 128, 4] [1, 1, 1] : memref<8x1024x1536xf32, 1> to memref<8x128x4xf32, strided<[1572864, 1536, 1], offset: ?>, 1>
        scf.for %arg11 = %arg3 to %arg5 step %arg4 {
          scf.for %arg12 = %arg3 to %arg0 step %arg4 {
            scf.for %arg13 = %arg3 to %arg7 step %arg4 {
              %1 = memref.load %subview_1[%arg11, %arg12, %arg13] : memref<8x128x4xf32, strided<[1572864, 1536, 1], offset: ?>, 1>
              %2 = memref.load %alloca[%arg11, %arg12] : memref<8x128xf32, #gpu.address_space<private>>
              %3 = memref.load %subview[%arg11, %arg12] : memref<8x128xf32, strided<[1024, 1], offset: ?>>
              %4 = arith.subf %1, %2 : f32
              %5 = math.exp %4 : f32
              %6 = arith.addf %5, %3 : f32
              memref.store %6, %subview[%arg11, %arg12] : memref<8x128xf32, strided<[1024, 1], offset: ?>>
            }
          }
        }
      }
      gpu.return
    }
  }
  gpu.module @main_kernel_0 {
    gpu.func @main_kernel(%arg0: index, %arg1: f32, %arg2: index, %arg3: index, %arg4: index, %arg5: memref<8x1024x1536xf32, 1>, %arg6: index, %arg7: index, %arg8: memref<f32>, %arg9: memref<8x1024xf32>, %arg10: memref<8x1024xi32, 1>, %arg11: f32, %arg12: memref<f32>) kernel attributes {known_block_size = array<i32: 1, 1, 1>, known_grid_size = array<i32: 8, 1, 1>} {
      %block_id_x = gpu.block_id  x
      %block_id_y = gpu.block_id  y
      %block_id_z = gpu.block_id  z
      %thread_id_x = gpu.thread_id  x
      %thread_id_y = gpu.thread_id  y
      %thread_id_z = gpu.thread_id  z
      %grid_dim_x = gpu.grid_dim  x
      %grid_dim_y = gpu.grid_dim  y
      %grid_dim_z = gpu.grid_dim  z
      %block_dim_x = gpu.block_dim  x
      %block_dim_y = gpu.block_dim  y
      %block_dim_z = gpu.block_dim  z
      %block_id_x_0 = gpu.block_id  x
      %0 = arith.muli %block_id_x_0, %arg0 overflow<nsw> : index
      %alloca = memref.alloca() : memref<8x128xf32, #gpu.address_space<private>>
      scf.for %arg13 = %arg2 to %arg4 step %arg3 {
        scf.for %arg14 = %arg2 to %arg0 step %arg3 {
          memref.store %arg1, %alloca[%arg13, %arg14] : memref<8x128xf32, #gpu.address_space<private>>
        }
      }
      scf.for %arg13 = %arg2 to %arg7 step %arg6 {
        %subview = memref.subview %arg5[0, %0, %arg13] [8, 128, 4] [1, 1, 1] : memref<8x1024x1536xf32, 1> to memref<8x128x4xf32, strided<[1572864, 1536, 1], offset: ?>, 1>
        scf.for %arg14 = %arg2 to %arg4 step %arg3 {
          scf.for %arg15 = %arg2 to %arg0 step %arg3 {
            scf.for %arg16 = %arg2 to %arg6 step %arg3 {
              %4 = memref.load %subview[%arg14, %arg15, %arg16] : memref<8x128x4xf32, strided<[1572864, 1536, 1], offset: ?>, 1>
              %5 = memref.load %alloca[%arg14, %arg15] : memref<8x128xf32, #gpu.address_space<private>>
              %6 = arith.maxnumf %4, %5 : f32
              memref.store %6, %alloca[%arg14, %arg15] : memref<8x128xf32, #gpu.address_space<private>>
            }
          }
        }
      }
      %alloc = memref.alloc() : memref<f32>
      %1 = memref.load %arg8[] : memref<f32>
      memref.store %1, %alloc[] : memref<f32>
      scf.for %arg13 = %arg2 to %arg4 step %arg6 {
        scf.for %arg14 = %arg2 to %arg0 step %arg6 {
          %4 = arith.addi %arg14, %0 : index
          %subview = memref.subview %arg9[%arg13, %4] [4, 4] [1, 1] : memref<8x1024xf32> to memref<4x4xf32, strided<[1024, 1], offset: ?>>
          %subview_1 = memref.subview %alloca[%arg13, %arg14] [4, 4] [1, 1] : memref<8x128xf32, #gpu.address_space<private>> to memref<4x4xf32, strided<[128, 1], offset: ?>, #gpu.address_space<private>>
          %subview_2 = memref.subview %arg10[%arg13, %4] [4, 4] [1, 1] : memref<8x1024xi32, 1> to memref<4x4xi32, strided<[1024, 1], offset: ?>, 1>
          scf.for %arg15 = %arg2 to %arg6 step %arg3 {
            scf.for %arg16 = %arg2 to %arg6 step %arg3 {
              %5 = memref.load %subview[%arg15, %arg16] : memref<4x4xf32, strided<[1024, 1], offset: ?>>
              %6 = memref.load %subview_1[%arg15, %arg16] : memref<4x4xf32, strided<[128, 1], offset: ?>, #gpu.address_space<private>>
              %7 = memref.load %subview_2[%arg15, %arg16] : memref<4x4xi32, strided<[1024, 1], offset: ?>, 1>
              %8 = memref.load %alloc[] : memref<f32>
              %9 = arith.addi %arg13, %arg15 : index
              %10 = arith.addi %arg14, %arg16 : index
              %11 = arith.addi %10, %0 : index
              %12 = arith.index_cast %7 : i32 to index
              %13 = memref.load %arg5[%9, %11, %12] : memref<8x1024x1536xf32, 1>
              %14 = math.log %5 : f32
              %15 = arith.addf %14, %6 : f32
              %16 = arith.subf %15, %13 : f32
              %17 = arith.addf %16, %8 : f32
              memref.store %17, %alloc[] : memref<f32>
            }
          }
        }
      }
      %2 = memref.load %alloc[] : memref<f32>
      %3 = arith.divf %2, %arg11 : f32
      memref.store %3, %arg12[] : memref<f32>
      memref.dealloc %alloc : memref<f32>
      gpu.return
    }
  }
}



// -----// IR Dump After mlir::nova::{anonymous}::NovaConvertSharedMemAllocsPass (nova-convert-shared-mem-allocs) //----- //
gpu.module @main_kernel {
  gpu.func @main_kernel(%arg0: index, %arg1: memref<8x1024xf32>, %arg2: f32, %arg3: index, %arg4: index, %arg5: index, %arg6: memref<8x1024x1536xf32, 1>, %arg7: index, %arg8: index, %arg9: f32) kernel attributes {known_block_size = array<i32: 1, 1, 1>, known_grid_size = array<i32: 8, 1, 1>} {
    %block_id_x = gpu.block_id  x
    %0 = arith.muli %block_id_x, %arg0 overflow<nsw> : index
    %subview = memref.subview %arg1[0, %0] [8, 128] [1, 1] : memref<8x1024xf32> to memref<8x128xf32, strided<[1024, 1], offset: ?>>
    %alloca = memref.alloca() : memref<8x128xf32, #gpu.address_space<private>>
    scf.for %arg10 = %arg3 to %arg5 step %arg4 {
      scf.for %arg11 = %arg3 to %arg0 step %arg4 {
        memref.store %arg2, %alloca[%arg10, %arg11] : memref<8x128xf32, #gpu.address_space<private>>
      }
    }
    scf.for %arg10 = %arg3 to %arg8 step %arg7 {
      %subview_0 = memref.subview %arg6[0, %0, %arg10] [8, 128, 4] [1, 1, 1] : memref<8x1024x1536xf32, 1> to memref<8x128x4xf32, strided<[1572864, 1536, 1], offset: ?>, 1>
      scf.for %arg11 = %arg3 to %arg5 step %arg4 {
        scf.for %arg12 = %arg3 to %arg0 step %arg4 {
          scf.for %arg13 = %arg3 to %arg7 step %arg4 {
            %1 = memref.load %subview_0[%arg11, %arg12, %arg13] : memref<8x128x4xf32, strided<[1572864, 1536, 1], offset: ?>, 1>
            %2 = memref.load %alloca[%arg11, %arg12] : memref<8x128xf32, #gpu.address_space<private>>
            %3 = arith.maximumf %1, %2 : f32
            memref.store %3, %alloca[%arg11, %arg12] : memref<8x128xf32, #gpu.address_space<private>>
          }
        }
      }
    }
    scf.for %arg10 = %arg3 to %arg5 step %arg4 {
      scf.for %arg11 = %arg3 to %arg0 step %arg4 {
        memref.store %arg9, %subview[%arg10, %arg11] : memref<8x128xf32, strided<[1024, 1], offset: ?>>
      }
    }
    scf.for %arg10 = %arg3 to %arg8 step %arg7 {
      %subview_0 = memref.subview %arg6[0, %0, %arg10] [8, 128, 4] [1, 1, 1] : memref<8x1024x1536xf32, 1> to memref<8x128x4xf32, strided<[1572864, 1536, 1], offset: ?>, 1>
      scf.for %arg11 = %arg3 to %arg5 step %arg4 {
        scf.for %arg12 = %arg3 to %arg0 step %arg4 {
          scf.for %arg13 = %arg3 to %arg7 step %arg4 {
            %1 = memref.load %subview_0[%arg11, %arg12, %arg13] : memref<8x128x4xf32, strided<[1572864, 1536, 1], offset: ?>, 1>
            %2 = memref.load %alloca[%arg11, %arg12] : memref<8x128xf32, #gpu.address_space<private>>
            %3 = memref.load %subview[%arg11, %arg12] : memref<8x128xf32, strided<[1024, 1], offset: ?>>
            %4 = arith.subf %1, %2 : f32
            %5 = math.exp %4 : f32
            %6 = arith.addf %5, %3 : f32
            memref.store %6, %subview[%arg11, %arg12] : memref<8x128xf32, strided<[1024, 1], offset: ?>>
          }
        }
      }
    }
    gpu.return
  }
}

// -----// IR Dump After mlir::nova::{anonymous}::NovaConvertSharedMemAllocsPass (nova-convert-shared-mem-allocs) //----- //
gpu.module @main_kernel_0 {
  gpu.func @main_kernel(%arg0: index, %arg1: f32, %arg2: index, %arg3: index, %arg4: index, %arg5: memref<8x1024x1536xf32, 1>, %arg6: index, %arg7: index, %arg8: memref<f32>, %arg9: memref<8x1024xf32>, %arg10: memref<8x1024xi32, 1>, %arg11: f32, %arg12: memref<f32>) kernel attributes {known_block_size = array<i32: 1, 1, 1>, known_grid_size = array<i32: 8, 1, 1>} {
    %block_id_x = gpu.block_id  x
    %0 = arith.muli %block_id_x, %arg0 overflow<nsw> : index
    %alloca = memref.alloca() : memref<8x128xf32, #gpu.address_space<private>>
    scf.for %arg13 = %arg2 to %arg4 step %arg3 {
      scf.for %arg14 = %arg2 to %arg0 step %arg3 {
        memref.store %arg1, %alloca[%arg13, %arg14] : memref<8x128xf32, #gpu.address_space<private>>
      }
    }
    scf.for %arg13 = %arg2 to %arg7 step %arg6 {
      %subview = memref.subview %arg5[0, %0, %arg13] [8, 128, 4] [1, 1, 1] : memref<8x1024x1536xf32, 1> to memref<8x128x4xf32, strided<[1572864, 1536, 1], offset: ?>, 1>
      scf.for %arg14 = %arg2 to %arg4 step %arg3 {
        scf.for %arg15 = %arg2 to %arg0 step %arg3 {
          scf.for %arg16 = %arg2 to %arg6 step %arg3 {
            %4 = memref.load %subview[%arg14, %arg15, %arg16] : memref<8x128x4xf32, strided<[1572864, 1536, 1], offset: ?>, 1>
            %5 = memref.load %alloca[%arg14, %arg15] : memref<8x128xf32, #gpu.address_space<private>>
            %6 = arith.maxnumf %4, %5 : f32
            memref.store %6, %alloca[%arg14, %arg15] : memref<8x128xf32, #gpu.address_space<private>>
          }
        }
      }
    }
    %alloc = memref.alloc() : memref<f32>
    %1 = memref.load %arg8[] : memref<f32>
    memref.store %1, %alloc[] : memref<f32>
    scf.for %arg13 = %arg2 to %arg4 step %arg6 {
      scf.for %arg14 = %arg2 to %arg0 step %arg6 {
        %4 = arith.addi %arg14, %0 : index
        %subview = memref.subview %arg9[%arg13, %4] [4, 4] [1, 1] : memref<8x1024xf32> to memref<4x4xf32, strided<[1024, 1], offset: ?>>
        %subview_0 = memref.subview %alloca[%arg13, %arg14] [4, 4] [1, 1] : memref<8x128xf32, #gpu.address_space<private>> to memref<4x4xf32, strided<[128, 1], offset: ?>, #gpu.address_space<private>>
        %subview_1 = memref.subview %arg10[%arg13, %4] [4, 4] [1, 1] : memref<8x1024xi32, 1> to memref<4x4xi32, strided<[1024, 1], offset: ?>, 1>
        scf.for %arg15 = %arg2 to %arg6 step %arg3 {
          scf.for %arg16 = %arg2 to %arg6 step %arg3 {
            %5 = memref.load %subview[%arg15, %arg16] : memref<4x4xf32, strided<[1024, 1], offset: ?>>
            %6 = memref.load %subview_0[%arg15, %arg16] : memref<4x4xf32, strided<[128, 1], offset: ?>, #gpu.address_space<private>>
            %7 = memref.load %subview_1[%arg15, %arg16] : memref<4x4xi32, strided<[1024, 1], offset: ?>, 1>
            %8 = memref.load %alloc[] : memref<f32>
            %9 = arith.addi %arg13, %arg15 : index
            %10 = arith.addi %arg14, %arg16 : index
            %11 = arith.addi %10, %0 : index
            %12 = arith.index_cast %7 : i32 to index
            %13 = memref.load %arg5[%9, %11, %12] : memref<8x1024x1536xf32, 1>
            %14 = math.log %5 : f32
            %15 = arith.addf %14, %6 : f32
            %16 = arith.subf %15, %13 : f32
            %17 = arith.addf %16, %8 : f32
            memref.store %17, %alloc[] : memref<f32>
          }
        }
      }
    }
    %2 = memref.load %alloc[] : memref<f32>
    %3 = arith.divf %2, %arg11 : f32
    memref.store %3, %arg12[] : memref<f32>
    memref.dealloc %alloc : memref<f32>
    gpu.return
  }
}

// -----// IR Dump After ConvertMemRefToGpu (convert-memref-to-gpu) //----- //
module attributes {gpu.container_module} {
  func.func @main(%arg0: memref<8x1024x1536xf32, 1>, %arg1: memref<8x1024xi32, 1>, %arg2: memref<1xf32, 1> {bufferization.writable = true}) attributes {llvm.emit_c_interface} {
    %c1 = arith.constant 1 : index
    %cst = arith.constant 0xFF800000 : f32
    %cst_0 = arith.constant 0.000000e+00 : f32
    %cst_1 = arith.constant -3.40282347E+38 : f32
    %c128 = arith.constant 128 : index
    %c8 = arith.constant 8 : index
    %c4 = arith.constant 4 : index
    %c1536 = arith.constant 1536 : index
    %c0 = arith.constant 0 : index
    %cst_2 = arith.constant 8.192000e+03 : f32
    %memref = gpu.alloc  () : memref<8x1024xf32>
    gpu.launch_func  @main_kernel::@main_kernel blocks in (%c8, %c1, %c1) threads in (%c1, %c1, %c1)  args(%c128 : index, %memref : memref<8x1024xf32>, %cst_1 : f32, %c0 : index, %c1 : index, %c8 : index, %arg0 : memref<8x1024x1536xf32, 1>, %c4 : index, %c1536 : index, %cst_0 : f32)
    %memref_3 = gpu.alloc  () : memref<f32>
    %memref_4 = gpu.alloc  () : memref<f32>
    memref.store %cst_0, %memref_4[] : memref<f32>
    gpu.launch_func  @main_kernel_0::@main_kernel blocks in (%c8, %c1, %c1) threads in (%c1, %c1, %c1)  args(%c128 : index, %cst : f32, %c0 : index, %c1 : index, %c8 : index, %arg0 : memref<8x1024x1536xf32, 1>, %c4 : index, %c1536 : index, %memref_4 : memref<f32>, %memref : memref<8x1024xf32>, %arg1 : memref<8x1024xi32, 1>, %cst_2 : f32, %memref_3 : memref<f32>)
    %expand_shape = memref.expand_shape %memref_3 [] output_shape [1] : memref<f32> into memref<1xf32>
    gpu.memcpy  %arg2, %expand_shape : memref<1xf32, 1>, memref<1xf32>
    gpu.dealloc  %memref : memref<8x1024xf32>
    gpu.dealloc  %memref_3 : memref<f32>
    gpu.dealloc  %memref_4 : memref<f32>
    return
  }
  gpu.module @main_kernel {
    gpu.func @main_kernel(%arg0: index, %arg1: memref<8x1024xf32>, %arg2: f32, %arg3: index, %arg4: index, %arg5: index, %arg6: memref<8x1024x1536xf32, 1>, %arg7: index, %arg8: index, %arg9: f32) kernel attributes {known_block_size = array<i32: 1, 1, 1>, known_grid_size = array<i32: 8, 1, 1>} {
      %block_id_x = gpu.block_id  x
      %0 = arith.muli %block_id_x, %arg0 overflow<nsw> : index
      %subview = memref.subview %arg1[0, %0] [8, 128] [1, 1] : memref<8x1024xf32> to memref<8x128xf32, strided<[1024, 1], offset: ?>>
      %alloca = memref.alloca() : memref<8x128xf32, #gpu.address_space<private>>
      scf.for %arg10 = %arg3 to %arg5 step %arg4 {
        scf.for %arg11 = %arg3 to %arg0 step %arg4 {
          memref.store %arg2, %alloca[%arg10, %arg11] : memref<8x128xf32, #gpu.address_space<private>>
        }
      }
      scf.for %arg10 = %arg3 to %arg8 step %arg7 {
        %subview_0 = memref.subview %arg6[0, %0, %arg10] [8, 128, 4] [1, 1, 1] : memref<8x1024x1536xf32, 1> to memref<8x128x4xf32, strided<[1572864, 1536, 1], offset: ?>, 1>
        scf.for %arg11 = %arg3 to %arg5 step %arg4 {
          scf.for %arg12 = %arg3 to %arg0 step %arg4 {
            scf.for %arg13 = %arg3 to %arg7 step %arg4 {
              %1 = memref.load %subview_0[%arg11, %arg12, %arg13] : memref<8x128x4xf32, strided<[1572864, 1536, 1], offset: ?>, 1>
              %2 = memref.load %alloca[%arg11, %arg12] : memref<8x128xf32, #gpu.address_space<private>>
              %3 = arith.maximumf %1, %2 : f32
              memref.store %3, %alloca[%arg11, %arg12] : memref<8x128xf32, #gpu.address_space<private>>
            }
          }
        }
      }
      scf.for %arg10 = %arg3 to %arg5 step %arg4 {
        scf.for %arg11 = %arg3 to %arg0 step %arg4 {
          memref.store %arg9, %subview[%arg10, %arg11] : memref<8x128xf32, strided<[1024, 1], offset: ?>>
        }
      }
      scf.for %arg10 = %arg3 to %arg8 step %arg7 {
        %subview_0 = memref.subview %arg6[0, %0, %arg10] [8, 128, 4] [1, 1, 1] : memref<8x1024x1536xf32, 1> to memref<8x128x4xf32, strided<[1572864, 1536, 1], offset: ?>, 1>
        scf.for %arg11 = %arg3 to %arg5 step %arg4 {
          scf.for %arg12 = %arg3 to %arg0 step %arg4 {
            scf.for %arg13 = %arg3 to %arg7 step %arg4 {
              %1 = memref.load %subview_0[%arg11, %arg12, %arg13] : memref<8x128x4xf32, strided<[1572864, 1536, 1], offset: ?>, 1>
              %2 = memref.load %alloca[%arg11, %arg12] : memref<8x128xf32, #gpu.address_space<private>>
              %3 = memref.load %subview[%arg11, %arg12] : memref<8x128xf32, strided<[1024, 1], offset: ?>>
              %4 = arith.subf %1, %2 : f32
              %5 = math.exp %4 : f32
              %6 = arith.addf %5, %3 : f32
              memref.store %6, %subview[%arg11, %arg12] : memref<8x128xf32, strided<[1024, 1], offset: ?>>
            }
          }
        }
      }
      gpu.return
    }
  }
  gpu.module @main_kernel_0 {
    gpu.func @main_kernel(%arg0: index, %arg1: f32, %arg2: index, %arg3: index, %arg4: index, %arg5: memref<8x1024x1536xf32, 1>, %arg6: index, %arg7: index, %arg8: memref<f32>, %arg9: memref<8x1024xf32>, %arg10: memref<8x1024xi32, 1>, %arg11: f32, %arg12: memref<f32>) kernel attributes {known_block_size = array<i32: 1, 1, 1>, known_grid_size = array<i32: 8, 1, 1>} {
      %block_id_x = gpu.block_id  x
      %0 = arith.muli %block_id_x, %arg0 overflow<nsw> : index
      %alloca = memref.alloca() : memref<8x128xf32, #gpu.address_space<private>>
      scf.for %arg13 = %arg2 to %arg4 step %arg3 {
        scf.for %arg14 = %arg2 to %arg0 step %arg3 {
          memref.store %arg1, %alloca[%arg13, %arg14] : memref<8x128xf32, #gpu.address_space<private>>
        }
      }
      scf.for %arg13 = %arg2 to %arg7 step %arg6 {
        %subview = memref.subview %arg5[0, %0, %arg13] [8, 128, 4] [1, 1, 1] : memref<8x1024x1536xf32, 1> to memref<8x128x4xf32, strided<[1572864, 1536, 1], offset: ?>, 1>
        scf.for %arg14 = %arg2 to %arg4 step %arg3 {
          scf.for %arg15 = %arg2 to %arg0 step %arg3 {
            scf.for %arg16 = %arg2 to %arg6 step %arg3 {
              %4 = memref.load %subview[%arg14, %arg15, %arg16] : memref<8x128x4xf32, strided<[1572864, 1536, 1], offset: ?>, 1>
              %5 = memref.load %alloca[%arg14, %arg15] : memref<8x128xf32, #gpu.address_space<private>>
              %6 = arith.maxnumf %4, %5 : f32
              memref.store %6, %alloca[%arg14, %arg15] : memref<8x128xf32, #gpu.address_space<private>>
            }
          }
        }
      }
      %alloca_0 = memref.alloca() : memref<f32>
      %1 = memref.load %arg8[] : memref<f32>
      memref.store %1, %alloca_0[] : memref<f32>
      scf.for %arg13 = %arg2 to %arg4 step %arg6 {
        scf.for %arg14 = %arg2 to %arg0 step %arg6 {
          %4 = arith.addi %arg14, %0 : index
          %subview = memref.subview %arg9[%arg13, %4] [4, 4] [1, 1] : memref<8x1024xf32> to memref<4x4xf32, strided<[1024, 1], offset: ?>>
          %subview_1 = memref.subview %alloca[%arg13, %arg14] [4, 4] [1, 1] : memref<8x128xf32, #gpu.address_space<private>> to memref<4x4xf32, strided<[128, 1], offset: ?>, #gpu.address_space<private>>
          %subview_2 = memref.subview %arg10[%arg13, %4] [4, 4] [1, 1] : memref<8x1024xi32, 1> to memref<4x4xi32, strided<[1024, 1], offset: ?>, 1>
          scf.for %arg15 = %arg2 to %arg6 step %arg3 {
            scf.for %arg16 = %arg2 to %arg6 step %arg3 {
              %5 = memref.load %subview[%arg15, %arg16] : memref<4x4xf32, strided<[1024, 1], offset: ?>>
              %6 = memref.load %subview_1[%arg15, %arg16] : memref<4x4xf32, strided<[128, 1], offset: ?>, #gpu.address_space<private>>
              %7 = memref.load %subview_2[%arg15, %arg16] : memref<4x4xi32, strided<[1024, 1], offset: ?>, 1>
              %8 = memref.load %alloca_0[] : memref<f32>
              %9 = arith.addi %arg13, %arg15 : index
              %10 = arith.addi %arg14, %arg16 : index
              %11 = arith.addi %10, %0 : index
              %12 = arith.index_cast %7 : i32 to index
              %13 = memref.load %arg5[%9, %11, %12] : memref<8x1024x1536xf32, 1>
              %14 = math.log %5 : f32
              %15 = arith.addf %14, %6 : f32
              %16 = arith.subf %15, %13 : f32
              %17 = arith.addf %16, %8 : f32
              memref.store %17, %alloca_0[] : memref<f32>
            }
          }
        }
      }
      %2 = memref.load %alloca_0[] : memref<f32>
      %3 = arith.divf %2, %arg11 : f32
      memref.store %3, %arg12[] : memref<f32>
      gpu.return
    }
  }
}


// -----// IR Dump After GpuNVVMAttachTarget (nvvm-attach-target) //----- //
module attributes {gpu.container_module} {
  func.func @main(%arg0: memref<8x1024x1536xf32, 1>, %arg1: memref<8x1024xi32, 1>, %arg2: memref<1xf32, 1> {bufferization.writable = true}) attributes {llvm.emit_c_interface} {
    %c1 = arith.constant 1 : index
    %cst = arith.constant 0xFF800000 : f32
    %cst_0 = arith.constant 0.000000e+00 : f32
    %cst_1 = arith.constant -3.40282347E+38 : f32
    %c128 = arith.constant 128 : index
    %c8 = arith.constant 8 : index
    %c4 = arith.constant 4 : index
    %c1536 = arith.constant 1536 : index
    %c0 = arith.constant 0 : index
    %cst_2 = arith.constant 8.192000e+03 : f32
    %memref = gpu.alloc  () : memref<8x1024xf32>
    gpu.launch_func  @main_kernel::@main_kernel blocks in (%c8, %c1, %c1) threads in (%c1, %c1, %c1)  args(%c128 : index, %memref : memref<8x1024xf32>, %cst_1 : f32, %c0 : index, %c1 : index, %c8 : index, %arg0 : memref<8x1024x1536xf32, 1>, %c4 : index, %c1536 : index, %cst_0 : f32)
    %memref_3 = gpu.alloc  () : memref<f32>
    %memref_4 = gpu.alloc  () : memref<f32>
    memref.store %cst_0, %memref_4[] : memref<f32>
    gpu.launch_func  @main_kernel_0::@main_kernel blocks in (%c8, %c1, %c1) threads in (%c1, %c1, %c1)  args(%c128 : index, %cst : f32, %c0 : index, %c1 : index, %c8 : index, %arg0 : memref<8x1024x1536xf32, 1>, %c4 : index, %c1536 : index, %memref_4 : memref<f32>, %memref : memref<8x1024xf32>, %arg1 : memref<8x1024xi32, 1>, %cst_2 : f32, %memref_3 : memref<f32>)
    %expand_shape = memref.expand_shape %memref_3 [] output_shape [1] : memref<f32> into memref<1xf32>
    gpu.memcpy  %arg2, %expand_shape : memref<1xf32, 1>, memref<1xf32>
    gpu.dealloc  %memref : memref<8x1024xf32>
    gpu.dealloc  %memref_3 : memref<f32>
    gpu.dealloc  %memref_4 : memref<f32>
    return
  }
  gpu.module @main_kernel [#nvvm.target<O = 3, chip = "sm_86", features = "+ptx76", flags = {fast, ftz}>] {
    gpu.func @main_kernel(%arg0: index, %arg1: memref<8x1024xf32>, %arg2: f32, %arg3: index, %arg4: index, %arg5: index, %arg6: memref<8x1024x1536xf32, 1>, %arg7: index, %arg8: index, %arg9: f32) kernel attributes {known_block_size = array<i32: 1, 1, 1>, known_grid_size = array<i32: 8, 1, 1>} {
      %block_id_x = gpu.block_id  x
      %0 = arith.muli %block_id_x, %arg0 overflow<nsw> : index
      %subview = memref.subview %arg1[0, %0] [8, 128] [1, 1] : memref<8x1024xf32> to memref<8x128xf32, strided<[1024, 1], offset: ?>>
      %alloca = memref.alloca() : memref<8x128xf32, #gpu.address_space<private>>
      scf.for %arg10 = %arg3 to %arg5 step %arg4 {
        scf.for %arg11 = %arg3 to %arg0 step %arg4 {
          memref.store %arg2, %alloca[%arg10, %arg11] : memref<8x128xf32, #gpu.address_space<private>>
        }
      }
      scf.for %arg10 = %arg3 to %arg8 step %arg7 {
        %subview_0 = memref.subview %arg6[0, %0, %arg10] [8, 128, 4] [1, 1, 1] : memref<8x1024x1536xf32, 1> to memref<8x128x4xf32, strided<[1572864, 1536, 1], offset: ?>, 1>
        scf.for %arg11 = %arg3 to %arg5 step %arg4 {
          scf.for %arg12 = %arg3 to %arg0 step %arg4 {
            scf.for %arg13 = %arg3 to %arg7 step %arg4 {
              %1 = memref.load %subview_0[%arg11, %arg12, %arg13] : memref<8x128x4xf32, strided<[1572864, 1536, 1], offset: ?>, 1>
              %2 = memref.load %alloca[%arg11, %arg12] : memref<8x128xf32, #gpu.address_space<private>>
              %3 = arith.maximumf %1, %2 : f32
              memref.store %3, %alloca[%arg11, %arg12] : memref<8x128xf32, #gpu.address_space<private>>
            }
          }
        }
      }
      scf.for %arg10 = %arg3 to %arg5 step %arg4 {
        scf.for %arg11 = %arg3 to %arg0 step %arg4 {
          memref.store %arg9, %subview[%arg10, %arg11] : memref<8x128xf32, strided<[1024, 1], offset: ?>>
        }
      }
      scf.for %arg10 = %arg3 to %arg8 step %arg7 {
        %subview_0 = memref.subview %arg6[0, %0, %arg10] [8, 128, 4] [1, 1, 1] : memref<8x1024x1536xf32, 1> to memref<8x128x4xf32, strided<[1572864, 1536, 1], offset: ?>, 1>
        scf.for %arg11 = %arg3 to %arg5 step %arg4 {
          scf.for %arg12 = %arg3 to %arg0 step %arg4 {
            scf.for %arg13 = %arg3 to %arg7 step %arg4 {
              %1 = memref.load %subview_0[%arg11, %arg12, %arg13] : memref<8x128x4xf32, strided<[1572864, 1536, 1], offset: ?>, 1>
              %2 = memref.load %alloca[%arg11, %arg12] : memref<8x128xf32, #gpu.address_space<private>>
              %3 = memref.load %subview[%arg11, %arg12] : memref<8x128xf32, strided<[1024, 1], offset: ?>>
              %4 = arith.subf %1, %2 : f32
              %5 = math.exp %4 : f32
              %6 = arith.addf %5, %3 : f32
              memref.store %6, %subview[%arg11, %arg12] : memref<8x128xf32, strided<[1024, 1], offset: ?>>
            }
          }
        }
      }
      gpu.return
    }
  }
  gpu.module @main_kernel_0 [#nvvm.target<O = 3, chip = "sm_86", features = "+ptx76", flags = {fast, ftz}>] {
    gpu.func @main_kernel(%arg0: index, %arg1: f32, %arg2: index, %arg3: index, %arg4: index, %arg5: memref<8x1024x1536xf32, 1>, %arg6: index, %arg7: index, %arg8: memref<f32>, %arg9: memref<8x1024xf32>, %arg10: memref<8x1024xi32, 1>, %arg11: f32, %arg12: memref<f32>) kernel attributes {known_block_size = array<i32: 1, 1, 1>, known_grid_size = array<i32: 8, 1, 1>} {
      %block_id_x = gpu.block_id  x
      %0 = arith.muli %block_id_x, %arg0 overflow<nsw> : index
      %alloca = memref.alloca() : memref<8x128xf32, #gpu.address_space<private>>
      scf.for %arg13 = %arg2 to %arg4 step %arg3 {
        scf.for %arg14 = %arg2 to %arg0 step %arg3 {
          memref.store %arg1, %alloca[%arg13, %arg14] : memref<8x128xf32, #gpu.address_space<private>>
        }
      }
      scf.for %arg13 = %arg2 to %arg7 step %arg6 {
        %subview = memref.subview %arg5[0, %0, %arg13] [8, 128, 4] [1, 1, 1] : memref<8x1024x1536xf32, 1> to memref<8x128x4xf32, strided<[1572864, 1536, 1], offset: ?>, 1>
        scf.for %arg14 = %arg2 to %arg4 step %arg3 {
          scf.for %arg15 = %arg2 to %arg0 step %arg3 {
            scf.for %arg16 = %arg2 to %arg6 step %arg3 {
              %4 = memref.load %subview[%arg14, %arg15, %arg16] : memref<8x128x4xf32, strided<[1572864, 1536, 1], offset: ?>, 1>
              %5 = memref.load %alloca[%arg14, %arg15] : memref<8x128xf32, #gpu.address_space<private>>
              %6 = arith.maxnumf %4, %5 : f32
              memref.store %6, %alloca[%arg14, %arg15] : memref<8x128xf32, #gpu.address_space<private>>
            }
          }
        }
      }
      %alloca_0 = memref.alloca() : memref<f32>
      %1 = memref.load %arg8[] : memref<f32>
      memref.store %1, %alloca_0[] : memref<f32>
      scf.for %arg13 = %arg2 to %arg4 step %arg6 {
        scf.for %arg14 = %arg2 to %arg0 step %arg6 {
          %4 = arith.addi %arg14, %0 : index
          %subview = memref.subview %arg9[%arg13, %4] [4, 4] [1, 1] : memref<8x1024xf32> to memref<4x4xf32, strided<[1024, 1], offset: ?>>
          %subview_1 = memref.subview %alloca[%arg13, %arg14] [4, 4] [1, 1] : memref<8x128xf32, #gpu.address_space<private>> to memref<4x4xf32, strided<[128, 1], offset: ?>, #gpu.address_space<private>>
          %subview_2 = memref.subview %arg10[%arg13, %4] [4, 4] [1, 1] : memref<8x1024xi32, 1> to memref<4x4xi32, strided<[1024, 1], offset: ?>, 1>
          scf.for %arg15 = %arg2 to %arg6 step %arg3 {
            scf.for %arg16 = %arg2 to %arg6 step %arg3 {
              %5 = memref.load %subview[%arg15, %arg16] : memref<4x4xf32, strided<[1024, 1], offset: ?>>
              %6 = memref.load %subview_1[%arg15, %arg16] : memref<4x4xf32, strided<[128, 1], offset: ?>, #gpu.address_space<private>>
              %7 = memref.load %subview_2[%arg15, %arg16] : memref<4x4xi32, strided<[1024, 1], offset: ?>, 1>
              %8 = memref.load %alloca_0[] : memref<f32>
              %9 = arith.addi %arg13, %arg15 : index
              %10 = arith.addi %arg14, %arg16 : index
              %11 = arith.addi %10, %0 : index
              %12 = arith.index_cast %7 : i32 to index
              %13 = memref.load %arg5[%9, %11, %12] : memref<8x1024x1536xf32, 1>
              %14 = math.log %5 : f32
              %15 = arith.addf %14, %6 : f32
              %16 = arith.subf %15, %13 : f32
              %17 = arith.addf %16, %8 : f32
              memref.store %17, %alloca_0[] : memref<f32>
            }
          }
        }
      }
      %2 = memref.load %alloca_0[] : memref<f32>
      %3 = arith.divf %2, %arg11 : f32
      memref.store %3, %arg12[] : memref<f32>
      gpu.return
    }
  }
}


// -----// IR Dump After GpuAsyncRegionPass (gpu-async-region) //----- //
func.func @main(%arg0: memref<8x1024x1536xf32, 1>, %arg1: memref<8x1024xi32, 1>, %arg2: memref<1xf32, 1> {bufferization.writable = true}) attributes {llvm.emit_c_interface} {
  %c1 = arith.constant 1 : index
  %cst = arith.constant 0xFF800000 : f32
  %cst_0 = arith.constant 0.000000e+00 : f32
  %cst_1 = arith.constant -3.40282347E+38 : f32
  %c128 = arith.constant 128 : index
  %c8 = arith.constant 8 : index
  %c4 = arith.constant 4 : index
  %c1536 = arith.constant 1536 : index
  %c0 = arith.constant 0 : index
  %cst_2 = arith.constant 8.192000e+03 : f32
  %0 = gpu.wait async
  %memref, %asyncToken = gpu.alloc async [%0] () : memref<8x1024xf32>
  %1 = gpu.launch_func async [%asyncToken] @main_kernel::@main_kernel blocks in (%c8, %c1, %c1) threads in (%c1, %c1, %c1)  args(%c128 : index, %memref : memref<8x1024xf32>, %cst_1 : f32, %c0 : index, %c1 : index, %c8 : index, %arg0 : memref<8x1024x1536xf32, 1>, %c4 : index, %c1536 : index, %cst_0 : f32)
  %memref_3, %asyncToken_4 = gpu.alloc async [%1] () : memref<f32>
  %memref_5, %asyncToken_6 = gpu.alloc async [%asyncToken_4] () : memref<f32>
  gpu.wait [%asyncToken_6]
  memref.store %cst_0, %memref_5[] : memref<f32>
  %2 = gpu.wait async
  %3 = gpu.launch_func async [%2] @main_kernel_0::@main_kernel blocks in (%c8, %c1, %c1) threads in (%c1, %c1, %c1)  args(%c128 : index, %cst : f32, %c0 : index, %c1 : index, %c8 : index, %arg0 : memref<8x1024x1536xf32, 1>, %c4 : index, %c1536 : index, %memref_5 : memref<f32>, %memref : memref<8x1024xf32>, %arg1 : memref<8x1024xi32, 1>, %cst_2 : f32, %memref_3 : memref<f32>)
  %expand_shape = memref.expand_shape %memref_3 [] output_shape [1] : memref<f32> into memref<1xf32>
  %4 = gpu.memcpy async [%3] %arg2, %expand_shape : memref<1xf32, 1>, memref<1xf32>
  %5 = gpu.dealloc async [%4] %memref : memref<8x1024xf32>
  %6 = gpu.dealloc async [%5] %memref_3 : memref<f32>
  %7 = gpu.dealloc async [%6] %memref_5 : memref<f32>
  gpu.wait [%7]
  return
}

// -----// IR Dump After ExpandStridedMetadataPass (expand-strided-metadata) //----- //
gpu.module @main_kernel [#nvvm.target<O = 3, chip = "sm_86", features = "+ptx76", flags = {fast, ftz}>] {
  gpu.func @main_kernel(%arg0: index, %arg1: memref<8x1024xf32>, %arg2: f32, %arg3: index, %arg4: index, %arg5: index, %arg6: memref<8x1024x1536xf32, 1>, %arg7: index, %arg8: index, %arg9: f32) kernel attributes {known_block_size = array<i32: 1, 1, 1>, known_grid_size = array<i32: 8, 1, 1>} {
    %block_id_x = gpu.block_id  x
    %0 = arith.muli %block_id_x, %arg0 overflow<nsw> : index
    %base_buffer, %offset, %sizes:2, %strides:2 = memref.extract_strided_metadata %arg1 : memref<8x1024xf32> -> memref<f32>, index, index, index, index, index
    %reinterpret_cast = memref.reinterpret_cast %base_buffer to offset: [%0], sizes: [8, 128], strides: [1024, 1] : memref<f32> to memref<8x128xf32, strided<[1024, 1], offset: ?>>
    %alloca = memref.alloca() : memref<8x128xf32, #gpu.address_space<private>>
    scf.for %arg10 = %arg3 to %arg5 step %arg4 {
      scf.for %arg11 = %arg3 to %arg0 step %arg4 {
        memref.store %arg2, %alloca[%arg10, %arg11] : memref<8x128xf32, #gpu.address_space<private>>
      }
    }
    scf.for %arg10 = %arg3 to %arg8 step %arg7 {
      %base_buffer_0, %offset_1, %sizes_2:3, %strides_3:3 = memref.extract_strided_metadata %arg6 : memref<8x1024x1536xf32, 1> -> memref<f32, 1>, index, index, index, index, index, index, index
      %1 = affine.apply affine_map<()[s0, s1] -> (s0 * 1536 + s1)>()[%0, %arg10]
      %reinterpret_cast_4 = memref.reinterpret_cast %base_buffer_0 to offset: [%1], sizes: [8, 128, 4], strides: [1572864, 1536, 1] : memref<f32, 1> to memref<8x128x4xf32, strided<[1572864, 1536, 1], offset: ?>, 1>
      scf.for %arg11 = %arg3 to %arg5 step %arg4 {
        scf.for %arg12 = %arg3 to %arg0 step %arg4 {
          scf.for %arg13 = %arg3 to %arg7 step %arg4 {
            %2 = memref.load %reinterpret_cast_4[%arg11, %arg12, %arg13] : memref<8x128x4xf32, strided<[1572864, 1536, 1], offset: ?>, 1>
            %3 = memref.load %alloca[%arg11, %arg12] : memref<8x128xf32, #gpu.address_space<private>>
            %4 = arith.maximumf %2, %3 : f32
            memref.store %4, %alloca[%arg11, %arg12] : memref<8x128xf32, #gpu.address_space<private>>
          }
        }
      }
    }
    scf.for %arg10 = %arg3 to %arg5 step %arg4 {
      scf.for %arg11 = %arg3 to %arg0 step %arg4 {
        memref.store %arg9, %reinterpret_cast[%arg10, %arg11] : memref<8x128xf32, strided<[1024, 1], offset: ?>>
      }
    }
    scf.for %arg10 = %arg3 to %arg8 step %arg7 {
      %base_buffer_0, %offset_1, %sizes_2:3, %strides_3:3 = memref.extract_strided_metadata %arg6 : memref<8x1024x1536xf32, 1> -> memref<f32, 1>, index, index, index, index, index, index, index
      %1 = affine.apply affine_map<()[s0, s1] -> (s0 * 1536 + s1)>()[%0, %arg10]
      %reinterpret_cast_4 = memref.reinterpret_cast %base_buffer_0 to offset: [%1], sizes: [8, 128, 4], strides: [1572864, 1536, 1] : memref<f32, 1> to memref<8x128x4xf32, strided<[1572864, 1536, 1], offset: ?>, 1>
      scf.for %arg11 = %arg3 to %arg5 step %arg4 {
        scf.for %arg12 = %arg3 to %arg0 step %arg4 {
          scf.for %arg13 = %arg3 to %arg7 step %arg4 {
            %2 = memref.load %reinterpret_cast_4[%arg11, %arg12, %arg13] : memref<8x128x4xf32, strided<[1572864, 1536, 1], offset: ?>, 1>
            %3 = memref.load %alloca[%arg11, %arg12] : memref<8x128xf32, #gpu.address_space<private>>
            %4 = memref.load %reinterpret_cast[%arg11, %arg12] : memref<8x128xf32, strided<[1024, 1], offset: ?>>
            %5 = arith.subf %2, %3 : f32
            %6 = math.exp %5 : f32
            %7 = arith.addf %6, %4 : f32
            memref.store %7, %reinterpret_cast[%arg11, %arg12] : memref<8x128xf32, strided<[1024, 1], offset: ?>>
          }
        }
      }
    }
    gpu.return
  }
}

// -----// IR Dump After ExpandStridedMetadataPass (expand-strided-metadata) //----- //
gpu.module @main_kernel_0 [#nvvm.target<O = 3, chip = "sm_86", features = "+ptx76", flags = {fast, ftz}>] {
  gpu.func @main_kernel(%arg0: index, %arg1: f32, %arg2: index, %arg3: index, %arg4: index, %arg5: memref<8x1024x1536xf32, 1>, %arg6: index, %arg7: index, %arg8: memref<f32>, %arg9: memref<8x1024xf32>, %arg10: memref<8x1024xi32, 1>, %arg11: f32, %arg12: memref<f32>) kernel attributes {known_block_size = array<i32: 1, 1, 1>, known_grid_size = array<i32: 8, 1, 1>} {
    %block_id_x = gpu.block_id  x
    %0 = arith.muli %block_id_x, %arg0 overflow<nsw> : index
    %alloca = memref.alloca() : memref<8x128xf32, #gpu.address_space<private>>
    scf.for %arg13 = %arg2 to %arg4 step %arg3 {
      scf.for %arg14 = %arg2 to %arg0 step %arg3 {
        memref.store %arg1, %alloca[%arg13, %arg14] : memref<8x128xf32, #gpu.address_space<private>>
      }
    }
    scf.for %arg13 = %arg2 to %arg7 step %arg6 {
      %base_buffer, %offset, %sizes:3, %strides:3 = memref.extract_strided_metadata %arg5 : memref<8x1024x1536xf32, 1> -> memref<f32, 1>, index, index, index, index, index, index, index
      %4 = affine.apply affine_map<()[s0, s1] -> (s0 * 1536 + s1)>()[%0, %arg13]
      %reinterpret_cast = memref.reinterpret_cast %base_buffer to offset: [%4], sizes: [8, 128, 4], strides: [1572864, 1536, 1] : memref<f32, 1> to memref<8x128x4xf32, strided<[1572864, 1536, 1], offset: ?>, 1>
      scf.for %arg14 = %arg2 to %arg4 step %arg3 {
        scf.for %arg15 = %arg2 to %arg0 step %arg3 {
          scf.for %arg16 = %arg2 to %arg6 step %arg3 {
            %5 = memref.load %reinterpret_cast[%arg14, %arg15, %arg16] : memref<8x128x4xf32, strided<[1572864, 1536, 1], offset: ?>, 1>
            %6 = memref.load %alloca[%arg14, %arg15] : memref<8x128xf32, #gpu.address_space<private>>
            %7 = arith.maxnumf %5, %6 : f32
            memref.store %7, %alloca[%arg14, %arg15] : memref<8x128xf32, #gpu.address_space<private>>
          }
        }
      }
    }
    %alloca_0 = memref.alloca() : memref<f32>
    %1 = memref.load %arg8[] : memref<f32>
    memref.store %1, %alloca_0[] : memref<f32>
    scf.for %arg13 = %arg2 to %arg4 step %arg6 {
      scf.for %arg14 = %arg2 to %arg0 step %arg6 {
        %4 = arith.addi %arg14, %0 : index
        %base_buffer, %offset, %sizes:2, %strides:2 = memref.extract_strided_metadata %arg9 : memref<8x1024xf32> -> memref<f32>, index, index, index, index, index
        %5 = affine.apply affine_map<()[s0, s1] -> (s0 * 1024 + s1)>()[%arg13, %4]
        %reinterpret_cast = memref.reinterpret_cast %base_buffer to offset: [%5], sizes: [4, 4], strides: [1024, 1] : memref<f32> to memref<4x4xf32, strided<[1024, 1], offset: ?>>
        %6 = affine.apply affine_map<()[s0, s1] -> (s0 * 128 + s1)>()[%arg13, %arg14]
        %reinterpret_cast_1 = memref.reinterpret_cast %alloca to offset: [%6], sizes: [4, 4], strides: [128, 1] : memref<8x128xf32, #gpu.address_space<private>> to memref<4x4xf32, strided<[128, 1], offset: ?>, #gpu.address_space<private>>
        %base_buffer_2, %offset_3, %sizes_4:2, %strides_5:2 = memref.extract_strided_metadata %arg10 : memref<8x1024xi32, 1> -> memref<i32, 1>, index, index, index, index, index
        %7 = affine.apply affine_map<()[s0, s1] -> (s0 * 1024 + s1)>()[%arg13, %4]
        %reinterpret_cast_6 = memref.reinterpret_cast %base_buffer_2 to offset: [%7], sizes: [4, 4], strides: [1024, 1] : memref<i32, 1> to memref<4x4xi32, strided<[1024, 1], offset: ?>, 1>
        scf.for %arg15 = %arg2 to %arg6 step %arg3 {
          scf.for %arg16 = %arg2 to %arg6 step %arg3 {
            %8 = memref.load %reinterpret_cast[%arg15, %arg16] : memref<4x4xf32, strided<[1024, 1], offset: ?>>
            %9 = memref.load %reinterpret_cast_1[%arg15, %arg16] : memref<4x4xf32, strided<[128, 1], offset: ?>, #gpu.address_space<private>>
            %10 = memref.load %reinterpret_cast_6[%arg15, %arg16] : memref<4x4xi32, strided<[1024, 1], offset: ?>, 1>
            %11 = memref.load %alloca_0[] : memref<f32>
            %12 = arith.addi %arg13, %arg15 : index
            %13 = arith.addi %arg14, %arg16 : index
            %14 = arith.addi %13, %0 : index
            %15 = arith.index_cast %10 : i32 to index
            %16 = memref.load %arg5[%12, %14, %15] : memref<8x1024x1536xf32, 1>
            %17 = math.log %8 : f32
            %18 = arith.addf %17, %9 : f32
            %19 = arith.subf %18, %16 : f32
            %20 = arith.addf %19, %11 : f32
            memref.store %20, %alloca_0[] : memref<f32>
          }
        }
      }
    }
    %2 = memref.load %alloca_0[] : memref<f32>
    %3 = arith.divf %2, %arg11 : f32
    memref.store %3, %arg12[] : memref<f32>
    gpu.return
  }
}

// -----// IR Dump After LowerAffinePass (lower-affine) //----- //
gpu.func @main_kernel(%arg0: index, %arg1: memref<8x1024xf32>, %arg2: f32, %arg3: index, %arg4: index, %arg5: index, %arg6: memref<8x1024x1536xf32, 1>, %arg7: index, %arg8: index, %arg9: f32) kernel attributes {known_block_size = array<i32: 1, 1, 1>, known_grid_size = array<i32: 8, 1, 1>} {
  %block_id_x = gpu.block_id  x
  %0 = arith.muli %block_id_x, %arg0 overflow<nsw> : index
  %base_buffer, %offset, %sizes:2, %strides:2 = memref.extract_strided_metadata %arg1 : memref<8x1024xf32> -> memref<f32>, index, index, index, index, index
  %reinterpret_cast = memref.reinterpret_cast %base_buffer to offset: [%0], sizes: [8, 128], strides: [1024, 1] : memref<f32> to memref<8x128xf32, strided<[1024, 1], offset: ?>>
  %alloca = memref.alloca() : memref<8x128xf32, #gpu.address_space<private>>
  scf.for %arg10 = %arg3 to %arg5 step %arg4 {
    scf.for %arg11 = %arg3 to %arg0 step %arg4 {
      memref.store %arg2, %alloca[%arg10, %arg11] : memref<8x128xf32, #gpu.address_space<private>>
    }
  }
  scf.for %arg10 = %arg3 to %arg8 step %arg7 {
    %base_buffer_0, %offset_1, %sizes_2:3, %strides_3:3 = memref.extract_strided_metadata %arg6 : memref<8x1024x1536xf32, 1> -> memref<f32, 1>, index, index, index, index, index, index, index
    %c1536 = arith.constant 1536 : index
    %1 = arith.muli %0, %c1536 overflow<nsw> : index
    %2 = arith.addi %1, %arg10 : index
    %reinterpret_cast_4 = memref.reinterpret_cast %base_buffer_0 to offset: [%2], sizes: [8, 128, 4], strides: [1572864, 1536, 1] : memref<f32, 1> to memref<8x128x4xf32, strided<[1572864, 1536, 1], offset: ?>, 1>
    scf.for %arg11 = %arg3 to %arg5 step %arg4 {
      scf.for %arg12 = %arg3 to %arg0 step %arg4 {
        scf.for %arg13 = %arg3 to %arg7 step %arg4 {
          %3 = memref.load %reinterpret_cast_4[%arg11, %arg12, %arg13] : memref<8x128x4xf32, strided<[1572864, 1536, 1], offset: ?>, 1>
          %4 = memref.load %alloca[%arg11, %arg12] : memref<8x128xf32, #gpu.address_space<private>>
          %5 = arith.maximumf %3, %4 : f32
          memref.store %5, %alloca[%arg11, %arg12] : memref<8x128xf32, #gpu.address_space<private>>
        }
      }
    }
  }
  scf.for %arg10 = %arg3 to %arg5 step %arg4 {
    scf.for %arg11 = %arg3 to %arg0 step %arg4 {
      memref.store %arg9, %reinterpret_cast[%arg10, %arg11] : memref<8x128xf32, strided<[1024, 1], offset: ?>>
    }
  }
  scf.for %arg10 = %arg3 to %arg8 step %arg7 {
    %base_buffer_0, %offset_1, %sizes_2:3, %strides_3:3 = memref.extract_strided_metadata %arg6 : memref<8x1024x1536xf32, 1> -> memref<f32, 1>, index, index, index, index, index, index, index
    %c1536 = arith.constant 1536 : index
    %1 = arith.muli %0, %c1536 overflow<nsw> : index
    %2 = arith.addi %1, %arg10 : index
    %reinterpret_cast_4 = memref.reinterpret_cast %base_buffer_0 to offset: [%2], sizes: [8, 128, 4], strides: [1572864, 1536, 1] : memref<f32, 1> to memref<8x128x4xf32, strided<[1572864, 1536, 1], offset: ?>, 1>
    scf.for %arg11 = %arg3 to %arg5 step %arg4 {
      scf.for %arg12 = %arg3 to %arg0 step %arg4 {
        scf.for %arg13 = %arg3 to %arg7 step %arg4 {
          %3 = memref.load %reinterpret_cast_4[%arg11, %arg12, %arg13] : memref<8x128x4xf32, strided<[1572864, 1536, 1], offset: ?>, 1>
          %4 = memref.load %alloca[%arg11, %arg12] : memref<8x128xf32, #gpu.address_space<private>>
          %5 = memref.load %reinterpret_cast[%arg11, %arg12] : memref<8x128xf32, strided<[1024, 1], offset: ?>>
          %6 = arith.subf %3, %4 : f32
          %7 = math.exp %6 : f32
          %8 = arith.addf %7, %5 : f32
          memref.store %8, %reinterpret_cast[%arg11, %arg12] : memref<8x128xf32, strided<[1024, 1], offset: ?>>
        }
      }
    }
  }
  gpu.return
}

// -----// IR Dump After LowerAffinePass (lower-affine) //----- //
gpu.func @main_kernel(%arg0: index, %arg1: f32, %arg2: index, %arg3: index, %arg4: index, %arg5: memref<8x1024x1536xf32, 1>, %arg6: index, %arg7: index, %arg8: memref<f32>, %arg9: memref<8x1024xf32>, %arg10: memref<8x1024xi32, 1>, %arg11: f32, %arg12: memref<f32>) kernel attributes {known_block_size = array<i32: 1, 1, 1>, known_grid_size = array<i32: 8, 1, 1>} {
  %block_id_x = gpu.block_id  x
  %0 = arith.muli %block_id_x, %arg0 overflow<nsw> : index
  %alloca = memref.alloca() : memref<8x128xf32, #gpu.address_space<private>>
  scf.for %arg13 = %arg2 to %arg4 step %arg3 {
    scf.for %arg14 = %arg2 to %arg0 step %arg3 {
      memref.store %arg1, %alloca[%arg13, %arg14] : memref<8x128xf32, #gpu.address_space<private>>
    }
  }
  scf.for %arg13 = %arg2 to %arg7 step %arg6 {
    %base_buffer, %offset, %sizes:3, %strides:3 = memref.extract_strided_metadata %arg5 : memref<8x1024x1536xf32, 1> -> memref<f32, 1>, index, index, index, index, index, index, index
    %c1536 = arith.constant 1536 : index
    %4 = arith.muli %0, %c1536 overflow<nsw> : index
    %5 = arith.addi %4, %arg13 : index
    %reinterpret_cast = memref.reinterpret_cast %base_buffer to offset: [%5], sizes: [8, 128, 4], strides: [1572864, 1536, 1] : memref<f32, 1> to memref<8x128x4xf32, strided<[1572864, 1536, 1], offset: ?>, 1>
    scf.for %arg14 = %arg2 to %arg4 step %arg3 {
      scf.for %arg15 = %arg2 to %arg0 step %arg3 {
        scf.for %arg16 = %arg2 to %arg6 step %arg3 {
          %6 = memref.load %reinterpret_cast[%arg14, %arg15, %arg16] : memref<8x128x4xf32, strided<[1572864, 1536, 1], offset: ?>, 1>
          %7 = memref.load %alloca[%arg14, %arg15] : memref<8x128xf32, #gpu.address_space<private>>
          %8 = arith.maxnumf %6, %7 : f32
          memref.store %8, %alloca[%arg14, %arg15] : memref<8x128xf32, #gpu.address_space<private>>
        }
      }
    }
  }
  %alloca_0 = memref.alloca() : memref<f32>
  %1 = memref.load %arg8[] : memref<f32>
  memref.store %1, %alloca_0[] : memref<f32>
  scf.for %arg13 = %arg2 to %arg4 step %arg6 {
    scf.for %arg14 = %arg2 to %arg0 step %arg6 {
      %4 = arith.addi %arg14, %0 : index
      %base_buffer, %offset, %sizes:2, %strides:2 = memref.extract_strided_metadata %arg9 : memref<8x1024xf32> -> memref<f32>, index, index, index, index, index
      %c1024 = arith.constant 1024 : index
      %5 = arith.muli %arg13, %c1024 overflow<nsw> : index
      %6 = arith.addi %5, %4 : index
      %reinterpret_cast = memref.reinterpret_cast %base_buffer to offset: [%6], sizes: [4, 4], strides: [1024, 1] : memref<f32> to memref<4x4xf32, strided<[1024, 1], offset: ?>>
      %c128 = arith.constant 128 : index
      %7 = arith.muli %arg13, %c128 overflow<nsw> : index
      %8 = arith.addi %7, %arg14 : index
      %reinterpret_cast_1 = memref.reinterpret_cast %alloca to offset: [%8], sizes: [4, 4], strides: [128, 1] : memref<8x128xf32, #gpu.address_space<private>> to memref<4x4xf32, strided<[128, 1], offset: ?>, #gpu.address_space<private>>
      %base_buffer_2, %offset_3, %sizes_4:2, %strides_5:2 = memref.extract_strided_metadata %arg10 : memref<8x1024xi32, 1> -> memref<i32, 1>, index, index, index, index, index
      %c1024_6 = arith.constant 1024 : index
      %9 = arith.muli %arg13, %c1024_6 overflow<nsw> : index
      %10 = arith.addi %9, %4 : index
      %reinterpret_cast_7 = memref.reinterpret_cast %base_buffer_2 to offset: [%10], sizes: [4, 4], strides: [1024, 1] : memref<i32, 1> to memref<4x4xi32, strided<[1024, 1], offset: ?>, 1>
      scf.for %arg15 = %arg2 to %arg6 step %arg3 {
        scf.for %arg16 = %arg2 to %arg6 step %arg3 {
          %11 = memref.load %reinterpret_cast[%arg15, %arg16] : memref<4x4xf32, strided<[1024, 1], offset: ?>>
          %12 = memref.load %reinterpret_cast_1[%arg15, %arg16] : memref<4x4xf32, strided<[128, 1], offset: ?>, #gpu.address_space<private>>
          %13 = memref.load %reinterpret_cast_7[%arg15, %arg16] : memref<4x4xi32, strided<[1024, 1], offset: ?>, 1>
          %14 = memref.load %alloca_0[] : memref<f32>
          %15 = arith.addi %arg13, %arg15 : index
          %16 = arith.addi %arg14, %arg16 : index
          %17 = arith.addi %16, %0 : index
          %18 = arith.index_cast %13 : i32 to index
          %19 = memref.load %arg5[%15, %17, %18] : memref<8x1024x1536xf32, 1>
          %20 = math.log %11 : f32
          %21 = arith.addf %20, %12 : f32
          %22 = arith.subf %21, %19 : f32
          %23 = arith.addf %22, %14 : f32
          memref.store %23, %alloca_0[] : memref<f32>
        }
      }
    }
  }
  %2 = memref.load %alloca_0[] : memref<f32>
  %3 = arith.divf %2, %arg11 : f32
  memref.store %3, %arg12[] : memref<f32>
  gpu.return
}

// -----// IR Dump After mlir::nova::{anonymous}::NovaGPULowerMemorySpacePass (nova-gpu-lower-memory-space) //----- //
gpu.module @main_kernel [#nvvm.target<O = 3, chip = "sm_86", features = "+ptx76", flags = {fast, ftz}>] {
  gpu.func @main_kernel(%arg0: index, %arg1: memref<8x1024xf32>, %arg2: f32, %arg3: index, %arg4: index, %arg5: index, %arg6: memref<8x1024x1536xf32, 1>, %arg7: index, %arg8: index, %arg9: f32) kernel attributes {known_block_size = array<i32: 1, 1, 1>, known_grid_size = array<i32: 8, 1, 1>} {
    %block_id_x = gpu.block_id  x
    %0 = arith.muli %block_id_x, %arg0 overflow<nsw> : index
    %base_buffer, %offset, %sizes:2, %strides:2 = memref.extract_strided_metadata %arg1 : memref<8x1024xf32> -> memref<f32>, index, index, index, index, index
    %reinterpret_cast = memref.reinterpret_cast %base_buffer to offset: [%0], sizes: [8, 128], strides: [1024, 1] : memref<f32> to memref<8x128xf32, strided<[1024, 1], offset: ?>>
    %alloca = memref.alloca() : memref<8x128xf32>
    scf.for %arg10 = %arg3 to %arg5 step %arg4 {
      scf.for %arg11 = %arg3 to %arg0 step %arg4 {
        memref.store %arg2, %alloca[%arg10, %arg11] : memref<8x128xf32>
      }
    }
    scf.for %arg10 = %arg3 to %arg8 step %arg7 {
      %base_buffer_0, %offset_1, %sizes_2:3, %strides_3:3 = memref.extract_strided_metadata %arg6 : memref<8x1024x1536xf32, 1> -> memref<f32, 1>, index, index, index, index, index, index, index
      %c1536 = arith.constant 1536 : index
      %1 = arith.muli %0, %c1536 overflow<nsw> : index
      %2 = arith.addi %1, %arg10 : index
      %reinterpret_cast_4 = memref.reinterpret_cast %base_buffer_0 to offset: [%2], sizes: [8, 128, 4], strides: [1572864, 1536, 1] : memref<f32, 1> to memref<8x128x4xf32, strided<[1572864, 1536, 1], offset: ?>, 1>
      scf.for %arg11 = %arg3 to %arg5 step %arg4 {
        scf.for %arg12 = %arg3 to %arg0 step %arg4 {
          scf.for %arg13 = %arg3 to %arg7 step %arg4 {
            %3 = memref.load %reinterpret_cast_4[%arg11, %arg12, %arg13] : memref<8x128x4xf32, strided<[1572864, 1536, 1], offset: ?>, 1>
            %4 = memref.load %alloca[%arg11, %arg12] : memref<8x128xf32>
            %5 = arith.maximumf %3, %4 : f32
            memref.store %5, %alloca[%arg11, %arg12] : memref<8x128xf32>
          }
        }
      }
    }
    scf.for %arg10 = %arg3 to %arg5 step %arg4 {
      scf.for %arg11 = %arg3 to %arg0 step %arg4 {
        memref.store %arg9, %reinterpret_cast[%arg10, %arg11] : memref<8x128xf32, strided<[1024, 1], offset: ?>>
      }
    }
    scf.for %arg10 = %arg3 to %arg8 step %arg7 {
      %base_buffer_0, %offset_1, %sizes_2:3, %strides_3:3 = memref.extract_strided_metadata %arg6 : memref<8x1024x1536xf32, 1> -> memref<f32, 1>, index, index, index, index, index, index, index
      %c1536 = arith.constant 1536 : index
      %1 = arith.muli %0, %c1536 overflow<nsw> : index
      %2 = arith.addi %1, %arg10 : index
      %reinterpret_cast_4 = memref.reinterpret_cast %base_buffer_0 to offset: [%2], sizes: [8, 128, 4], strides: [1572864, 1536, 1] : memref<f32, 1> to memref<8x128x4xf32, strided<[1572864, 1536, 1], offset: ?>, 1>
      scf.for %arg11 = %arg3 to %arg5 step %arg4 {
        scf.for %arg12 = %arg3 to %arg0 step %arg4 {
          scf.for %arg13 = %arg3 to %arg7 step %arg4 {
            %3 = memref.load %reinterpret_cast_4[%arg11, %arg12, %arg13] : memref<8x128x4xf32, strided<[1572864, 1536, 1], offset: ?>, 1>
            %4 = memref.load %alloca[%arg11, %arg12] : memref<8x128xf32>
            %5 = memref.load %reinterpret_cast[%arg11, %arg12] : memref<8x128xf32, strided<[1024, 1], offset: ?>>
            %6 = arith.subf %3, %4 : f32
            %7 = math.exp %6 : f32
            %8 = arith.addf %7, %5 : f32
            memref.store %8, %reinterpret_cast[%arg11, %arg12] : memref<8x128xf32, strided<[1024, 1], offset: ?>>
          }
        }
      }
    }
    gpu.return
  }
}

// -----// IR Dump After SCFToControlFlowPass (convert-scf-to-cf) //----- //
gpu.module @main_kernel [#nvvm.target<O = 3, chip = "sm_86", features = "+ptx76", flags = {fast, ftz}>] {
  gpu.func @main_kernel(%arg0: index, %arg1: memref<8x1024xf32>, %arg2: f32, %arg3: index, %arg4: index, %arg5: index, %arg6: memref<8x1024x1536xf32, 1>, %arg7: index, %arg8: index, %arg9: f32) kernel attributes {known_block_size = array<i32: 1, 1, 1>, known_grid_size = array<i32: 8, 1, 1>} {
    %block_id_x = gpu.block_id  x
    %0 = arith.muli %block_id_x, %arg0 overflow<nsw> : index
    %base_buffer, %offset, %sizes:2, %strides:2 = memref.extract_strided_metadata %arg1 : memref<8x1024xf32> -> memref<f32>, index, index, index, index, index
    %reinterpret_cast = memref.reinterpret_cast %base_buffer to offset: [%0], sizes: [8, 128], strides: [1024, 1] : memref<f32> to memref<8x128xf32, strided<[1024, 1], offset: ?>>
    %alloca = memref.alloca() : memref<8x128xf32>
    cf.br ^bb1(%arg3 : index)
  ^bb1(%1: index):  // 2 preds: ^bb0, ^bb5
    %2 = arith.cmpi slt, %1, %arg5 : index
    cf.cond_br %2, ^bb2, ^bb6
  ^bb2:  // pred: ^bb1
    cf.br ^bb3(%arg3 : index)
  ^bb3(%3: index):  // 2 preds: ^bb2, ^bb4
    %4 = arith.cmpi slt, %3, %arg0 : index
    cf.cond_br %4, ^bb4, ^bb5
  ^bb4:  // pred: ^bb3
    memref.store %arg2, %alloca[%1, %3] : memref<8x128xf32>
    %5 = arith.addi %3, %arg4 : index
    cf.br ^bb3(%5 : index)
  ^bb5:  // pred: ^bb3
    %6 = arith.addi %1, %arg4 : index
    cf.br ^bb1(%6 : index)
  ^bb6:  // pred: ^bb1
    cf.br ^bb7(%arg3 : index)
  ^bb7(%7: index):  // 2 preds: ^bb6, ^bb17
    %8 = arith.cmpi slt, %7, %arg8 : index
    cf.cond_br %8, ^bb8, ^bb18
  ^bb8:  // pred: ^bb7
    %base_buffer_0, %offset_1, %sizes_2:3, %strides_3:3 = memref.extract_strided_metadata %arg6 : memref<8x1024x1536xf32, 1> -> memref<f32, 1>, index, index, index, index, index, index, index
    %c1536 = arith.constant 1536 : index
    %9 = arith.muli %0, %c1536 overflow<nsw> : index
    %10 = arith.addi %9, %7 : index
    %reinterpret_cast_4 = memref.reinterpret_cast %base_buffer_0 to offset: [%10], sizes: [8, 128, 4], strides: [1572864, 1536, 1] : memref<f32, 1> to memref<8x128x4xf32, strided<[1572864, 1536, 1], offset: ?>, 1>
    cf.br ^bb9(%arg3 : index)
  ^bb9(%11: index):  // 2 preds: ^bb8, ^bb16
    %12 = arith.cmpi slt, %11, %arg5 : index
    cf.cond_br %12, ^bb10, ^bb17
  ^bb10:  // pred: ^bb9
    cf.br ^bb11(%arg3 : index)
  ^bb11(%13: index):  // 2 preds: ^bb10, ^bb15
    %14 = arith.cmpi slt, %13, %arg0 : index
    cf.cond_br %14, ^bb12, ^bb16
  ^bb12:  // pred: ^bb11
    cf.br ^bb13(%arg3 : index)
  ^bb13(%15: index):  // 2 preds: ^bb12, ^bb14
    %16 = arith.cmpi slt, %15, %arg7 : index
    cf.cond_br %16, ^bb14, ^bb15
  ^bb14:  // pred: ^bb13
    %17 = memref.load %reinterpret_cast_4[%11, %13, %15] : memref<8x128x4xf32, strided<[1572864, 1536, 1], offset: ?>, 1>
    %18 = memref.load %alloca[%11, %13] : memref<8x128xf32>
    %19 = arith.maximumf %17, %18 : f32
    memref.store %19, %alloca[%11, %13] : memref<8x128xf32>
    %20 = arith.addi %15, %arg4 : index
    cf.br ^bb13(%20 : index)
  ^bb15:  // pred: ^bb13
    %21 = arith.addi %13, %arg4 : index
    cf.br ^bb11(%21 : index)
  ^bb16:  // pred: ^bb11
    %22 = arith.addi %11, %arg4 : index
    cf.br ^bb9(%22 : index)
  ^bb17:  // pred: ^bb9
    %23 = arith.addi %7, %arg7 : index
    cf.br ^bb7(%23 : index)
  ^bb18:  // pred: ^bb7
    cf.br ^bb19(%arg3 : index)
  ^bb19(%24: index):  // 2 preds: ^bb18, ^bb23
    %25 = arith.cmpi slt, %24, %arg5 : index
    cf.cond_br %25, ^bb20, ^bb24
  ^bb20:  // pred: ^bb19
    cf.br ^bb21(%arg3 : index)
  ^bb21(%26: index):  // 2 preds: ^bb20, ^bb22
    %27 = arith.cmpi slt, %26, %arg0 : index
    cf.cond_br %27, ^bb22, ^bb23
  ^bb22:  // pred: ^bb21
    memref.store %arg9, %reinterpret_cast[%24, %26] : memref<8x128xf32, strided<[1024, 1], offset: ?>>
    %28 = arith.addi %26, %arg4 : index
    cf.br ^bb21(%28 : index)
  ^bb23:  // pred: ^bb21
    %29 = arith.addi %24, %arg4 : index
    cf.br ^bb19(%29 : index)
  ^bb24:  // pred: ^bb19
    cf.br ^bb25(%arg3 : index)
  ^bb25(%30: index):  // 2 preds: ^bb24, ^bb35
    %31 = arith.cmpi slt, %30, %arg8 : index
    cf.cond_br %31, ^bb26, ^bb36
  ^bb26:  // pred: ^bb25
    %base_buffer_5, %offset_6, %sizes_7:3, %strides_8:3 = memref.extract_strided_metadata %arg6 : memref<8x1024x1536xf32, 1> -> memref<f32, 1>, index, index, index, index, index, index, index
    %c1536_9 = arith.constant 1536 : index
    %32 = arith.muli %0, %c1536_9 overflow<nsw> : index
    %33 = arith.addi %32, %30 : index
    %reinterpret_cast_10 = memref.reinterpret_cast %base_buffer_5 to offset: [%33], sizes: [8, 128, 4], strides: [1572864, 1536, 1] : memref<f32, 1> to memref<8x128x4xf32, strided<[1572864, 1536, 1], offset: ?>, 1>
    cf.br ^bb27(%arg3 : index)
  ^bb27(%34: index):  // 2 preds: ^bb26, ^bb34
    %35 = arith.cmpi slt, %34, %arg5 : index
    cf.cond_br %35, ^bb28, ^bb35
  ^bb28:  // pred: ^bb27
    cf.br ^bb29(%arg3 : index)
  ^bb29(%36: index):  // 2 preds: ^bb28, ^bb33
    %37 = arith.cmpi slt, %36, %arg0 : index
    cf.cond_br %37, ^bb30, ^bb34
  ^bb30:  // pred: ^bb29
    cf.br ^bb31(%arg3 : index)
  ^bb31(%38: index):  // 2 preds: ^bb30, ^bb32
    %39 = arith.cmpi slt, %38, %arg7 : index
    cf.cond_br %39, ^bb32, ^bb33
  ^bb32:  // pred: ^bb31
    %40 = memref.load %reinterpret_cast_10[%34, %36, %38] : memref<8x128x4xf32, strided<[1572864, 1536, 1], offset: ?>, 1>
    %41 = memref.load %alloca[%34, %36] : memref<8x128xf32>
    %42 = memref.load %reinterpret_cast[%34, %36] : memref<8x128xf32, strided<[1024, 1], offset: ?>>
    %43 = arith.subf %40, %41 : f32
    %44 = math.exp %43 : f32
    %45 = arith.addf %44, %42 : f32
    memref.store %45, %reinterpret_cast[%34, %36] : memref<8x128xf32, strided<[1024, 1], offset: ?>>
    %46 = arith.addi %38, %arg4 : index
    cf.br ^bb31(%46 : index)
  ^bb33:  // pred: ^bb31
    %47 = arith.addi %36, %arg4 : index
    cf.br ^bb29(%47 : index)
  ^bb34:  // pred: ^bb29
    %48 = arith.addi %34, %arg4 : index
    cf.br ^bb27(%48 : index)
  ^bb35:  // pred: ^bb27
    %49 = arith.addi %30, %arg7 : index
    cf.br ^bb25(%49 : index)
  ^bb36:  // pred: ^bb25
    gpu.return
  }
}

// -----// IR Dump After mlir::nova::{anonymous}::NovaGPULowerMemorySpacePass (nova-gpu-lower-memory-space) //----- //
gpu.module @main_kernel_0 [#nvvm.target<O = 3, chip = "sm_86", features = "+ptx76", flags = {fast, ftz}>] {
  gpu.func @main_kernel(%arg0: index, %arg1: f32, %arg2: index, %arg3: index, %arg4: index, %arg5: memref<8x1024x1536xf32, 1>, %arg6: index, %arg7: index, %arg8: memref<f32>, %arg9: memref<8x1024xf32>, %arg10: memref<8x1024xi32, 1>, %arg11: f32, %arg12: memref<f32>) kernel attributes {known_block_size = array<i32: 1, 1, 1>, known_grid_size = array<i32: 8, 1, 1>} {
    %block_id_x = gpu.block_id  x
    %0 = arith.muli %block_id_x, %arg0 overflow<nsw> : index
    %alloca = memref.alloca() : memref<8x128xf32>
    scf.for %arg13 = %arg2 to %arg4 step %arg3 {
      scf.for %arg14 = %arg2 to %arg0 step %arg3 {
        memref.store %arg1, %alloca[%arg13, %arg14] : memref<8x128xf32>
      }
    }
    scf.for %arg13 = %arg2 to %arg7 step %arg6 {
      %base_buffer, %offset, %sizes:3, %strides:3 = memref.extract_strided_metadata %arg5 : memref<8x1024x1536xf32, 1> -> memref<f32, 1>, index, index, index, index, index, index, index
      %c1536 = arith.constant 1536 : index
      %4 = arith.muli %0, %c1536 overflow<nsw> : index
      %5 = arith.addi %4, %arg13 : index
      %reinterpret_cast = memref.reinterpret_cast %base_buffer to offset: [%5], sizes: [8, 128, 4], strides: [1572864, 1536, 1] : memref<f32, 1> to memref<8x128x4xf32, strided<[1572864, 1536, 1], offset: ?>, 1>
      scf.for %arg14 = %arg2 to %arg4 step %arg3 {
        scf.for %arg15 = %arg2 to %arg0 step %arg3 {
          scf.for %arg16 = %arg2 to %arg6 step %arg3 {
            %6 = memref.load %reinterpret_cast[%arg14, %arg15, %arg16] : memref<8x128x4xf32, strided<[1572864, 1536, 1], offset: ?>, 1>
            %7 = memref.load %alloca[%arg14, %arg15] : memref<8x128xf32>
            %8 = arith.maxnumf %6, %7 : f32
            memref.store %8, %alloca[%arg14, %arg15] : memref<8x128xf32>
          }
        }
      }
    }
    %alloca_0 = memref.alloca() : memref<f32>
    %1 = memref.load %arg8[] : memref<f32>
    memref.store %1, %alloca_0[] : memref<f32>
    scf.for %arg13 = %arg2 to %arg4 step %arg6 {
      scf.for %arg14 = %arg2 to %arg0 step %arg6 {
        %4 = arith.addi %arg14, %0 : index
        %base_buffer, %offset, %sizes:2, %strides:2 = memref.extract_strided_metadata %arg9 : memref<8x1024xf32> -> memref<f32>, index, index, index, index, index
        %c1024 = arith.constant 1024 : index
        %5 = arith.muli %arg13, %c1024 overflow<nsw> : index
        %6 = arith.addi %5, %4 : index
        %reinterpret_cast = memref.reinterpret_cast %base_buffer to offset: [%6], sizes: [4, 4], strides: [1024, 1] : memref<f32> to memref<4x4xf32, strided<[1024, 1], offset: ?>>
        %c128 = arith.constant 128 : index
        %7 = arith.muli %arg13, %c128 overflow<nsw> : index
        %8 = arith.addi %7, %arg14 : index
        %reinterpret_cast_1 = memref.reinterpret_cast %alloca to offset: [%8], sizes: [4, 4], strides: [128, 1] : memref<8x128xf32> to memref<4x4xf32, strided<[128, 1], offset: ?>>
        %base_buffer_2, %offset_3, %sizes_4:2, %strides_5:2 = memref.extract_strided_metadata %arg10 : memref<8x1024xi32, 1> -> memref<i32, 1>, index, index, index, index, index
        %c1024_6 = arith.constant 1024 : index
        %9 = arith.muli %arg13, %c1024_6 overflow<nsw> : index
        %10 = arith.addi %9, %4 : index
        %reinterpret_cast_7 = memref.reinterpret_cast %base_buffer_2 to offset: [%10], sizes: [4, 4], strides: [1024, 1] : memref<i32, 1> to memref<4x4xi32, strided<[1024, 1], offset: ?>, 1>
        scf.for %arg15 = %arg2 to %arg6 step %arg3 {
          scf.for %arg16 = %arg2 to %arg6 step %arg3 {
            %11 = memref.load %reinterpret_cast[%arg15, %arg16] : memref<4x4xf32, strided<[1024, 1], offset: ?>>
            %12 = memref.load %reinterpret_cast_1[%arg15, %arg16] : memref<4x4xf32, strided<[128, 1], offset: ?>>
            %13 = memref.load %reinterpret_cast_7[%arg15, %arg16] : memref<4x4xi32, strided<[1024, 1], offset: ?>, 1>
            %14 = memref.load %alloca_0[] : memref<f32>
            %15 = arith.addi %arg13, %arg15 : index
            %16 = arith.addi %arg14, %arg16 : index
            %17 = arith.addi %16, %0 : index
            %18 = arith.index_cast %13 : i32 to index
            %19 = memref.load %arg5[%15, %17, %18] : memref<8x1024x1536xf32, 1>
            %20 = math.log %11 : f32
            %21 = arith.addf %20, %12 : f32
            %22 = arith.subf %21, %19 : f32
            %23 = arith.addf %22, %14 : f32
            memref.store %23, %alloca_0[] : memref<f32>
          }
        }
      }
    }
    %2 = memref.load %alloca_0[] : memref<f32>
    %3 = arith.divf %2, %arg11 : f32
    memref.store %3, %arg12[] : memref<f32>
    gpu.return
  }
}

// -----// IR Dump After ConvertGpuOpsToNVVMOps (convert-gpu-to-nvvm) //----- //
gpu.module @main_kernel [#nvvm.target<O = 3, chip = "sm_86", features = "+ptx76", flags = {fast, ftz}>] {
  llvm.func @__nv_expf(f32) -> f32
  llvm.func @main_kernel(%arg0: i64, %arg1: !llvm.ptr, %arg2: !llvm.ptr, %arg3: i64, %arg4: i64, %arg5: i64, %arg6: i64, %arg7: i64, %arg8: f32, %arg9: i64, %arg10: i64, %arg11: i64, %arg12: !llvm.ptr<1>, %arg13: !llvm.ptr<1>, %arg14: i64, %arg15: i64, %arg16: i64, %arg17: i64, %arg18: i64, %arg19: i64, %arg20: i64, %arg21: i64, %arg22: i64, %arg23: f32) attributes {gpu.kernel, gpu.known_block_size = array<i32: 1, 1, 1>, gpu.known_grid_size = array<i32: 8, 1, 1>, nvvm.kernel, nvvm.maxntid = array<i32: 1, 1, 1>} {
    %0 = llvm.mlir.poison : !llvm.struct<(ptr<1>, ptr<1>, i64, array<3 x i64>, array<3 x i64>)>
    %1 = llvm.insertvalue %arg12, %0[0] : !llvm.struct<(ptr<1>, ptr<1>, i64, array<3 x i64>, array<3 x i64>)> 
    %2 = llvm.insertvalue %arg13, %1[1] : !llvm.struct<(ptr<1>, ptr<1>, i64, array<3 x i64>, array<3 x i64>)> 
    %3 = llvm.insertvalue %arg14, %2[2] : !llvm.struct<(ptr<1>, ptr<1>, i64, array<3 x i64>, array<3 x i64>)> 
    %4 = llvm.insertvalue %arg15, %3[3, 0] : !llvm.struct<(ptr<1>, ptr<1>, i64, array<3 x i64>, array<3 x i64>)> 
    %5 = llvm.insertvalue %arg18, %4[4, 0] : !llvm.struct<(ptr<1>, ptr<1>, i64, array<3 x i64>, array<3 x i64>)> 
    %6 = llvm.insertvalue %arg16, %5[3, 1] : !llvm.struct<(ptr<1>, ptr<1>, i64, array<3 x i64>, array<3 x i64>)> 
    %7 = llvm.insertvalue %arg19, %6[4, 1] : !llvm.struct<(ptr<1>, ptr<1>, i64, array<3 x i64>, array<3 x i64>)> 
    %8 = llvm.insertvalue %arg17, %7[3, 2] : !llvm.struct<(ptr<1>, ptr<1>, i64, array<3 x i64>, array<3 x i64>)> 
    %9 = llvm.insertvalue %arg20, %8[4, 2] : !llvm.struct<(ptr<1>, ptr<1>, i64, array<3 x i64>, array<3 x i64>)> 
    %10 = llvm.mlir.poison : !llvm.struct<(ptr, ptr, i64, array<2 x i64>, array<2 x i64>)>
    %11 = llvm.insertvalue %arg1, %10[0] : !llvm.struct<(ptr, ptr, i64, array<2 x i64>, array<2 x i64>)> 
    %12 = llvm.insertvalue %arg2, %11[1] : !llvm.struct<(ptr, ptr, i64, array<2 x i64>, array<2 x i64>)> 
    %13 = llvm.insertvalue %arg3, %12[2] : !llvm.struct<(ptr, ptr, i64, array<2 x i64>, array<2 x i64>)> 
    %14 = llvm.insertvalue %arg4, %13[3, 0] : !llvm.struct<(ptr, ptr, i64, array<2 x i64>, array<2 x i64>)> 
    %15 = llvm.insertvalue %arg6, %14[4, 0] : !llvm.struct<(ptr, ptr, i64, array<2 x i64>, array<2 x i64>)> 
    %16 = llvm.insertvalue %arg5, %15[3, 1] : !llvm.struct<(ptr, ptr, i64, array<2 x i64>, array<2 x i64>)> 
    %17 = llvm.insertvalue %arg7, %16[4, 1] : !llvm.struct<(ptr, ptr, i64, array<2 x i64>, array<2 x i64>)> 
    %18 = llvm.mlir.constant(1536 : index) : i64
    %19 = nvvm.read.ptx.sreg.ctaid.x range <i32, 0, 8> : i32
    %20 = llvm.sext %19 : i32 to i64
    %21 = llvm.mul %20, %arg0 overflow<nsw> : i64
    %22 = llvm.extractvalue %17[0] : !llvm.struct<(ptr, ptr, i64, array<2 x i64>, array<2 x i64>)> 
    %23 = llvm.extractvalue %17[1] : !llvm.struct<(ptr, ptr, i64, array<2 x i64>, array<2 x i64>)> 
    %24 = llvm.mlir.poison : !llvm.struct<(ptr, ptr, i64)>
    %25 = llvm.insertvalue %22, %24[0] : !llvm.struct<(ptr, ptr, i64)> 
    %26 = llvm.insertvalue %23, %25[1] : !llvm.struct<(ptr, ptr, i64)> 
    %27 = llvm.mlir.constant(0 : index) : i64
    %28 = llvm.insertvalue %27, %26[2] : !llvm.struct<(ptr, ptr, i64)> 
    %29 = llvm.extractvalue %17[2] : !llvm.struct<(ptr, ptr, i64, array<2 x i64>, array<2 x i64>)> 
    %30 = llvm.extractvalue %17[3, 0] : !llvm.struct<(ptr, ptr, i64, array<2 x i64>, array<2 x i64>)> 
    %31 = llvm.extractvalue %17[3, 1] : !llvm.struct<(ptr, ptr, i64, array<2 x i64>, array<2 x i64>)> 
    %32 = llvm.extractvalue %17[4, 0] : !llvm.struct<(ptr, ptr, i64, array<2 x i64>, array<2 x i64>)> 
    %33 = llvm.extractvalue %17[4, 1] : !llvm.struct<(ptr, ptr, i64, array<2 x i64>, array<2 x i64>)> 
    %34 = llvm.mlir.poison : !llvm.struct<(ptr, ptr, i64, array<2 x i64>, array<2 x i64>)>
    %35 = llvm.extractvalue %28[0] : !llvm.struct<(ptr, ptr, i64)> 
    %36 = llvm.extractvalue %28[1] : !llvm.struct<(ptr, ptr, i64)> 
    %37 = llvm.insertvalue %35, %34[0] : !llvm.struct<(ptr, ptr, i64, array<2 x i64>, array<2 x i64>)> 
    %38 = llvm.insertvalue %36, %37[1] : !llvm.struct<(ptr, ptr, i64, array<2 x i64>, array<2 x i64>)> 
    %39 = llvm.insertvalue %21, %38[2] : !llvm.struct<(ptr, ptr, i64, array<2 x i64>, array<2 x i64>)> 
    %40 = llvm.mlir.constant(8 : index) : i64
    %41 = llvm.insertvalue %40, %39[3, 0] : !llvm.struct<(ptr, ptr, i64, array<2 x i64>, array<2 x i64>)> 
    %42 = llvm.mlir.constant(1024 : index) : i64
    %43 = llvm.insertvalue %42, %41[4, 0] : !llvm.struct<(ptr, ptr, i64, array<2 x i64>, array<2 x i64>)> 
    %44 = llvm.mlir.constant(128 : index) : i64
    %45 = llvm.insertvalue %44, %43[3, 1] : !llvm.struct<(ptr, ptr, i64, array<2 x i64>, array<2 x i64>)> 
    %46 = llvm.mlir.constant(1 : index) : i64
    %47 = llvm.insertvalue %46, %45[4, 1] : !llvm.struct<(ptr, ptr, i64, array<2 x i64>, array<2 x i64>)> 
    %48 = llvm.mlir.constant(8 : index) : i64
    %49 = llvm.mlir.constant(128 : index) : i64
    %50 = llvm.mlir.constant(1 : index) : i64
    %51 = llvm.mlir.constant(1024 : index) : i64
    %52 = llvm.alloca %51 x f32 : (i64) -> !llvm.ptr
    %53 = llvm.mlir.poison : !llvm.struct<(ptr, ptr, i64, array<2 x i64>, array<2 x i64>)>
    %54 = llvm.insertvalue %52, %53[0] : !llvm.struct<(ptr, ptr, i64, array<2 x i64>, array<2 x i64>)> 
    %55 = llvm.insertvalue %52, %54[1] : !llvm.struct<(ptr, ptr, i64, array<2 x i64>, array<2 x i64>)> 
    %56 = llvm.mlir.constant(0 : index) : i64
    %57 = llvm.insertvalue %56, %55[2] : !llvm.struct<(ptr, ptr, i64, array<2 x i64>, array<2 x i64>)> 
    %58 = llvm.insertvalue %48, %57[3, 0] : !llvm.struct<(ptr, ptr, i64, array<2 x i64>, array<2 x i64>)> 
    %59 = llvm.insertvalue %49, %58[3, 1] : !llvm.struct<(ptr, ptr, i64, array<2 x i64>, array<2 x i64>)> 
    %60 = llvm.insertvalue %49, %59[4, 0] : !llvm.struct<(ptr, ptr, i64, array<2 x i64>, array<2 x i64>)> 
    %61 = llvm.insertvalue %50, %60[4, 1] : !llvm.struct<(ptr, ptr, i64, array<2 x i64>, array<2 x i64>)> 
    llvm.br ^bb1(%arg9 : i64)
  ^bb1(%62: i64):  // 2 preds: ^bb0, ^bb5
    %63 = llvm.icmp "slt" %62, %arg11 : i64
    llvm.cond_br %63, ^bb2, ^bb6
  ^bb2:  // pred: ^bb1
    llvm.br ^bb3(%arg9 : i64)
  ^bb3(%64: i64):  // 2 preds: ^bb2, ^bb4
    %65 = llvm.icmp "slt" %64, %arg0 : i64
    llvm.cond_br %65, ^bb4, ^bb5
  ^bb4:  // pred: ^bb3
    %66 = llvm.extractvalue %61[1] : !llvm.struct<(ptr, ptr, i64, array<2 x i64>, array<2 x i64>)> 
    %67 = llvm.mlir.constant(128 : index) : i64
    %68 = llvm.mul %62, %67 overflow<nsw, nuw> : i64
    %69 = llvm.add %68, %64 overflow<nsw, nuw> : i64
    %70 = llvm.getelementptr inbounds|nuw %66[%69] : (!llvm.ptr, i64) -> !llvm.ptr, f32
    llvm.store %arg8, %70 : f32, !llvm.ptr
    %71 = llvm.add %64, %arg10 : i64
    llvm.br ^bb3(%71 : i64)
  ^bb5:  // pred: ^bb3
    %72 = llvm.add %62, %arg10 : i64
    llvm.br ^bb1(%72 : i64)
  ^bb6:  // pred: ^bb1
    llvm.br ^bb7(%arg9 : i64)
  ^bb7(%73: i64):  // 2 preds: ^bb6, ^bb17
    %74 = llvm.icmp "slt" %73, %arg22 : i64
    llvm.cond_br %74, ^bb8, ^bb18
  ^bb8:  // pred: ^bb7
    %75 = llvm.extractvalue %9[0] : !llvm.struct<(ptr<1>, ptr<1>, i64, array<3 x i64>, array<3 x i64>)> 
    %76 = llvm.extractvalue %9[1] : !llvm.struct<(ptr<1>, ptr<1>, i64, array<3 x i64>, array<3 x i64>)> 
    %77 = llvm.mlir.poison : !llvm.struct<(ptr<1>, ptr<1>, i64)>
    %78 = llvm.insertvalue %75, %77[0] : !llvm.struct<(ptr<1>, ptr<1>, i64)> 
    %79 = llvm.insertvalue %76, %78[1] : !llvm.struct<(ptr<1>, ptr<1>, i64)> 
    %80 = llvm.mlir.constant(0 : index) : i64
    %81 = llvm.insertvalue %80, %79[2] : !llvm.struct<(ptr<1>, ptr<1>, i64)> 
    %82 = llvm.extractvalue %9[2] : !llvm.struct<(ptr<1>, ptr<1>, i64, array<3 x i64>, array<3 x i64>)> 
    %83 = llvm.extractvalue %9[3, 0] : !llvm.struct<(ptr<1>, ptr<1>, i64, array<3 x i64>, array<3 x i64>)> 
    %84 = llvm.extractvalue %9[3, 1] : !llvm.struct<(ptr<1>, ptr<1>, i64, array<3 x i64>, array<3 x i64>)> 
    %85 = llvm.extractvalue %9[3, 2] : !llvm.struct<(ptr<1>, ptr<1>, i64, array<3 x i64>, array<3 x i64>)> 
    %86 = llvm.extractvalue %9[4, 0] : !llvm.struct<(ptr<1>, ptr<1>, i64, array<3 x i64>, array<3 x i64>)> 
    %87 = llvm.extractvalue %9[4, 1] : !llvm.struct<(ptr<1>, ptr<1>, i64, array<3 x i64>, array<3 x i64>)> 
    %88 = llvm.extractvalue %9[4, 2] : !llvm.struct<(ptr<1>, ptr<1>, i64, array<3 x i64>, array<3 x i64>)> 
    %89 = llvm.mul %21, %18 overflow<nsw> : i64
    %90 = llvm.add %89, %73 : i64
    %91 = llvm.mlir.poison : !llvm.struct<(ptr<1>, ptr<1>, i64, array<3 x i64>, array<3 x i64>)>
    %92 = llvm.extractvalue %81[0] : !llvm.struct<(ptr<1>, ptr<1>, i64)> 
    %93 = llvm.extractvalue %81[1] : !llvm.struct<(ptr<1>, ptr<1>, i64)> 
    %94 = llvm.insertvalue %92, %91[0] : !llvm.struct<(ptr<1>, ptr<1>, i64, array<3 x i64>, array<3 x i64>)> 
    %95 = llvm.insertvalue %93, %94[1] : !llvm.struct<(ptr<1>, ptr<1>, i64, array<3 x i64>, array<3 x i64>)> 
    %96 = llvm.insertvalue %90, %95[2] : !llvm.struct<(ptr<1>, ptr<1>, i64, array<3 x i64>, array<3 x i64>)> 
    %97 = llvm.mlir.constant(8 : index) : i64
    %98 = llvm.insertvalue %97, %96[3, 0] : !llvm.struct<(ptr<1>, ptr<1>, i64, array<3 x i64>, array<3 x i64>)> 
    %99 = llvm.mlir.constant(1572864 : index) : i64
    %100 = llvm.insertvalue %99, %98[4, 0] : !llvm.struct<(ptr<1>, ptr<1>, i64, array<3 x i64>, array<3 x i64>)> 
    %101 = llvm.mlir.constant(128 : index) : i64
    %102 = llvm.insertvalue %101, %100[3, 1] : !llvm.struct<(ptr<1>, ptr<1>, i64, array<3 x i64>, array<3 x i64>)> 
    %103 = llvm.mlir.constant(1536 : index) : i64
    %104 = llvm.insertvalue %103, %102[4, 1] : !llvm.struct<(ptr<1>, ptr<1>, i64, array<3 x i64>, array<3 x i64>)> 
    %105 = llvm.mlir.constant(4 : index) : i64
    %106 = llvm.insertvalue %105, %104[3, 2] : !llvm.struct<(ptr<1>, ptr<1>, i64, array<3 x i64>, array<3 x i64>)> 
    %107 = llvm.mlir.constant(1 : index) : i64
    %108 = llvm.insertvalue %107, %106[4, 2] : !llvm.struct<(ptr<1>, ptr<1>, i64, array<3 x i64>, array<3 x i64>)> 
    llvm.br ^bb9(%arg9 : i64)
  ^bb9(%109: i64):  // 2 preds: ^bb8, ^bb16
    %110 = llvm.icmp "slt" %109, %arg11 : i64
    llvm.cond_br %110, ^bb10, ^bb17
  ^bb10:  // pred: ^bb9
    llvm.br ^bb11(%arg9 : i64)
  ^bb11(%111: i64):  // 2 preds: ^bb10, ^bb15
    %112 = llvm.icmp "slt" %111, %arg0 : i64
    llvm.cond_br %112, ^bb12, ^bb16
  ^bb12:  // pred: ^bb11
    llvm.br ^bb13(%arg9 : i64)
  ^bb13(%113: i64):  // 2 preds: ^bb12, ^bb14
    %114 = llvm.icmp "slt" %113, %arg21 : i64
    llvm.cond_br %114, ^bb14, ^bb15
  ^bb14:  // pred: ^bb13
    %115 = llvm.extractvalue %108[1] : !llvm.struct<(ptr<1>, ptr<1>, i64, array<3 x i64>, array<3 x i64>)> 
    %116 = llvm.extractvalue %108[2] : !llvm.struct<(ptr<1>, ptr<1>, i64, array<3 x i64>, array<3 x i64>)> 
    %117 = llvm.getelementptr %115[%116] : (!llvm.ptr<1>, i64) -> !llvm.ptr<1>, f32
    %118 = llvm.mlir.constant(1572864 : index) : i64
    %119 = llvm.mul %109, %118 overflow<nsw, nuw> : i64
    %120 = llvm.mlir.constant(1536 : index) : i64
    %121 = llvm.mul %111, %120 overflow<nsw, nuw> : i64
    %122 = llvm.add %119, %121 overflow<nsw, nuw> : i64
    %123 = llvm.add %122, %113 overflow<nsw, nuw> : i64
    %124 = llvm.getelementptr inbounds|nuw %117[%123] : (!llvm.ptr<1>, i64) -> !llvm.ptr<1>, f32
    %125 = llvm.load %124 : !llvm.ptr<1> -> f32
    %126 = llvm.extractvalue %61[1] : !llvm.struct<(ptr, ptr, i64, array<2 x i64>, array<2 x i64>)> 
    %127 = llvm.mlir.constant(128 : index) : i64
    %128 = llvm.mul %109, %127 overflow<nsw, nuw> : i64
    %129 = llvm.add %128, %111 overflow<nsw, nuw> : i64
    %130 = llvm.getelementptr inbounds|nuw %126[%129] : (!llvm.ptr, i64) -> !llvm.ptr, f32
    %131 = llvm.load %130 : !llvm.ptr -> f32
    %132 = llvm.intr.maximum(%125, %131) : (f32, f32) -> f32
    %133 = llvm.extractvalue %61[1] : !llvm.struct<(ptr, ptr, i64, array<2 x i64>, array<2 x i64>)> 
    %134 = llvm.mlir.constant(128 : index) : i64
    %135 = llvm.mul %109, %134 overflow<nsw, nuw> : i64
    %136 = llvm.add %135, %111 overflow<nsw, nuw> : i64
    %137 = llvm.getelementptr inbounds|nuw %133[%136] : (!llvm.ptr, i64) -> !llvm.ptr, f32
    llvm.store %132, %137 : f32, !llvm.ptr
    %138 = llvm.add %113, %arg10 : i64
    llvm.br ^bb13(%138 : i64)
  ^bb15:  // pred: ^bb13
    %139 = llvm.add %111, %arg10 : i64
    llvm.br ^bb11(%139 : i64)
  ^bb16:  // pred: ^bb11
    %140 = llvm.add %109, %arg10 : i64
    llvm.br ^bb9(%140 : i64)
  ^bb17:  // pred: ^bb9
    %141 = llvm.add %73, %arg21 : i64
    llvm.br ^bb7(%141 : i64)
  ^bb18:  // pred: ^bb7
    llvm.br ^bb19(%arg9 : i64)
  ^bb19(%142: i64):  // 2 preds: ^bb18, ^bb23
    %143 = llvm.icmp "slt" %142, %arg11 : i64
    llvm.cond_br %143, ^bb20, ^bb24
  ^bb20:  // pred: ^bb19
    llvm.br ^bb21(%arg9 : i64)
  ^bb21(%144: i64):  // 2 preds: ^bb20, ^bb22
    %145 = llvm.icmp "slt" %144, %arg0 : i64
    llvm.cond_br %145, ^bb22, ^bb23
  ^bb22:  // pred: ^bb21
    %146 = llvm.extractvalue %47[1] : !llvm.struct<(ptr, ptr, i64, array<2 x i64>, array<2 x i64>)> 
    %147 = llvm.extractvalue %47[2] : !llvm.struct<(ptr, ptr, i64, array<2 x i64>, array<2 x i64>)> 
    %148 = llvm.getelementptr %146[%147] : (!llvm.ptr, i64) -> !llvm.ptr, f32
    %149 = llvm.mlir.constant(1024 : index) : i64
    %150 = llvm.mul %142, %149 overflow<nsw, nuw> : i64
    %151 = llvm.add %150, %144 overflow<nsw, nuw> : i64
    %152 = llvm.getelementptr inbounds|nuw %148[%151] : (!llvm.ptr, i64) -> !llvm.ptr, f32
    llvm.store %arg23, %152 : f32, !llvm.ptr
    %153 = llvm.add %144, %arg10 : i64
    llvm.br ^bb21(%153 : i64)
  ^bb23:  // pred: ^bb21
    %154 = llvm.add %142, %arg10 : i64
    llvm.br ^bb19(%154 : i64)
  ^bb24:  // pred: ^bb19
    llvm.br ^bb25(%arg9 : i64)
  ^bb25(%155: i64):  // 2 preds: ^bb24, ^bb35
    %156 = llvm.icmp "slt" %155, %arg22 : i64
    llvm.cond_br %156, ^bb26, ^bb36
  ^bb26:  // pred: ^bb25
    %157 = llvm.extractvalue %9[0] : !llvm.struct<(ptr<1>, ptr<1>, i64, array<3 x i64>, array<3 x i64>)> 
    %158 = llvm.extractvalue %9[1] : !llvm.struct<(ptr<1>, ptr<1>, i64, array<3 x i64>, array<3 x i64>)> 
    %159 = llvm.mlir.poison : !llvm.struct<(ptr<1>, ptr<1>, i64)>
    %160 = llvm.insertvalue %157, %159[0] : !llvm.struct<(ptr<1>, ptr<1>, i64)> 
    %161 = llvm.insertvalue %158, %160[1] : !llvm.struct<(ptr<1>, ptr<1>, i64)> 
    %162 = llvm.mlir.constant(0 : index) : i64
    %163 = llvm.insertvalue %162, %161[2] : !llvm.struct<(ptr<1>, ptr<1>, i64)> 
    %164 = llvm.extractvalue %9[2] : !llvm.struct<(ptr<1>, ptr<1>, i64, array<3 x i64>, array<3 x i64>)> 
    %165 = llvm.extractvalue %9[3, 0] : !llvm.struct<(ptr<1>, ptr<1>, i64, array<3 x i64>, array<3 x i64>)> 
    %166 = llvm.extractvalue %9[3, 1] : !llvm.struct<(ptr<1>, ptr<1>, i64, array<3 x i64>, array<3 x i64>)> 
    %167 = llvm.extractvalue %9[3, 2] : !llvm.struct<(ptr<1>, ptr<1>, i64, array<3 x i64>, array<3 x i64>)> 
    %168 = llvm.extractvalue %9[4, 0] : !llvm.struct<(ptr<1>, ptr<1>, i64, array<3 x i64>, array<3 x i64>)> 
    %169 = llvm.extractvalue %9[4, 1] : !llvm.struct<(ptr<1>, ptr<1>, i64, array<3 x i64>, array<3 x i64>)> 
    %170 = llvm.extractvalue %9[4, 2] : !llvm.struct<(ptr<1>, ptr<1>, i64, array<3 x i64>, array<3 x i64>)> 
    %171 = llvm.mul %21, %18 overflow<nsw> : i64
    %172 = llvm.add %171, %155 : i64
    %173 = llvm.mlir.poison : !llvm.struct<(ptr<1>, ptr<1>, i64, array<3 x i64>, array<3 x i64>)>
    %174 = llvm.extractvalue %163[0] : !llvm.struct<(ptr<1>, ptr<1>, i64)> 
    %175 = llvm.extractvalue %163[1] : !llvm.struct<(ptr<1>, ptr<1>, i64)> 
    %176 = llvm.insertvalue %174, %173[0] : !llvm.struct<(ptr<1>, ptr<1>, i64, array<3 x i64>, array<3 x i64>)> 
    %177 = llvm.insertvalue %175, %176[1] : !llvm.struct<(ptr<1>, ptr<1>, i64, array<3 x i64>, array<3 x i64>)> 
    %178 = llvm.insertvalue %172, %177[2] : !llvm.struct<(ptr<1>, ptr<1>, i64, array<3 x i64>, array<3 x i64>)> 
    %179 = llvm.mlir.constant(8 : index) : i64
    %180 = llvm.insertvalue %179, %178[3, 0] : !llvm.struct<(ptr<1>, ptr<1>, i64, array<3 x i64>, array<3 x i64>)> 
    %181 = llvm.mlir.constant(1572864 : index) : i64
    %182 = llvm.insertvalue %181, %180[4, 0] : !llvm.struct<(ptr<1>, ptr<1>, i64, array<3 x i64>, array<3 x i64>)> 
    %183 = llvm.mlir.constant(128 : index) : i64
    %184 = llvm.insertvalue %183, %182[3, 1] : !llvm.struct<(ptr<1>, ptr<1>, i64, array<3 x i64>, array<3 x i64>)> 
    %185 = llvm.mlir.constant(1536 : index) : i64
    %186 = llvm.insertvalue %185, %184[4, 1] : !llvm.struct<(ptr<1>, ptr<1>, i64, array<3 x i64>, array<3 x i64>)> 
    %187 = llvm.mlir.constant(4 : index) : i64
    %188 = llvm.insertvalue %187, %186[3, 2] : !llvm.struct<(ptr<1>, ptr<1>, i64, array<3 x i64>, array<3 x i64>)> 
    %189 = llvm.mlir.constant(1 : index) : i64
    %190 = llvm.insertvalue %189, %188[4, 2] : !llvm.struct<(ptr<1>, ptr<1>, i64, array<3 x i64>, array<3 x i64>)> 
    llvm.br ^bb27(%arg9 : i64)
  ^bb27(%191: i64):  // 2 preds: ^bb26, ^bb34
    %192 = llvm.icmp "slt" %191, %arg11 : i64
    llvm.cond_br %192, ^bb28, ^bb35
  ^bb28:  // pred: ^bb27
    llvm.br ^bb29(%arg9 : i64)
  ^bb29(%193: i64):  // 2 preds: ^bb28, ^bb33
    %194 = llvm.icmp "slt" %193, %arg0 : i64
    llvm.cond_br %194, ^bb30, ^bb34
  ^bb30:  // pred: ^bb29
    llvm.br ^bb31(%arg9 : i64)
  ^bb31(%195: i64):  // 2 preds: ^bb30, ^bb32
    %196 = llvm.icmp "slt" %195, %arg21 : i64
    llvm.cond_br %196, ^bb32, ^bb33
  ^bb32:  // pred: ^bb31
    %197 = llvm.extractvalue %190[1] : !llvm.struct<(ptr<1>, ptr<1>, i64, array<3 x i64>, array<3 x i64>)> 
    %198 = llvm.extractvalue %190[2] : !llvm.struct<(ptr<1>, ptr<1>, i64, array<3 x i64>, array<3 x i64>)> 
    %199 = llvm.getelementptr %197[%198] : (!llvm.ptr<1>, i64) -> !llvm.ptr<1>, f32
    %200 = llvm.mlir.constant(1572864 : index) : i64
    %201 = llvm.mul %191, %200 overflow<nsw, nuw> : i64
    %202 = llvm.mlir.constant(1536 : index) : i64
    %203 = llvm.mul %193, %202 overflow<nsw, nuw> : i64
    %204 = llvm.add %201, %203 overflow<nsw, nuw> : i64
    %205 = llvm.add %204, %195 overflow<nsw, nuw> : i64
    %206 = llvm.getelementptr inbounds|nuw %199[%205] : (!llvm.ptr<1>, i64) -> !llvm.ptr<1>, f32
    %207 = llvm.load %206 : !llvm.ptr<1> -> f32
    %208 = llvm.extractvalue %61[1] : !llvm.struct<(ptr, ptr, i64, array<2 x i64>, array<2 x i64>)> 
    %209 = llvm.mlir.constant(128 : index) : i64
    %210 = llvm.mul %191, %209 overflow<nsw, nuw> : i64
    %211 = llvm.add %210, %193 overflow<nsw, nuw> : i64
    %212 = llvm.getelementptr inbounds|nuw %208[%211] : (!llvm.ptr, i64) -> !llvm.ptr, f32
    %213 = llvm.load %212 : !llvm.ptr -> f32
    %214 = llvm.extractvalue %47[1] : !llvm.struct<(ptr, ptr, i64, array<2 x i64>, array<2 x i64>)> 
    %215 = llvm.extractvalue %47[2] : !llvm.struct<(ptr, ptr, i64, array<2 x i64>, array<2 x i64>)> 
    %216 = llvm.getelementptr %214[%215] : (!llvm.ptr, i64) -> !llvm.ptr, f32
    %217 = llvm.mlir.constant(1024 : index) : i64
    %218 = llvm.mul %191, %217 overflow<nsw, nuw> : i64
    %219 = llvm.add %218, %193 overflow<nsw, nuw> : i64
    %220 = llvm.getelementptr inbounds|nuw %216[%219] : (!llvm.ptr, i64) -> !llvm.ptr, f32
    %221 = llvm.load %220 : !llvm.ptr -> f32
    %222 = llvm.fsub %207, %213 : f32
    %223 = llvm.call @__nv_expf(%222) : (f32) -> f32
    %224 = llvm.fadd %223, %221 : f32
    %225 = llvm.extractvalue %47[1] : !llvm.struct<(ptr, ptr, i64, array<2 x i64>, array<2 x i64>)> 
    %226 = llvm.extractvalue %47[2] : !llvm.struct<(ptr, ptr, i64, array<2 x i64>, array<2 x i64>)> 
    %227 = llvm.getelementptr %225[%226] : (!llvm.ptr, i64) -> !llvm.ptr, f32
    %228 = llvm.mlir.constant(1024 : index) : i64
    %229 = llvm.mul %191, %228 overflow<nsw, nuw> : i64
    %230 = llvm.add %229, %193 overflow<nsw, nuw> : i64
    %231 = llvm.getelementptr inbounds|nuw %227[%230] : (!llvm.ptr, i64) -> !llvm.ptr, f32
    llvm.store %224, %231 : f32, !llvm.ptr
    %232 = llvm.add %195, %arg10 : i64
    llvm.br ^bb31(%232 : i64)
  ^bb33:  // pred: ^bb31
    %233 = llvm.add %193, %arg10 : i64
    llvm.br ^bb29(%233 : i64)
  ^bb34:  // pred: ^bb29
    %234 = llvm.add %191, %arg10 : i64
    llvm.br ^bb27(%234 : i64)
  ^bb35:  // pred: ^bb27
    %235 = llvm.add %155, %arg21 : i64
    llvm.br ^bb25(%235 : i64)
  ^bb36:  // pred: ^bb25
    llvm.return
  }
}

// -----// IR Dump After SCFToControlFlowPass (convert-scf-to-cf) //----- //
gpu.module @main_kernel_0 [#nvvm.target<O = 3, chip = "sm_86", features = "+ptx76", flags = {fast, ftz}>] {
  gpu.func @main_kernel(%arg0: index, %arg1: f32, %arg2: index, %arg3: index, %arg4: index, %arg5: memref<8x1024x1536xf32, 1>, %arg6: index, %arg7: index, %arg8: memref<f32>, %arg9: memref<8x1024xf32>, %arg10: memref<8x1024xi32, 1>, %arg11: f32, %arg12: memref<f32>) kernel attributes {known_block_size = array<i32: 1, 1, 1>, known_grid_size = array<i32: 8, 1, 1>} {
    %block_id_x = gpu.block_id  x
    %0 = arith.muli %block_id_x, %arg0 overflow<nsw> : index
    %alloca = memref.alloca() : memref<8x128xf32>
    cf.br ^bb1(%arg2 : index)
  ^bb1(%1: index):  // 2 preds: ^bb0, ^bb5
    %2 = arith.cmpi slt, %1, %arg4 : index
    cf.cond_br %2, ^bb2, ^bb6
  ^bb2:  // pred: ^bb1
    cf.br ^bb3(%arg2 : index)
  ^bb3(%3: index):  // 2 preds: ^bb2, ^bb4
    %4 = arith.cmpi slt, %3, %arg0 : index
    cf.cond_br %4, ^bb4, ^bb5
  ^bb4:  // pred: ^bb3
    memref.store %arg1, %alloca[%1, %3] : memref<8x128xf32>
    %5 = arith.addi %3, %arg3 : index
    cf.br ^bb3(%5 : index)
  ^bb5:  // pred: ^bb3
    %6 = arith.addi %1, %arg3 : index
    cf.br ^bb1(%6 : index)
  ^bb6:  // pred: ^bb1
    cf.br ^bb7(%arg2 : index)
  ^bb7(%7: index):  // 2 preds: ^bb6, ^bb17
    %8 = arith.cmpi slt, %7, %arg7 : index
    cf.cond_br %8, ^bb8, ^bb18
  ^bb8:  // pred: ^bb7
    %base_buffer, %offset, %sizes:3, %strides:3 = memref.extract_strided_metadata %arg5 : memref<8x1024x1536xf32, 1> -> memref<f32, 1>, index, index, index, index, index, index, index
    %c1536 = arith.constant 1536 : index
    %9 = arith.muli %0, %c1536 overflow<nsw> : index
    %10 = arith.addi %9, %7 : index
    %reinterpret_cast = memref.reinterpret_cast %base_buffer to offset: [%10], sizes: [8, 128, 4], strides: [1572864, 1536, 1] : memref<f32, 1> to memref<8x128x4xf32, strided<[1572864, 1536, 1], offset: ?>, 1>
    cf.br ^bb9(%arg2 : index)
  ^bb9(%11: index):  // 2 preds: ^bb8, ^bb16
    %12 = arith.cmpi slt, %11, %arg4 : index
    cf.cond_br %12, ^bb10, ^bb17
  ^bb10:  // pred: ^bb9
    cf.br ^bb11(%arg2 : index)
  ^bb11(%13: index):  // 2 preds: ^bb10, ^bb15
    %14 = arith.cmpi slt, %13, %arg0 : index
    cf.cond_br %14, ^bb12, ^bb16
  ^bb12:  // pred: ^bb11
    cf.br ^bb13(%arg2 : index)
  ^bb13(%15: index):  // 2 preds: ^bb12, ^bb14
    %16 = arith.cmpi slt, %15, %arg6 : index
    cf.cond_br %16, ^bb14, ^bb15
  ^bb14:  // pred: ^bb13
    %17 = memref.load %reinterpret_cast[%11, %13, %15] : memref<8x128x4xf32, strided<[1572864, 1536, 1], offset: ?>, 1>
    %18 = memref.load %alloca[%11, %13] : memref<8x128xf32>
    %19 = arith.maxnumf %17, %18 : f32
    memref.store %19, %alloca[%11, %13] : memref<8x128xf32>
    %20 = arith.addi %15, %arg3 : index
    cf.br ^bb13(%20 : index)
  ^bb15:  // pred: ^bb13
    %21 = arith.addi %13, %arg3 : index
    cf.br ^bb11(%21 : index)
  ^bb16:  // pred: ^bb11
    %22 = arith.addi %11, %arg3 : index
    cf.br ^bb9(%22 : index)
  ^bb17:  // pred: ^bb9
    %23 = arith.addi %7, %arg6 : index
    cf.br ^bb7(%23 : index)
  ^bb18:  // pred: ^bb7
    %alloca_0 = memref.alloca() : memref<f32>
    %24 = memref.load %arg8[] : memref<f32>
    memref.store %24, %alloca_0[] : memref<f32>
    cf.br ^bb19(%arg2 : index)
  ^bb19(%25: index):  // 2 preds: ^bb18, ^bb29
    %26 = arith.cmpi slt, %25, %arg4 : index
    cf.cond_br %26, ^bb20, ^bb30
  ^bb20:  // pred: ^bb19
    cf.br ^bb21(%arg2 : index)
  ^bb21(%27: index):  // 2 preds: ^bb20, ^bb28
    %28 = arith.cmpi slt, %27, %arg0 : index
    cf.cond_br %28, ^bb22, ^bb29
  ^bb22:  // pred: ^bb21
    %29 = arith.addi %27, %0 : index
    %base_buffer_1, %offset_2, %sizes_3:2, %strides_4:2 = memref.extract_strided_metadata %arg9 : memref<8x1024xf32> -> memref<f32>, index, index, index, index, index
    %c1024 = arith.constant 1024 : index
    %30 = arith.muli %25, %c1024 overflow<nsw> : index
    %31 = arith.addi %30, %29 : index
    %reinterpret_cast_5 = memref.reinterpret_cast %base_buffer_1 to offset: [%31], sizes: [4, 4], strides: [1024, 1] : memref<f32> to memref<4x4xf32, strided<[1024, 1], offset: ?>>
    %c128 = arith.constant 128 : index
    %32 = arith.muli %25, %c128 overflow<nsw> : index
    %33 = arith.addi %32, %27 : index
    %reinterpret_cast_6 = memref.reinterpret_cast %alloca to offset: [%33], sizes: [4, 4], strides: [128, 1] : memref<8x128xf32> to memref<4x4xf32, strided<[128, 1], offset: ?>>
    %base_buffer_7, %offset_8, %sizes_9:2, %strides_10:2 = memref.extract_strided_metadata %arg10 : memref<8x1024xi32, 1> -> memref<i32, 1>, index, index, index, index, index
    %c1024_11 = arith.constant 1024 : index
    %34 = arith.muli %25, %c1024_11 overflow<nsw> : index
    %35 = arith.addi %34, %29 : index
    %reinterpret_cast_12 = memref.reinterpret_cast %base_buffer_7 to offset: [%35], sizes: [4, 4], strides: [1024, 1] : memref<i32, 1> to memref<4x4xi32, strided<[1024, 1], offset: ?>, 1>
    cf.br ^bb23(%arg2 : index)
  ^bb23(%36: index):  // 2 preds: ^bb22, ^bb27
    %37 = arith.cmpi slt, %36, %arg6 : index
    cf.cond_br %37, ^bb24, ^bb28
  ^bb24:  // pred: ^bb23
    cf.br ^bb25(%arg2 : index)
  ^bb25(%38: index):  // 2 preds: ^bb24, ^bb26
    %39 = arith.cmpi slt, %38, %arg6 : index
    cf.cond_br %39, ^bb26, ^bb27
  ^bb26:  // pred: ^bb25
    %40 = memref.load %reinterpret_cast_5[%36, %38] : memref<4x4xf32, strided<[1024, 1], offset: ?>>
    %41 = memref.load %reinterpret_cast_6[%36, %38] : memref<4x4xf32, strided<[128, 1], offset: ?>>
    %42 = memref.load %reinterpret_cast_12[%36, %38] : memref<4x4xi32, strided<[1024, 1], offset: ?>, 1>
    %43 = memref.load %alloca_0[] : memref<f32>
    %44 = arith.addi %25, %36 : index
    %45 = arith.addi %27, %38 : index
    %46 = arith.addi %45, %0 : index
    %47 = arith.index_cast %42 : i32 to index
    %48 = memref.load %arg5[%44, %46, %47] : memref<8x1024x1536xf32, 1>
    %49 = math.log %40 : f32
    %50 = arith.addf %49, %41 : f32
    %51 = arith.subf %50, %48 : f32
    %52 = arith.addf %51, %43 : f32
    memref.store %52, %alloca_0[] : memref<f32>
    %53 = arith.addi %38, %arg3 : index
    cf.br ^bb25(%53 : index)
  ^bb27:  // pred: ^bb25
    %54 = arith.addi %36, %arg3 : index
    cf.br ^bb23(%54 : index)
  ^bb28:  // pred: ^bb23
    %55 = arith.addi %27, %arg6 : index
    cf.br ^bb21(%55 : index)
  ^bb29:  // pred: ^bb21
    %56 = arith.addi %25, %arg6 : index
    cf.br ^bb19(%56 : index)
  ^bb30:  // pred: ^bb19
    %57 = memref.load %alloca_0[] : memref<f32>
    %58 = arith.divf %57, %arg11 : f32
    memref.store %58, %arg12[] : memref<f32>
    gpu.return
  }
}

// -----// IR Dump After ConvertIndexToLLVMPass (convert-index-to-llvm) //----- //
gpu.module @main_kernel [#nvvm.target<O = 3, chip = "sm_86", features = "+ptx76", flags = {fast, ftz}>] {
  llvm.func @__nv_expf(f32) -> f32
  llvm.func @main_kernel(%arg0: i64, %arg1: !llvm.ptr, %arg2: !llvm.ptr, %arg3: i64, %arg4: i64, %arg5: i64, %arg6: i64, %arg7: i64, %arg8: f32, %arg9: i64, %arg10: i64, %arg11: i64, %arg12: !llvm.ptr<1>, %arg13: !llvm.ptr<1>, %arg14: i64, %arg15: i64, %arg16: i64, %arg17: i64, %arg18: i64, %arg19: i64, %arg20: i64, %arg21: i64, %arg22: i64, %arg23: f32) attributes {gpu.kernel, gpu.known_block_size = array<i32: 1, 1, 1>, gpu.known_grid_size = array<i32: 8, 1, 1>, nvvm.kernel, nvvm.maxntid = array<i32: 1, 1, 1>} {
    %0 = llvm.mlir.poison : !llvm.struct<(ptr<1>, ptr<1>, i64, array<3 x i64>, array<3 x i64>)>
    %1 = llvm.insertvalue %arg12, %0[0] : !llvm.struct<(ptr<1>, ptr<1>, i64, array<3 x i64>, array<3 x i64>)> 
    %2 = llvm.insertvalue %arg13, %1[1] : !llvm.struct<(ptr<1>, ptr<1>, i64, array<3 x i64>, array<3 x i64>)> 
    %3 = llvm.insertvalue %arg14, %2[2] : !llvm.struct<(ptr<1>, ptr<1>, i64, array<3 x i64>, array<3 x i64>)> 
    %4 = llvm.insertvalue %arg15, %3[3, 0] : !llvm.struct<(ptr<1>, ptr<1>, i64, array<3 x i64>, array<3 x i64>)> 
    %5 = llvm.insertvalue %arg18, %4[4, 0] : !llvm.struct<(ptr<1>, ptr<1>, i64, array<3 x i64>, array<3 x i64>)> 
    %6 = llvm.insertvalue %arg16, %5[3, 1] : !llvm.struct<(ptr<1>, ptr<1>, i64, array<3 x i64>, array<3 x i64>)> 
    %7 = llvm.insertvalue %arg19, %6[4, 1] : !llvm.struct<(ptr<1>, ptr<1>, i64, array<3 x i64>, array<3 x i64>)> 
    %8 = llvm.insertvalue %arg17, %7[3, 2] : !llvm.struct<(ptr<1>, ptr<1>, i64, array<3 x i64>, array<3 x i64>)> 
    %9 = llvm.insertvalue %arg20, %8[4, 2] : !llvm.struct<(ptr<1>, ptr<1>, i64, array<3 x i64>, array<3 x i64>)> 
    %10 = llvm.mlir.poison : !llvm.struct<(ptr, ptr, i64, array<2 x i64>, array<2 x i64>)>
    %11 = llvm.insertvalue %arg1, %10[0] : !llvm.struct<(ptr, ptr, i64, array<2 x i64>, array<2 x i64>)> 
    %12 = llvm.insertvalue %arg2, %11[1] : !llvm.struct<(ptr, ptr, i64, array<2 x i64>, array<2 x i64>)> 
    %13 = llvm.insertvalue %arg3, %12[2] : !llvm.struct<(ptr, ptr, i64, array<2 x i64>, array<2 x i64>)> 
    %14 = llvm.insertvalue %arg4, %13[3, 0] : !llvm.struct<(ptr, ptr, i64, array<2 x i64>, array<2 x i64>)> 
    %15 = llvm.insertvalue %arg6, %14[4, 0] : !llvm.struct<(ptr, ptr, i64, array<2 x i64>, array<2 x i64>)> 
    %16 = llvm.insertvalue %arg5, %15[3, 1] : !llvm.struct<(ptr, ptr, i64, array<2 x i64>, array<2 x i64>)> 
    %17 = llvm.insertvalue %arg7, %16[4, 1] : !llvm.struct<(ptr, ptr, i64, array<2 x i64>, array<2 x i64>)> 
    %18 = llvm.mlir.constant(1536 : index) : i64
    %19 = nvvm.read.ptx.sreg.ctaid.x range <i32, 0, 8> : i32
    %20 = llvm.sext %19 : i32 to i64
    %21 = llvm.mul %20, %arg0 overflow<nsw> : i64
    %22 = llvm.extractvalue %17[0] : !llvm.struct<(ptr, ptr, i64, array<2 x i64>, array<2 x i64>)> 
    %23 = llvm.extractvalue %17[1] : !llvm.struct<(ptr, ptr, i64, array<2 x i64>, array<2 x i64>)> 
    %24 = llvm.mlir.poison : !llvm.struct<(ptr, ptr, i64)>
    %25 = llvm.insertvalue %22, %24[0] : !llvm.struct<(ptr, ptr, i64)> 
    %26 = llvm.insertvalue %23, %25[1] : !llvm.struct<(ptr, ptr, i64)> 
    %27 = llvm.mlir.constant(0 : index) : i64
    %28 = llvm.insertvalue %27, %26[2] : !llvm.struct<(ptr, ptr, i64)> 
    %29 = llvm.extractvalue %17[2] : !llvm.struct<(ptr, ptr, i64, array<2 x i64>, array<2 x i64>)> 
    %30 = llvm.extractvalue %17[3, 0] : !llvm.struct<(ptr, ptr, i64, array<2 x i64>, array<2 x i64>)> 
    %31 = llvm.extractvalue %17[3, 1] : !llvm.struct<(ptr, ptr, i64, array<2 x i64>, array<2 x i64>)> 
    %32 = llvm.extractvalue %17[4, 0] : !llvm.struct<(ptr, ptr, i64, array<2 x i64>, array<2 x i64>)> 
    %33 = llvm.extractvalue %17[4, 1] : !llvm.struct<(ptr, ptr, i64, array<2 x i64>, array<2 x i64>)> 
    %34 = llvm.mlir.poison : !llvm.struct<(ptr, ptr, i64, array<2 x i64>, array<2 x i64>)>
    %35 = llvm.extractvalue %28[0] : !llvm.struct<(ptr, ptr, i64)> 
    %36 = llvm.extractvalue %28[1] : !llvm.struct<(ptr, ptr, i64)> 
    %37 = llvm.insertvalue %35, %34[0] : !llvm.struct<(ptr, ptr, i64, array<2 x i64>, array<2 x i64>)> 
    %38 = llvm.insertvalue %36, %37[1] : !llvm.struct<(ptr, ptr, i64, array<2 x i64>, array<2 x i64>)> 
    %39 = llvm.insertvalue %21, %38[2] : !llvm.struct<(ptr, ptr, i64, array<2 x i64>, array<2 x i64>)> 
    %40 = llvm.mlir.constant(8 : index) : i64
    %41 = llvm.insertvalue %40, %39[3, 0] : !llvm.struct<(ptr, ptr, i64, array<2 x i64>, array<2 x i64>)> 
    %42 = llvm.mlir.constant(1024 : index) : i64
    %43 = llvm.insertvalue %42, %41[4, 0] : !llvm.struct<(ptr, ptr, i64, array<2 x i64>, array<2 x i64>)> 
    %44 = llvm.mlir.constant(128 : index) : i64
    %45 = llvm.insertvalue %44, %43[3, 1] : !llvm.struct<(ptr, ptr, i64, array<2 x i64>, array<2 x i64>)> 
    %46 = llvm.mlir.constant(1 : index) : i64
    %47 = llvm.insertvalue %46, %45[4, 1] : !llvm.struct<(ptr, ptr, i64, array<2 x i64>, array<2 x i64>)> 
    %48 = llvm.mlir.constant(8 : index) : i64
    %49 = llvm.mlir.constant(128 : index) : i64
    %50 = llvm.mlir.constant(1 : index) : i64
    %51 = llvm.mlir.constant(1024 : index) : i64
    %52 = llvm.alloca %51 x f32 : (i64) -> !llvm.ptr
    %53 = llvm.mlir.poison : !llvm.struct<(ptr, ptr, i64, array<2 x i64>, array<2 x i64>)>
    %54 = llvm.insertvalue %52, %53[0] : !llvm.struct<(ptr, ptr, i64, array<2 x i64>, array<2 x i64>)> 
    %55 = llvm.insertvalue %52, %54[1] : !llvm.struct<(ptr, ptr, i64, array<2 x i64>, array<2 x i64>)> 
    %56 = llvm.mlir.constant(0 : index) : i64
    %57 = llvm.insertvalue %56, %55[2] : !llvm.struct<(ptr, ptr, i64, array<2 x i64>, array<2 x i64>)> 
    %58 = llvm.insertvalue %48, %57[3, 0] : !llvm.struct<(ptr, ptr, i64, array<2 x i64>, array<2 x i64>)> 
    %59 = llvm.insertvalue %49, %58[3, 1] : !llvm.struct<(ptr, ptr, i64, array<2 x i64>, array<2 x i64>)> 
    %60 = llvm.insertvalue %49, %59[4, 0] : !llvm.struct<(ptr, ptr, i64, array<2 x i64>, array<2 x i64>)> 
    %61 = llvm.insertvalue %50, %60[4, 1] : !llvm.struct<(ptr, ptr, i64, array<2 x i64>, array<2 x i64>)> 
    llvm.br ^bb1(%arg9 : i64)
  ^bb1(%62: i64):  // 2 preds: ^bb0, ^bb5
    %63 = llvm.icmp "slt" %62, %arg11 : i64
    llvm.cond_br %63, ^bb2, ^bb6
  ^bb2:  // pred: ^bb1
    llvm.br ^bb3(%arg9 : i64)
  ^bb3(%64: i64):  // 2 preds: ^bb2, ^bb4
    %65 = llvm.icmp "slt" %64, %arg0 : i64
    llvm.cond_br %65, ^bb4, ^bb5
  ^bb4:  // pred: ^bb3
    %66 = llvm.extractvalue %61[1] : !llvm.struct<(ptr, ptr, i64, array<2 x i64>, array<2 x i64>)> 
    %67 = llvm.mlir.constant(128 : index) : i64
    %68 = llvm.mul %62, %67 overflow<nsw, nuw> : i64
    %69 = llvm.add %68, %64 overflow<nsw, nuw> : i64
    %70 = llvm.getelementptr inbounds|nuw %66[%69] : (!llvm.ptr, i64) -> !llvm.ptr, f32
    llvm.store %arg8, %70 : f32, !llvm.ptr
    %71 = llvm.add %64, %arg10 : i64
    llvm.br ^bb3(%71 : i64)
  ^bb5:  // pred: ^bb3
    %72 = llvm.add %62, %arg10 : i64
    llvm.br ^bb1(%72 : i64)
  ^bb6:  // pred: ^bb1
    llvm.br ^bb7(%arg9 : i64)
  ^bb7(%73: i64):  // 2 preds: ^bb6, ^bb17
    %74 = llvm.icmp "slt" %73, %arg22 : i64
    llvm.cond_br %74, ^bb8, ^bb18
  ^bb8:  // pred: ^bb7
    %75 = llvm.extractvalue %9[0] : !llvm.struct<(ptr<1>, ptr<1>, i64, array<3 x i64>, array<3 x i64>)> 
    %76 = llvm.extractvalue %9[1] : !llvm.struct<(ptr<1>, ptr<1>, i64, array<3 x i64>, array<3 x i64>)> 
    %77 = llvm.mlir.poison : !llvm.struct<(ptr<1>, ptr<1>, i64)>
    %78 = llvm.insertvalue %75, %77[0] : !llvm.struct<(ptr<1>, ptr<1>, i64)> 
    %79 = llvm.insertvalue %76, %78[1] : !llvm.struct<(ptr<1>, ptr<1>, i64)> 
    %80 = llvm.mlir.constant(0 : index) : i64
    %81 = llvm.insertvalue %80, %79[2] : !llvm.struct<(ptr<1>, ptr<1>, i64)> 
    %82 = llvm.extractvalue %9[2] : !llvm.struct<(ptr<1>, ptr<1>, i64, array<3 x i64>, array<3 x i64>)> 
    %83 = llvm.extractvalue %9[3, 0] : !llvm.struct<(ptr<1>, ptr<1>, i64, array<3 x i64>, array<3 x i64>)> 
    %84 = llvm.extractvalue %9[3, 1] : !llvm.struct<(ptr<1>, ptr<1>, i64, array<3 x i64>, array<3 x i64>)> 
    %85 = llvm.extractvalue %9[3, 2] : !llvm.struct<(ptr<1>, ptr<1>, i64, array<3 x i64>, array<3 x i64>)> 
    %86 = llvm.extractvalue %9[4, 0] : !llvm.struct<(ptr<1>, ptr<1>, i64, array<3 x i64>, array<3 x i64>)> 
    %87 = llvm.extractvalue %9[4, 1] : !llvm.struct<(ptr<1>, ptr<1>, i64, array<3 x i64>, array<3 x i64>)> 
    %88 = llvm.extractvalue %9[4, 2] : !llvm.struct<(ptr<1>, ptr<1>, i64, array<3 x i64>, array<3 x i64>)> 
    %89 = llvm.mul %21, %18 overflow<nsw> : i64
    %90 = llvm.add %89, %73 : i64
    %91 = llvm.mlir.poison : !llvm.struct<(ptr<1>, ptr<1>, i64, array<3 x i64>, array<3 x i64>)>
    %92 = llvm.extractvalue %81[0] : !llvm.struct<(ptr<1>, ptr<1>, i64)> 
    %93 = llvm.extractvalue %81[1] : !llvm.struct<(ptr<1>, ptr<1>, i64)> 
    %94 = llvm.insertvalue %92, %91[0] : !llvm.struct<(ptr<1>, ptr<1>, i64, array<3 x i64>, array<3 x i64>)> 
    %95 = llvm.insertvalue %93, %94[1] : !llvm.struct<(ptr<1>, ptr<1>, i64, array<3 x i64>, array<3 x i64>)> 
    %96 = llvm.insertvalue %90, %95[2] : !llvm.struct<(ptr<1>, ptr<1>, i64, array<3 x i64>, array<3 x i64>)> 
    %97 = llvm.mlir.constant(8 : index) : i64
    %98 = llvm.insertvalue %97, %96[3, 0] : !llvm.struct<(ptr<1>, ptr<1>, i64, array<3 x i64>, array<3 x i64>)> 
    %99 = llvm.mlir.constant(1572864 : index) : i64
    %100 = llvm.insertvalue %99, %98[4, 0] : !llvm.struct<(ptr<1>, ptr<1>, i64, array<3 x i64>, array<3 x i64>)> 
    %101 = llvm.mlir.constant(128 : index) : i64
    %102 = llvm.insertvalue %101, %100[3, 1] : !llvm.struct<(ptr<1>, ptr<1>, i64, array<3 x i64>, array<3 x i64>)> 
    %103 = llvm.mlir.constant(1536 : index) : i64
    %104 = llvm.insertvalue %103, %102[4, 1] : !llvm.struct<(ptr<1>, ptr<1>, i64, array<3 x i64>, array<3 x i64>)> 
    %105 = llvm.mlir.constant(4 : index) : i64
    %106 = llvm.insertvalue %105, %104[3, 2] : !llvm.struct<(ptr<1>, ptr<1>, i64, array<3 x i64>, array<3 x i64>)> 
    %107 = llvm.mlir.constant(1 : index) : i64
    %108 = llvm.insertvalue %107, %106[4, 2] : !llvm.struct<(ptr<1>, ptr<1>, i64, array<3 x i64>, array<3 x i64>)> 
    llvm.br ^bb9(%arg9 : i64)
  ^bb9(%109: i64):  // 2 preds: ^bb8, ^bb16
    %110 = llvm.icmp "slt" %109, %arg11 : i64
    llvm.cond_br %110, ^bb10, ^bb17
  ^bb10:  // pred: ^bb9
    llvm.br ^bb11(%arg9 : i64)
  ^bb11(%111: i64):  // 2 preds: ^bb10, ^bb15
    %112 = llvm.icmp "slt" %111, %arg0 : i64
    llvm.cond_br %112, ^bb12, ^bb16
  ^bb12:  // pred: ^bb11
    llvm.br ^bb13(%arg9 : i64)
  ^bb13(%113: i64):  // 2 preds: ^bb12, ^bb14
    %114 = llvm.icmp "slt" %113, %arg21 : i64
    llvm.cond_br %114, ^bb14, ^bb15
  ^bb14:  // pred: ^bb13
    %115 = llvm.extractvalue %108[1] : !llvm.struct<(ptr<1>, ptr<1>, i64, array<3 x i64>, array<3 x i64>)> 
    %116 = llvm.extractvalue %108[2] : !llvm.struct<(ptr<1>, ptr<1>, i64, array<3 x i64>, array<3 x i64>)> 
    %117 = llvm.getelementptr %115[%116] : (!llvm.ptr<1>, i64) -> !llvm.ptr<1>, f32
    %118 = llvm.mlir.constant(1572864 : index) : i64
    %119 = llvm.mul %109, %118 overflow<nsw, nuw> : i64
    %120 = llvm.mlir.constant(1536 : index) : i64
    %121 = llvm.mul %111, %120 overflow<nsw, nuw> : i64
    %122 = llvm.add %119, %121 overflow<nsw, nuw> : i64
    %123 = llvm.add %122, %113 overflow<nsw, nuw> : i64
    %124 = llvm.getelementptr inbounds|nuw %117[%123] : (!llvm.ptr<1>, i64) -> !llvm.ptr<1>, f32
    %125 = llvm.load %124 : !llvm.ptr<1> -> f32
    %126 = llvm.extractvalue %61[1] : !llvm.struct<(ptr, ptr, i64, array<2 x i64>, array<2 x i64>)> 
    %127 = llvm.mlir.constant(128 : index) : i64
    %128 = llvm.mul %109, %127 overflow<nsw, nuw> : i64
    %129 = llvm.add %128, %111 overflow<nsw, nuw> : i64
    %130 = llvm.getelementptr inbounds|nuw %126[%129] : (!llvm.ptr, i64) -> !llvm.ptr, f32
    %131 = llvm.load %130 : !llvm.ptr -> f32
    %132 = llvm.intr.maximum(%125, %131) : (f32, f32) -> f32
    %133 = llvm.extractvalue %61[1] : !llvm.struct<(ptr, ptr, i64, array<2 x i64>, array<2 x i64>)> 
    %134 = llvm.mlir.constant(128 : index) : i64
    %135 = llvm.mul %109, %134 overflow<nsw, nuw> : i64
    %136 = llvm.add %135, %111 overflow<nsw, nuw> : i64
    %137 = llvm.getelementptr inbounds|nuw %133[%136] : (!llvm.ptr, i64) -> !llvm.ptr, f32
    llvm.store %132, %137 : f32, !llvm.ptr
    %138 = llvm.add %113, %arg10 : i64
    llvm.br ^bb13(%138 : i64)
  ^bb15:  // pred: ^bb13
    %139 = llvm.add %111, %arg10 : i64
    llvm.br ^bb11(%139 : i64)
  ^bb16:  // pred: ^bb11
    %140 = llvm.add %109, %arg10 : i64
    llvm.br ^bb9(%140 : i64)
  ^bb17:  // pred: ^bb9
    %141 = llvm.add %73, %arg21 : i64
    llvm.br ^bb7(%141 : i64)
  ^bb18:  // pred: ^bb7
    llvm.br ^bb19(%arg9 : i64)
  ^bb19(%142: i64):  // 2 preds: ^bb18, ^bb23
    %143 = llvm.icmp "slt" %142, %arg11 : i64
    llvm.cond_br %143, ^bb20, ^bb24
  ^bb20:  // pred: ^bb19
    llvm.br ^bb21(%arg9 : i64)
  ^bb21(%144: i64):  // 2 preds: ^bb20, ^bb22
    %145 = llvm.icmp "slt" %144, %arg0 : i64
    llvm.cond_br %145, ^bb22, ^bb23
  ^bb22:  // pred: ^bb21
    %146 = llvm.extractvalue %47[1] : !llvm.struct<(ptr, ptr, i64, array<2 x i64>, array<2 x i64>)> 
    %147 = llvm.extractvalue %47[2] : !llvm.struct<(ptr, ptr, i64, array<2 x i64>, array<2 x i64>)> 
    %148 = llvm.getelementptr %146[%147] : (!llvm.ptr, i64) -> !llvm.ptr, f32
    %149 = llvm.mlir.constant(1024 : index) : i64
    %150 = llvm.mul %142, %149 overflow<nsw, nuw> : i64
    %151 = llvm.add %150, %144 overflow<nsw, nuw> : i64
    %152 = llvm.getelementptr inbounds|nuw %148[%151] : (!llvm.ptr, i64) -> !llvm.ptr, f32
    llvm.store %arg23, %152 : f32, !llvm.ptr
    %153 = llvm.add %144, %arg10 : i64
    llvm.br ^bb21(%153 : i64)
  ^bb23:  // pred: ^bb21
    %154 = llvm.add %142, %arg10 : i64
    llvm.br ^bb19(%154 : i64)
  ^bb24:  // pred: ^bb19
    llvm.br ^bb25(%arg9 : i64)
  ^bb25(%155: i64):  // 2 preds: ^bb24, ^bb35
    %156 = llvm.icmp "slt" %155, %arg22 : i64
    llvm.cond_br %156, ^bb26, ^bb36
  ^bb26:  // pred: ^bb25
    %157 = llvm.extractvalue %9[0] : !llvm.struct<(ptr<1>, ptr<1>, i64, array<3 x i64>, array<3 x i64>)> 
    %158 = llvm.extractvalue %9[1] : !llvm.struct<(ptr<1>, ptr<1>, i64, array<3 x i64>, array<3 x i64>)> 
    %159 = llvm.mlir.poison : !llvm.struct<(ptr<1>, ptr<1>, i64)>
    %160 = llvm.insertvalue %157, %159[0] : !llvm.struct<(ptr<1>, ptr<1>, i64)> 
    %161 = llvm.insertvalue %158, %160[1] : !llvm.struct<(ptr<1>, ptr<1>, i64)> 
    %162 = llvm.mlir.constant(0 : index) : i64
    %163 = llvm.insertvalue %162, %161[2] : !llvm.struct<(ptr<1>, ptr<1>, i64)> 
    %164 = llvm.extractvalue %9[2] : !llvm.struct<(ptr<1>, ptr<1>, i64, array<3 x i64>, array<3 x i64>)> 
    %165 = llvm.extractvalue %9[3, 0] : !llvm.struct<(ptr<1>, ptr<1>, i64, array<3 x i64>, array<3 x i64>)> 
    %166 = llvm.extractvalue %9[3, 1] : !llvm.struct<(ptr<1>, ptr<1>, i64, array<3 x i64>, array<3 x i64>)> 
    %167 = llvm.extractvalue %9[3, 2] : !llvm.struct<(ptr<1>, ptr<1>, i64, array<3 x i64>, array<3 x i64>)> 
    %168 = llvm.extractvalue %9[4, 0] : !llvm.struct<(ptr<1>, ptr<1>, i64, array<3 x i64>, array<3 x i64>)> 
    %169 = llvm.extractvalue %9[4, 1] : !llvm.struct<(ptr<1>, ptr<1>, i64, array<3 x i64>, array<3 x i64>)> 
    %170 = llvm.extractvalue %9[4, 2] : !llvm.struct<(ptr<1>, ptr<1>, i64, array<3 x i64>, array<3 x i64>)> 
    %171 = llvm.mul %21, %18 overflow<nsw> : i64
    %172 = llvm.add %171, %155 : i64
    %173 = llvm.mlir.poison : !llvm.struct<(ptr<1>, ptr<1>, i64, array<3 x i64>, array<3 x i64>)>
    %174 = llvm.extractvalue %163[0] : !llvm.struct<(ptr<1>, ptr<1>, i64)> 
    %175 = llvm.extractvalue %163[1] : !llvm.struct<(ptr<1>, ptr<1>, i64)> 
    %176 = llvm.insertvalue %174, %173[0] : !llvm.struct<(ptr<1>, ptr<1>, i64, array<3 x i64>, array<3 x i64>)> 
    %177 = llvm.insertvalue %175, %176[1] : !llvm.struct<(ptr<1>, ptr<1>, i64, array<3 x i64>, array<3 x i64>)> 
    %178 = llvm.insertvalue %172, %177[2] : !llvm.struct<(ptr<1>, ptr<1>, i64, array<3 x i64>, array<3 x i64>)> 
    %179 = llvm.mlir.constant(8 : index) : i64
    %180 = llvm.insertvalue %179, %178[3, 0] : !llvm.struct<(ptr<1>, ptr<1>, i64, array<3 x i64>, array<3 x i64>)> 
    %181 = llvm.mlir.constant(1572864 : index) : i64
    %182 = llvm.insertvalue %181, %180[4, 0] : !llvm.struct<(ptr<1>, ptr<1>, i64, array<3 x i64>, array<3 x i64>)> 
    %183 = llvm.mlir.constant(128 : index) : i64
    %184 = llvm.insertvalue %183, %182[3, 1] : !llvm.struct<(ptr<1>, ptr<1>, i64, array<3 x i64>, array<3 x i64>)> 
    %185 = llvm.mlir.constant(1536 : index) : i64
    %186 = llvm.insertvalue %185, %184[4, 1] : !llvm.struct<(ptr<1>, ptr<1>, i64, array<3 x i64>, array<3 x i64>)> 
    %187 = llvm.mlir.constant(4 : index) : i64
    %188 = llvm.insertvalue %187, %186[3, 2] : !llvm.struct<(ptr<1>, ptr<1>, i64, array<3 x i64>, array<3 x i64>)> 
    %189 = llvm.mlir.constant(1 : index) : i64
    %190 = llvm.insertvalue %189, %188[4, 2] : !llvm.struct<(ptr<1>, ptr<1>, i64, array<3 x i64>, array<3 x i64>)> 
    llvm.br ^bb27(%arg9 : i64)
  ^bb27(%191: i64):  // 2 preds: ^bb26, ^bb34
    %192 = llvm.icmp "slt" %191, %arg11 : i64
    llvm.cond_br %192, ^bb28, ^bb35
  ^bb28:  // pred: ^bb27
    llvm.br ^bb29(%arg9 : i64)
  ^bb29(%193: i64):  // 2 preds: ^bb28, ^bb33
    %194 = llvm.icmp "slt" %193, %arg0 : i64
    llvm.cond_br %194, ^bb30, ^bb34
  ^bb30:  // pred: ^bb29
    llvm.br ^bb31(%arg9 : i64)
  ^bb31(%195: i64):  // 2 preds: ^bb30, ^bb32
    %196 = llvm.icmp "slt" %195, %arg21 : i64
    llvm.cond_br %196, ^bb32, ^bb33
  ^bb32:  // pred: ^bb31
    %197 = llvm.extractvalue %190[1] : !llvm.struct<(ptr<1>, ptr<1>, i64, array<3 x i64>, array<3 x i64>)> 
    %198 = llvm.extractvalue %190[2] : !llvm.struct<(ptr<1>, ptr<1>, i64, array<3 x i64>, array<3 x i64>)> 
    %199 = llvm.getelementptr %197[%198] : (!llvm.ptr<1>, i64) -> !llvm.ptr<1>, f32
    %200 = llvm.mlir.constant(1572864 : index) : i64
    %201 = llvm.mul %191, %200 overflow<nsw, nuw> : i64
    %202 = llvm.mlir.constant(1536 : index) : i64
    %203 = llvm.mul %193, %202 overflow<nsw, nuw> : i64
    %204 = llvm.add %201, %203 overflow<nsw, nuw> : i64
    %205 = llvm.add %204, %195 overflow<nsw, nuw> : i64
    %206 = llvm.getelementptr inbounds|nuw %199[%205] : (!llvm.ptr<1>, i64) -> !llvm.ptr<1>, f32
    %207 = llvm.load %206 : !llvm.ptr<1> -> f32
    %208 = llvm.extractvalue %61[1] : !llvm.struct<(ptr, ptr, i64, array<2 x i64>, array<2 x i64>)> 
    %209 = llvm.mlir.constant(128 : index) : i64
    %210 = llvm.mul %191, %209 overflow<nsw, nuw> : i64
    %211 = llvm.add %210, %193 overflow<nsw, nuw> : i64
    %212 = llvm.getelementptr inbounds|nuw %208[%211] : (!llvm.ptr, i64) -> !llvm.ptr, f32
    %213 = llvm.load %212 : !llvm.ptr -> f32
    %214 = llvm.extractvalue %47[1] : !llvm.struct<(ptr, ptr, i64, array<2 x i64>, array<2 x i64>)> 
    %215 = llvm.extractvalue %47[2] : !llvm.struct<(ptr, ptr, i64, array<2 x i64>, array<2 x i64>)> 
    %216 = llvm.getelementptr %214[%215] : (!llvm.ptr, i64) -> !llvm.ptr, f32
    %217 = llvm.mlir.constant(1024 : index) : i64
    %218 = llvm.mul %191, %217 overflow<nsw, nuw> : i64
    %219 = llvm.add %218, %193 overflow<nsw, nuw> : i64
    %220 = llvm.getelementptr inbounds|nuw %216[%219] : (!llvm.ptr, i64) -> !llvm.ptr, f32
    %221 = llvm.load %220 : !llvm.ptr -> f32
    %222 = llvm.fsub %207, %213 : f32
    %223 = llvm.call @__nv_expf(%222) : (f32) -> f32
    %224 = llvm.fadd %223, %221 : f32
    %225 = llvm.extractvalue %47[1] : !llvm.struct<(ptr, ptr, i64, array<2 x i64>, array<2 x i64>)> 
    %226 = llvm.extractvalue %47[2] : !llvm.struct<(ptr, ptr, i64, array<2 x i64>, array<2 x i64>)> 
    %227 = llvm.getelementptr %225[%226] : (!llvm.ptr, i64) -> !llvm.ptr, f32
    %228 = llvm.mlir.constant(1024 : index) : i64
    %229 = llvm.mul %191, %228 overflow<nsw, nuw> : i64
    %230 = llvm.add %229, %193 overflow<nsw, nuw> : i64
    %231 = llvm.getelementptr inbounds|nuw %227[%230] : (!llvm.ptr, i64) -> !llvm.ptr, f32
    llvm.store %224, %231 : f32, !llvm.ptr
    %232 = llvm.add %195, %arg10 : i64
    llvm.br ^bb31(%232 : i64)
  ^bb33:  // pred: ^bb31
    %233 = llvm.add %193, %arg10 : i64
    llvm.br ^bb29(%233 : i64)
  ^bb34:  // pred: ^bb29
    %234 = llvm.add %191, %arg10 : i64
    llvm.br ^bb27(%234 : i64)
  ^bb35:  // pred: ^bb27
    %235 = llvm.add %155, %arg21 : i64
    llvm.br ^bb25(%235 : i64)
  ^bb36:  // pred: ^bb25
    llvm.return
  }
}

// -----// IR Dump After ConvertGpuOpsToNVVMOps (convert-gpu-to-nvvm) //----- //
gpu.module @main_kernel_0 [#nvvm.target<O = 3, chip = "sm_86", features = "+ptx76", flags = {fast, ftz}>] {
  llvm.func @__nv_fmaxf(f32, f32) -> f32
  llvm.func @__nv_logf(f32) -> f32
  llvm.func @main_kernel(%arg0: i64, %arg1: f32, %arg2: i64, %arg3: i64, %arg4: i64, %arg5: !llvm.ptr<1>, %arg6: !llvm.ptr<1>, %arg7: i64, %arg8: i64, %arg9: i64, %arg10: i64, %arg11: i64, %arg12: i64, %arg13: i64, %arg14: i64, %arg15: i64, %arg16: !llvm.ptr, %arg17: !llvm.ptr, %arg18: i64, %arg19: !llvm.ptr, %arg20: !llvm.ptr, %arg21: i64, %arg22: i64, %arg23: i64, %arg24: i64, %arg25: i64, %arg26: !llvm.ptr<1>, %arg27: !llvm.ptr<1>, %arg28: i64, %arg29: i64, %arg30: i64, %arg31: i64, %arg32: i64, %arg33: f32, %arg34: !llvm.ptr, %arg35: !llvm.ptr, %arg36: i64) attributes {gpu.kernel, gpu.known_block_size = array<i32: 1, 1, 1>, gpu.known_grid_size = array<i32: 8, 1, 1>, nvvm.kernel, nvvm.maxntid = array<i32: 1, 1, 1>} {
    %0 = llvm.mlir.poison : !llvm.struct<(ptr, ptr, i64)>
    %1 = llvm.insertvalue %arg34, %0[0] : !llvm.struct<(ptr, ptr, i64)> 
    %2 = llvm.insertvalue %arg35, %1[1] : !llvm.struct<(ptr, ptr, i64)> 
    %3 = llvm.insertvalue %arg36, %2[2] : !llvm.struct<(ptr, ptr, i64)> 
    %4 = llvm.mlir.poison : !llvm.struct<(ptr<1>, ptr<1>, i64, array<2 x i64>, array<2 x i64>)>
    %5 = llvm.insertvalue %arg26, %4[0] : !llvm.struct<(ptr<1>, ptr<1>, i64, array<2 x i64>, array<2 x i64>)> 
    %6 = llvm.insertvalue %arg27, %5[1] : !llvm.struct<(ptr<1>, ptr<1>, i64, array<2 x i64>, array<2 x i64>)> 
    %7 = llvm.insertvalue %arg28, %6[2] : !llvm.struct<(ptr<1>, ptr<1>, i64, array<2 x i64>, array<2 x i64>)> 
    %8 = llvm.insertvalue %arg29, %7[3, 0] : !llvm.struct<(ptr<1>, ptr<1>, i64, array<2 x i64>, array<2 x i64>)> 
    %9 = llvm.insertvalue %arg31, %8[4, 0] : !llvm.struct<(ptr<1>, ptr<1>, i64, array<2 x i64>, array<2 x i64>)> 
    %10 = llvm.insertvalue %arg30, %9[3, 1] : !llvm.struct<(ptr<1>, ptr<1>, i64, array<2 x i64>, array<2 x i64>)> 
    %11 = llvm.insertvalue %arg32, %10[4, 1] : !llvm.struct<(ptr<1>, ptr<1>, i64, array<2 x i64>, array<2 x i64>)> 
    %12 = llvm.mlir.poison : !llvm.struct<(ptr, ptr, i64, array<2 x i64>, array<2 x i64>)>
    %13 = llvm.insertvalue %arg19, %12[0] : !llvm.struct<(ptr, ptr, i64, array<2 x i64>, array<2 x i64>)> 
    %14 = llvm.insertvalue %arg20, %13[1] : !llvm.struct<(ptr, ptr, i64, array<2 x i64>, array<2 x i64>)> 
    %15 = llvm.insertvalue %arg21, %14[2] : !llvm.struct<(ptr, ptr, i64, array<2 x i64>, array<2 x i64>)> 
    %16 = llvm.insertvalue %arg22, %15[3, 0] : !llvm.struct<(ptr, ptr, i64, array<2 x i64>, array<2 x i64>)> 
    %17 = llvm.insertvalue %arg24, %16[4, 0] : !llvm.struct<(ptr, ptr, i64, array<2 x i64>, array<2 x i64>)> 
    %18 = llvm.insertvalue %arg23, %17[3, 1] : !llvm.struct<(ptr, ptr, i64, array<2 x i64>, array<2 x i64>)> 
    %19 = llvm.insertvalue %arg25, %18[4, 1] : !llvm.struct<(ptr, ptr, i64, array<2 x i64>, array<2 x i64>)> 
    %20 = llvm.mlir.poison : !llvm.struct<(ptr, ptr, i64)>
    %21 = llvm.insertvalue %arg16, %20[0] : !llvm.struct<(ptr, ptr, i64)> 
    %22 = llvm.insertvalue %arg17, %21[1] : !llvm.struct<(ptr, ptr, i64)> 
    %23 = llvm.insertvalue %arg18, %22[2] : !llvm.struct<(ptr, ptr, i64)> 
    %24 = llvm.mlir.poison : !llvm.struct<(ptr<1>, ptr<1>, i64, array<3 x i64>, array<3 x i64>)>
    %25 = llvm.insertvalue %arg5, %24[0] : !llvm.struct<(ptr<1>, ptr<1>, i64, array<3 x i64>, array<3 x i64>)> 
    %26 = llvm.insertvalue %arg6, %25[1] : !llvm.struct<(ptr<1>, ptr<1>, i64, array<3 x i64>, array<3 x i64>)> 
    %27 = llvm.insertvalue %arg7, %26[2] : !llvm.struct<(ptr<1>, ptr<1>, i64, array<3 x i64>, array<3 x i64>)> 
    %28 = llvm.insertvalue %arg8, %27[3, 0] : !llvm.struct<(ptr<1>, ptr<1>, i64, array<3 x i64>, array<3 x i64>)> 
    %29 = llvm.insertvalue %arg11, %28[4, 0] : !llvm.struct<(ptr<1>, ptr<1>, i64, array<3 x i64>, array<3 x i64>)> 
    %30 = llvm.insertvalue %arg9, %29[3, 1] : !llvm.struct<(ptr<1>, ptr<1>, i64, array<3 x i64>, array<3 x i64>)> 
    %31 = llvm.insertvalue %arg12, %30[4, 1] : !llvm.struct<(ptr<1>, ptr<1>, i64, array<3 x i64>, array<3 x i64>)> 
    %32 = llvm.insertvalue %arg10, %31[3, 2] : !llvm.struct<(ptr<1>, ptr<1>, i64, array<3 x i64>, array<3 x i64>)> 
    %33 = llvm.insertvalue %arg13, %32[4, 2] : !llvm.struct<(ptr<1>, ptr<1>, i64, array<3 x i64>, array<3 x i64>)> 
    %34 = llvm.mlir.constant(128 : index) : i64
    %35 = llvm.mlir.constant(1024 : index) : i64
    %36 = llvm.mlir.constant(1536 : index) : i64
    %37 = nvvm.read.ptx.sreg.ctaid.x range <i32, 0, 8> : i32
    %38 = llvm.sext %37 : i32 to i64
    %39 = llvm.mul %38, %arg0 overflow<nsw> : i64
    %40 = llvm.mlir.constant(8 : index) : i64
    %41 = llvm.mlir.constant(128 : index) : i64
    %42 = llvm.mlir.constant(1 : index) : i64
    %43 = llvm.mlir.constant(1024 : index) : i64
    %44 = llvm.alloca %43 x f32 : (i64) -> !llvm.ptr
    %45 = llvm.mlir.poison : !llvm.struct<(ptr, ptr, i64, array<2 x i64>, array<2 x i64>)>
    %46 = llvm.insertvalue %44, %45[0] : !llvm.struct<(ptr, ptr, i64, array<2 x i64>, array<2 x i64>)> 
    %47 = llvm.insertvalue %44, %46[1] : !llvm.struct<(ptr, ptr, i64, array<2 x i64>, array<2 x i64>)> 
    %48 = llvm.mlir.constant(0 : index) : i64
    %49 = llvm.insertvalue %48, %47[2] : !llvm.struct<(ptr, ptr, i64, array<2 x i64>, array<2 x i64>)> 
    %50 = llvm.insertvalue %40, %49[3, 0] : !llvm.struct<(ptr, ptr, i64, array<2 x i64>, array<2 x i64>)> 
    %51 = llvm.insertvalue %41, %50[3, 1] : !llvm.struct<(ptr, ptr, i64, array<2 x i64>, array<2 x i64>)> 
    %52 = llvm.insertvalue %41, %51[4, 0] : !llvm.struct<(ptr, ptr, i64, array<2 x i64>, array<2 x i64>)> 
    %53 = llvm.insertvalue %42, %52[4, 1] : !llvm.struct<(ptr, ptr, i64, array<2 x i64>, array<2 x i64>)> 
    llvm.br ^bb1(%arg2 : i64)
  ^bb1(%54: i64):  // 2 preds: ^bb0, ^bb5
    %55 = llvm.icmp "slt" %54, %arg4 : i64
    llvm.cond_br %55, ^bb2, ^bb6
  ^bb2:  // pred: ^bb1
    llvm.br ^bb3(%arg2 : i64)
  ^bb3(%56: i64):  // 2 preds: ^bb2, ^bb4
    %57 = llvm.icmp "slt" %56, %arg0 : i64
    llvm.cond_br %57, ^bb4, ^bb5
  ^bb4:  // pred: ^bb3
    %58 = llvm.extractvalue %53[1] : !llvm.struct<(ptr, ptr, i64, array<2 x i64>, array<2 x i64>)> 
    %59 = llvm.mlir.constant(128 : index) : i64
    %60 = llvm.mul %54, %59 overflow<nsw, nuw> : i64
    %61 = llvm.add %60, %56 overflow<nsw, nuw> : i64
    %62 = llvm.getelementptr inbounds|nuw %58[%61] : (!llvm.ptr, i64) -> !llvm.ptr, f32
    llvm.store %arg1, %62 : f32, !llvm.ptr
    %63 = llvm.add %56, %arg3 : i64
    llvm.br ^bb3(%63 : i64)
  ^bb5:  // pred: ^bb3
    %64 = llvm.add %54, %arg3 : i64
    llvm.br ^bb1(%64 : i64)
  ^bb6:  // pred: ^bb1
    llvm.br ^bb7(%arg2 : i64)
  ^bb7(%65: i64):  // 2 preds: ^bb6, ^bb17
    %66 = llvm.icmp "slt" %65, %arg15 : i64
    llvm.cond_br %66, ^bb8, ^bb18
  ^bb8:  // pred: ^bb7
    %67 = llvm.extractvalue %33[0] : !llvm.struct<(ptr<1>, ptr<1>, i64, array<3 x i64>, array<3 x i64>)> 
    %68 = llvm.extractvalue %33[1] : !llvm.struct<(ptr<1>, ptr<1>, i64, array<3 x i64>, array<3 x i64>)> 
    %69 = llvm.mlir.poison : !llvm.struct<(ptr<1>, ptr<1>, i64)>
    %70 = llvm.insertvalue %67, %69[0] : !llvm.struct<(ptr<1>, ptr<1>, i64)> 
    %71 = llvm.insertvalue %68, %70[1] : !llvm.struct<(ptr<1>, ptr<1>, i64)> 
    %72 = llvm.mlir.constant(0 : index) : i64
    %73 = llvm.insertvalue %72, %71[2] : !llvm.struct<(ptr<1>, ptr<1>, i64)> 
    %74 = llvm.extractvalue %33[2] : !llvm.struct<(ptr<1>, ptr<1>, i64, array<3 x i64>, array<3 x i64>)> 
    %75 = llvm.extractvalue %33[3, 0] : !llvm.struct<(ptr<1>, ptr<1>, i64, array<3 x i64>, array<3 x i64>)> 
    %76 = llvm.extractvalue %33[3, 1] : !llvm.struct<(ptr<1>, ptr<1>, i64, array<3 x i64>, array<3 x i64>)> 
    %77 = llvm.extractvalue %33[3, 2] : !llvm.struct<(ptr<1>, ptr<1>, i64, array<3 x i64>, array<3 x i64>)> 
    %78 = llvm.extractvalue %33[4, 0] : !llvm.struct<(ptr<1>, ptr<1>, i64, array<3 x i64>, array<3 x i64>)> 
    %79 = llvm.extractvalue %33[4, 1] : !llvm.struct<(ptr<1>, ptr<1>, i64, array<3 x i64>, array<3 x i64>)> 
    %80 = llvm.extractvalue %33[4, 2] : !llvm.struct<(ptr<1>, ptr<1>, i64, array<3 x i64>, array<3 x i64>)> 
    %81 = llvm.mul %39, %36 overflow<nsw> : i64
    %82 = llvm.add %81, %65 : i64
    %83 = llvm.mlir.poison : !llvm.struct<(ptr<1>, ptr<1>, i64, array<3 x i64>, array<3 x i64>)>
    %84 = llvm.extractvalue %73[0] : !llvm.struct<(ptr<1>, ptr<1>, i64)> 
    %85 = llvm.extractvalue %73[1] : !llvm.struct<(ptr<1>, ptr<1>, i64)> 
    %86 = llvm.insertvalue %84, %83[0] : !llvm.struct<(ptr<1>, ptr<1>, i64, array<3 x i64>, array<3 x i64>)> 
    %87 = llvm.insertvalue %85, %86[1] : !llvm.struct<(ptr<1>, ptr<1>, i64, array<3 x i64>, array<3 x i64>)> 
    %88 = llvm.insertvalue %82, %87[2] : !llvm.struct<(ptr<1>, ptr<1>, i64, array<3 x i64>, array<3 x i64>)> 
    %89 = llvm.mlir.constant(8 : index) : i64
    %90 = llvm.insertvalue %89, %88[3, 0] : !llvm.struct<(ptr<1>, ptr<1>, i64, array<3 x i64>, array<3 x i64>)> 
    %91 = llvm.mlir.constant(1572864 : index) : i64
    %92 = llvm.insertvalue %91, %90[4, 0] : !llvm.struct<(ptr<1>, ptr<1>, i64, array<3 x i64>, array<3 x i64>)> 
    %93 = llvm.mlir.constant(128 : index) : i64
    %94 = llvm.insertvalue %93, %92[3, 1] : !llvm.struct<(ptr<1>, ptr<1>, i64, array<3 x i64>, array<3 x i64>)> 
    %95 = llvm.mlir.constant(1536 : index) : i64
    %96 = llvm.insertvalue %95, %94[4, 1] : !llvm.struct<(ptr<1>, ptr<1>, i64, array<3 x i64>, array<3 x i64>)> 
    %97 = llvm.mlir.constant(4 : index) : i64
    %98 = llvm.insertvalue %97, %96[3, 2] : !llvm.struct<(ptr<1>, ptr<1>, i64, array<3 x i64>, array<3 x i64>)> 
    %99 = llvm.mlir.constant(1 : index) : i64
    %100 = llvm.insertvalue %99, %98[4, 2] : !llvm.struct<(ptr<1>, ptr<1>, i64, array<3 x i64>, array<3 x i64>)> 
    llvm.br ^bb9(%arg2 : i64)
  ^bb9(%101: i64):  // 2 preds: ^bb8, ^bb16
    %102 = llvm.icmp "slt" %101, %arg4 : i64
    llvm.cond_br %102, ^bb10, ^bb17
  ^bb10:  // pred: ^bb9
    llvm.br ^bb11(%arg2 : i64)
  ^bb11(%103: i64):  // 2 preds: ^bb10, ^bb15
    %104 = llvm.icmp "slt" %103, %arg0 : i64
    llvm.cond_br %104, ^bb12, ^bb16
  ^bb12:  // pred: ^bb11
    llvm.br ^bb13(%arg2 : i64)
  ^bb13(%105: i64):  // 2 preds: ^bb12, ^bb14
    %106 = llvm.icmp "slt" %105, %arg14 : i64
    llvm.cond_br %106, ^bb14, ^bb15
  ^bb14:  // pred: ^bb13
    %107 = llvm.extractvalue %100[1] : !llvm.struct<(ptr<1>, ptr<1>, i64, array<3 x i64>, array<3 x i64>)> 
    %108 = llvm.extractvalue %100[2] : !llvm.struct<(ptr<1>, ptr<1>, i64, array<3 x i64>, array<3 x i64>)> 
    %109 = llvm.getelementptr %107[%108] : (!llvm.ptr<1>, i64) -> !llvm.ptr<1>, f32
    %110 = llvm.mlir.constant(1572864 : index) : i64
    %111 = llvm.mul %101, %110 overflow<nsw, nuw> : i64
    %112 = llvm.mlir.constant(1536 : index) : i64
    %113 = llvm.mul %103, %112 overflow<nsw, nuw> : i64
    %114 = llvm.add %111, %113 overflow<nsw, nuw> : i64
    %115 = llvm.add %114, %105 overflow<nsw, nuw> : i64
    %116 = llvm.getelementptr inbounds|nuw %109[%115] : (!llvm.ptr<1>, i64) -> !llvm.ptr<1>, f32
    %117 = llvm.load %116 : !llvm.ptr<1> -> f32
    %118 = llvm.extractvalue %53[1] : !llvm.struct<(ptr, ptr, i64, array<2 x i64>, array<2 x i64>)> 
    %119 = llvm.mlir.constant(128 : index) : i64
    %120 = llvm.mul %101, %119 overflow<nsw, nuw> : i64
    %121 = llvm.add %120, %103 overflow<nsw, nuw> : i64
    %122 = llvm.getelementptr inbounds|nuw %118[%121] : (!llvm.ptr, i64) -> !llvm.ptr, f32
    %123 = llvm.load %122 : !llvm.ptr -> f32
    %124 = llvm.call @__nv_fmaxf(%117, %123) : (f32, f32) -> f32
    %125 = llvm.extractvalue %53[1] : !llvm.struct<(ptr, ptr, i64, array<2 x i64>, array<2 x i64>)> 
    %126 = llvm.mlir.constant(128 : index) : i64
    %127 = llvm.mul %101, %126 overflow<nsw, nuw> : i64
    %128 = llvm.add %127, %103 overflow<nsw, nuw> : i64
    %129 = llvm.getelementptr inbounds|nuw %125[%128] : (!llvm.ptr, i64) -> !llvm.ptr, f32
    llvm.store %124, %129 : f32, !llvm.ptr
    %130 = llvm.add %105, %arg3 : i64
    llvm.br ^bb13(%130 : i64)
  ^bb15:  // pred: ^bb13
    %131 = llvm.add %103, %arg3 : i64
    llvm.br ^bb11(%131 : i64)
  ^bb16:  // pred: ^bb11
    %132 = llvm.add %101, %arg3 : i64
    llvm.br ^bb9(%132 : i64)
  ^bb17:  // pred: ^bb9
    %133 = llvm.add %65, %arg14 : i64
    llvm.br ^bb7(%133 : i64)
  ^bb18:  // pred: ^bb7
    %134 = llvm.mlir.constant(1 : index) : i64
    %135 = llvm.alloca %134 x f32 : (i64) -> !llvm.ptr
    %136 = llvm.mlir.poison : !llvm.struct<(ptr, ptr, i64)>
    %137 = llvm.insertvalue %135, %136[0] : !llvm.struct<(ptr, ptr, i64)> 
    %138 = llvm.insertvalue %135, %137[1] : !llvm.struct<(ptr, ptr, i64)> 
    %139 = llvm.mlir.constant(0 : index) : i64
    %140 = llvm.insertvalue %139, %138[2] : !llvm.struct<(ptr, ptr, i64)> 
    %141 = llvm.extractvalue %23[1] : !llvm.struct<(ptr, ptr, i64)> 
    %142 = llvm.load %141 : !llvm.ptr -> f32
    %143 = llvm.extractvalue %140[1] : !llvm.struct<(ptr, ptr, i64)> 
    llvm.store %142, %143 : f32, !llvm.ptr
    llvm.br ^bb19(%arg2 : i64)
  ^bb19(%144: i64):  // 2 preds: ^bb18, ^bb29
    %145 = llvm.icmp "slt" %144, %arg4 : i64
    llvm.cond_br %145, ^bb20, ^bb30
  ^bb20:  // pred: ^bb19
    llvm.br ^bb21(%arg2 : i64)
  ^bb21(%146: i64):  // 2 preds: ^bb20, ^bb28
    %147 = llvm.icmp "slt" %146, %arg0 : i64
    llvm.cond_br %147, ^bb22, ^bb29
  ^bb22:  // pred: ^bb21
    %148 = llvm.add %146, %39 : i64
    %149 = llvm.extractvalue %19[0] : !llvm.struct<(ptr, ptr, i64, array<2 x i64>, array<2 x i64>)> 
    %150 = llvm.extractvalue %19[1] : !llvm.struct<(ptr, ptr, i64, array<2 x i64>, array<2 x i64>)> 
    %151 = llvm.mlir.poison : !llvm.struct<(ptr, ptr, i64)>
    %152 = llvm.insertvalue %149, %151[0] : !llvm.struct<(ptr, ptr, i64)> 
    %153 = llvm.insertvalue %150, %152[1] : !llvm.struct<(ptr, ptr, i64)> 
    %154 = llvm.mlir.constant(0 : index) : i64
    %155 = llvm.insertvalue %154, %153[2] : !llvm.struct<(ptr, ptr, i64)> 
    %156 = llvm.extractvalue %19[2] : !llvm.struct<(ptr, ptr, i64, array<2 x i64>, array<2 x i64>)> 
    %157 = llvm.extractvalue %19[3, 0] : !llvm.struct<(ptr, ptr, i64, array<2 x i64>, array<2 x i64>)> 
    %158 = llvm.extractvalue %19[3, 1] : !llvm.struct<(ptr, ptr, i64, array<2 x i64>, array<2 x i64>)> 
    %159 = llvm.extractvalue %19[4, 0] : !llvm.struct<(ptr, ptr, i64, array<2 x i64>, array<2 x i64>)> 
    %160 = llvm.extractvalue %19[4, 1] : !llvm.struct<(ptr, ptr, i64, array<2 x i64>, array<2 x i64>)> 
    %161 = llvm.mul %144, %35 overflow<nsw> : i64
    %162 = llvm.add %161, %148 : i64
    %163 = llvm.mlir.poison : !llvm.struct<(ptr, ptr, i64, array<2 x i64>, array<2 x i64>)>
    %164 = llvm.extractvalue %155[0] : !llvm.struct<(ptr, ptr, i64)> 
    %165 = llvm.extractvalue %155[1] : !llvm.struct<(ptr, ptr, i64)> 
    %166 = llvm.insertvalue %164, %163[0] : !llvm.struct<(ptr, ptr, i64, array<2 x i64>, array<2 x i64>)> 
    %167 = llvm.insertvalue %165, %166[1] : !llvm.struct<(ptr, ptr, i64, array<2 x i64>, array<2 x i64>)> 
    %168 = llvm.insertvalue %162, %167[2] : !llvm.struct<(ptr, ptr, i64, array<2 x i64>, array<2 x i64>)> 
    %169 = llvm.mlir.constant(4 : index) : i64
    %170 = llvm.insertvalue %169, %168[3, 0] : !llvm.struct<(ptr, ptr, i64, array<2 x i64>, array<2 x i64>)> 
    %171 = llvm.mlir.constant(1024 : index) : i64
    %172 = llvm.insertvalue %171, %170[4, 0] : !llvm.struct<(ptr, ptr, i64, array<2 x i64>, array<2 x i64>)> 
    %173 = llvm.mlir.constant(4 : index) : i64
    %174 = llvm.insertvalue %173, %172[3, 1] : !llvm.struct<(ptr, ptr, i64, array<2 x i64>, array<2 x i64>)> 
    %175 = llvm.mlir.constant(1 : index) : i64
    %176 = llvm.insertvalue %175, %174[4, 1] : !llvm.struct<(ptr, ptr, i64, array<2 x i64>, array<2 x i64>)> 
    %177 = llvm.mul %144, %34 overflow<nsw> : i64
    %178 = llvm.add %177, %146 : i64
    %179 = llvm.mlir.poison : !llvm.struct<(ptr, ptr, i64, array<2 x i64>, array<2 x i64>)>
    %180 = llvm.extractvalue %53[0] : !llvm.struct<(ptr, ptr, i64, array<2 x i64>, array<2 x i64>)> 
    %181 = llvm.extractvalue %53[1] : !llvm.struct<(ptr, ptr, i64, array<2 x i64>, array<2 x i64>)> 
    %182 = llvm.insertvalue %180, %179[0] : !llvm.struct<(ptr, ptr, i64, array<2 x i64>, array<2 x i64>)> 
    %183 = llvm.insertvalue %181, %182[1] : !llvm.struct<(ptr, ptr, i64, array<2 x i64>, array<2 x i64>)> 
    %184 = llvm.insertvalue %178, %183[2] : !llvm.struct<(ptr, ptr, i64, array<2 x i64>, array<2 x i64>)> 
    %185 = llvm.mlir.constant(4 : index) : i64
    %186 = llvm.insertvalue %185, %184[3, 0] : !llvm.struct<(ptr, ptr, i64, array<2 x i64>, array<2 x i64>)> 
    %187 = llvm.mlir.constant(128 : index) : i64
    %188 = llvm.insertvalue %187, %186[4, 0] : !llvm.struct<(ptr, ptr, i64, array<2 x i64>, array<2 x i64>)> 
    %189 = llvm.mlir.constant(4 : index) : i64
    %190 = llvm.insertvalue %189, %188[3, 1] : !llvm.struct<(ptr, ptr, i64, array<2 x i64>, array<2 x i64>)> 
    %191 = llvm.mlir.constant(1 : index) : i64
    %192 = llvm.insertvalue %191, %190[4, 1] : !llvm.struct<(ptr, ptr, i64, array<2 x i64>, array<2 x i64>)> 
    %193 = llvm.extractvalue %11[0] : !llvm.struct<(ptr<1>, ptr<1>, i64, array<2 x i64>, array<2 x i64>)> 
    %194 = llvm.extractvalue %11[1] : !llvm.struct<(ptr<1>, ptr<1>, i64, array<2 x i64>, array<2 x i64>)> 
    %195 = llvm.mlir.poison : !llvm.struct<(ptr<1>, ptr<1>, i64)>
    %196 = llvm.insertvalue %193, %195[0] : !llvm.struct<(ptr<1>, ptr<1>, i64)> 
    %197 = llvm.insertvalue %194, %196[1] : !llvm.struct<(ptr<1>, ptr<1>, i64)> 
    %198 = llvm.mlir.constant(0 : index) : i64
    %199 = llvm.insertvalue %198, %197[2] : !llvm.struct<(ptr<1>, ptr<1>, i64)> 
    %200 = llvm.extractvalue %11[2] : !llvm.struct<(ptr<1>, ptr<1>, i64, array<2 x i64>, array<2 x i64>)> 
    %201 = llvm.extractvalue %11[3, 0] : !llvm.struct<(ptr<1>, ptr<1>, i64, array<2 x i64>, array<2 x i64>)> 
    %202 = llvm.extractvalue %11[3, 1] : !llvm.struct<(ptr<1>, ptr<1>, i64, array<2 x i64>, array<2 x i64>)> 
    %203 = llvm.extractvalue %11[4, 0] : !llvm.struct<(ptr<1>, ptr<1>, i64, array<2 x i64>, array<2 x i64>)> 
    %204 = llvm.extractvalue %11[4, 1] : !llvm.struct<(ptr<1>, ptr<1>, i64, array<2 x i64>, array<2 x i64>)> 
    %205 = llvm.mul %144, %35 overflow<nsw> : i64
    %206 = llvm.add %205, %148 : i64
    %207 = llvm.mlir.poison : !llvm.struct<(ptr<1>, ptr<1>, i64, array<2 x i64>, array<2 x i64>)>
    %208 = llvm.extractvalue %199[0] : !llvm.struct<(ptr<1>, ptr<1>, i64)> 
    %209 = llvm.extractvalue %199[1] : !llvm.struct<(ptr<1>, ptr<1>, i64)> 
    %210 = llvm.insertvalue %208, %207[0] : !llvm.struct<(ptr<1>, ptr<1>, i64, array<2 x i64>, array<2 x i64>)> 
    %211 = llvm.insertvalue %209, %210[1] : !llvm.struct<(ptr<1>, ptr<1>, i64, array<2 x i64>, array<2 x i64>)> 
    %212 = llvm.insertvalue %206, %211[2] : !llvm.struct<(ptr<1>, ptr<1>, i64, array<2 x i64>, array<2 x i64>)> 
    %213 = llvm.mlir.constant(4 : index) : i64
    %214 = llvm.insertvalue %213, %212[3, 0] : !llvm.struct<(ptr<1>, ptr<1>, i64, array<2 x i64>, array<2 x i64>)> 
    %215 = llvm.mlir.constant(1024 : index) : i64
    %216 = llvm.insertvalue %215, %214[4, 0] : !llvm.struct<(ptr<1>, ptr<1>, i64, array<2 x i64>, array<2 x i64>)> 
    %217 = llvm.mlir.constant(4 : index) : i64
    %218 = llvm.insertvalue %217, %216[3, 1] : !llvm.struct<(ptr<1>, ptr<1>, i64, array<2 x i64>, array<2 x i64>)> 
    %219 = llvm.mlir.constant(1 : index) : i64
    %220 = llvm.insertvalue %219, %218[4, 1] : !llvm.struct<(ptr<1>, ptr<1>, i64, array<2 x i64>, array<2 x i64>)> 
    llvm.br ^bb23(%arg2 : i64)
  ^bb23(%221: i64):  // 2 preds: ^bb22, ^bb27
    %222 = llvm.icmp "slt" %221, %arg14 : i64
    llvm.cond_br %222, ^bb24, ^bb28
  ^bb24:  // pred: ^bb23
    llvm.br ^bb25(%arg2 : i64)
  ^bb25(%223: i64):  // 2 preds: ^bb24, ^bb26
    %224 = llvm.icmp "slt" %223, %arg14 : i64
    llvm.cond_br %224, ^bb26, ^bb27
  ^bb26:  // pred: ^bb25
    %225 = llvm.extractvalue %176[1] : !llvm.struct<(ptr, ptr, i64, array<2 x i64>, array<2 x i64>)> 
    %226 = llvm.extractvalue %176[2] : !llvm.struct<(ptr, ptr, i64, array<2 x i64>, array<2 x i64>)> 
    %227 = llvm.getelementptr %225[%226] : (!llvm.ptr, i64) -> !llvm.ptr, f32
    %228 = llvm.mlir.constant(1024 : index) : i64
    %229 = llvm.mul %221, %228 overflow<nsw, nuw> : i64
    %230 = llvm.add %229, %223 overflow<nsw, nuw> : i64
    %231 = llvm.getelementptr inbounds|nuw %227[%230] : (!llvm.ptr, i64) -> !llvm.ptr, f32
    %232 = llvm.load %231 : !llvm.ptr -> f32
    %233 = llvm.extractvalue %192[1] : !llvm.struct<(ptr, ptr, i64, array<2 x i64>, array<2 x i64>)> 
    %234 = llvm.extractvalue %192[2] : !llvm.struct<(ptr, ptr, i64, array<2 x i64>, array<2 x i64>)> 
    %235 = llvm.getelementptr %233[%234] : (!llvm.ptr, i64) -> !llvm.ptr, f32
    %236 = llvm.mlir.constant(128 : index) : i64
    %237 = llvm.mul %221, %236 overflow<nsw, nuw> : i64
    %238 = llvm.add %237, %223 overflow<nsw, nuw> : i64
    %239 = llvm.getelementptr inbounds|nuw %235[%238] : (!llvm.ptr, i64) -> !llvm.ptr, f32
    %240 = llvm.load %239 : !llvm.ptr -> f32
    %241 = llvm.extractvalue %220[1] : !llvm.struct<(ptr<1>, ptr<1>, i64, array<2 x i64>, array<2 x i64>)> 
    %242 = llvm.extractvalue %220[2] : !llvm.struct<(ptr<1>, ptr<1>, i64, array<2 x i64>, array<2 x i64>)> 
    %243 = llvm.getelementptr %241[%242] : (!llvm.ptr<1>, i64) -> !llvm.ptr<1>, i32
    %244 = llvm.mlir.constant(1024 : index) : i64
    %245 = llvm.mul %221, %244 overflow<nsw, nuw> : i64
    %246 = llvm.add %245, %223 overflow<nsw, nuw> : i64
    %247 = llvm.getelementptr inbounds|nuw %243[%246] : (!llvm.ptr<1>, i64) -> !llvm.ptr<1>, i32
    %248 = llvm.load %247 : !llvm.ptr<1> -> i32
    %249 = llvm.extractvalue %140[1] : !llvm.struct<(ptr, ptr, i64)> 
    %250 = llvm.load %249 : !llvm.ptr -> f32
    %251 = llvm.add %144, %221 : i64
    %252 = llvm.add %146, %223 : i64
    %253 = llvm.add %252, %39 : i64
    %254 = llvm.sext %248 : i32 to i64
    %255 = llvm.extractvalue %33[1] : !llvm.struct<(ptr<1>, ptr<1>, i64, array<3 x i64>, array<3 x i64>)> 
    %256 = llvm.mlir.constant(1572864 : index) : i64
    %257 = llvm.mul %251, %256 overflow<nsw, nuw> : i64
    %258 = llvm.mlir.constant(1536 : index) : i64
    %259 = llvm.mul %253, %258 overflow<nsw, nuw> : i64
    %260 = llvm.add %257, %259 overflow<nsw, nuw> : i64
    %261 = llvm.add %260, %254 overflow<nsw, nuw> : i64
    %262 = llvm.getelementptr inbounds|nuw %255[%261] : (!llvm.ptr<1>, i64) -> !llvm.ptr<1>, f32
    %263 = llvm.load %262 : !llvm.ptr<1> -> f32
    %264 = llvm.call @__nv_logf(%232) : (f32) -> f32
    %265 = llvm.fadd %264, %240 : f32
    %266 = llvm.fsub %265, %263 : f32
    %267 = llvm.fadd %266, %250 : f32
    %268 = llvm.extractvalue %140[1] : !llvm.struct<(ptr, ptr, i64)> 
    llvm.store %267, %268 : f32, !llvm.ptr
    %269 = llvm.add %223, %arg3 : i64
    llvm.br ^bb25(%269 : i64)
  ^bb27:  // pred: ^bb25
    %270 = llvm.add %221, %arg3 : i64
    llvm.br ^bb23(%270 : i64)
  ^bb28:  // pred: ^bb23
    %271 = llvm.add %146, %arg14 : i64
    llvm.br ^bb21(%271 : i64)
  ^bb29:  // pred: ^bb21
    %272 = llvm.add %144, %arg14 : i64
    llvm.br ^bb19(%272 : i64)
  ^bb30:  // pred: ^bb19
    %273 = llvm.extractvalue %140[1] : !llvm.struct<(ptr, ptr, i64)> 
    %274 = llvm.load %273 : !llvm.ptr -> f32
    %275 = llvm.fdiv %274, %arg33 : f32
    %276 = llvm.extractvalue %3[1] : !llvm.struct<(ptr, ptr, i64)> 
    llvm.store %275, %276 : f32, !llvm.ptr
    llvm.return
  }
}

// -----// IR Dump After ArithToLLVMConversionPass (convert-arith-to-llvm) //----- //
gpu.module @main_kernel [#nvvm.target<O = 3, chip = "sm_86", features = "+ptx76", flags = {fast, ftz}>] {
  llvm.func @__nv_expf(f32) -> f32
  llvm.func @main_kernel(%arg0: i64, %arg1: !llvm.ptr, %arg2: !llvm.ptr, %arg3: i64, %arg4: i64, %arg5: i64, %arg6: i64, %arg7: i64, %arg8: f32, %arg9: i64, %arg10: i64, %arg11: i64, %arg12: !llvm.ptr<1>, %arg13: !llvm.ptr<1>, %arg14: i64, %arg15: i64, %arg16: i64, %arg17: i64, %arg18: i64, %arg19: i64, %arg20: i64, %arg21: i64, %arg22: i64, %arg23: f32) attributes {gpu.kernel, gpu.known_block_size = array<i32: 1, 1, 1>, gpu.known_grid_size = array<i32: 8, 1, 1>, nvvm.kernel, nvvm.maxntid = array<i32: 1, 1, 1>} {
    %0 = llvm.mlir.poison : !llvm.struct<(ptr<1>, ptr<1>, i64, array<3 x i64>, array<3 x i64>)>
    %1 = llvm.insertvalue %arg12, %0[0] : !llvm.struct<(ptr<1>, ptr<1>, i64, array<3 x i64>, array<3 x i64>)> 
    %2 = llvm.insertvalue %arg13, %1[1] : !llvm.struct<(ptr<1>, ptr<1>, i64, array<3 x i64>, array<3 x i64>)> 
    %3 = llvm.insertvalue %arg14, %2[2] : !llvm.struct<(ptr<1>, ptr<1>, i64, array<3 x i64>, array<3 x i64>)> 
    %4 = llvm.insertvalue %arg15, %3[3, 0] : !llvm.struct<(ptr<1>, ptr<1>, i64, array<3 x i64>, array<3 x i64>)> 
    %5 = llvm.insertvalue %arg18, %4[4, 0] : !llvm.struct<(ptr<1>, ptr<1>, i64, array<3 x i64>, array<3 x i64>)> 
    %6 = llvm.insertvalue %arg16, %5[3, 1] : !llvm.struct<(ptr<1>, ptr<1>, i64, array<3 x i64>, array<3 x i64>)> 
    %7 = llvm.insertvalue %arg19, %6[4, 1] : !llvm.struct<(ptr<1>, ptr<1>, i64, array<3 x i64>, array<3 x i64>)> 
    %8 = llvm.insertvalue %arg17, %7[3, 2] : !llvm.struct<(ptr<1>, ptr<1>, i64, array<3 x i64>, array<3 x i64>)> 
    %9 = llvm.insertvalue %arg20, %8[4, 2] : !llvm.struct<(ptr<1>, ptr<1>, i64, array<3 x i64>, array<3 x i64>)> 
    %10 = llvm.mlir.poison : !llvm.struct<(ptr, ptr, i64, array<2 x i64>, array<2 x i64>)>
    %11 = llvm.insertvalue %arg1, %10[0] : !llvm.struct<(ptr, ptr, i64, array<2 x i64>, array<2 x i64>)> 
    %12 = llvm.insertvalue %arg2, %11[1] : !llvm.struct<(ptr, ptr, i64, array<2 x i64>, array<2 x i64>)> 
    %13 = llvm.insertvalue %arg3, %12[2] : !llvm.struct<(ptr, ptr, i64, array<2 x i64>, array<2 x i64>)> 
    %14 = llvm.insertvalue %arg4, %13[3, 0] : !llvm.struct<(ptr, ptr, i64, array<2 x i64>, array<2 x i64>)> 
    %15 = llvm.insertvalue %arg6, %14[4, 0] : !llvm.struct<(ptr, ptr, i64, array<2 x i64>, array<2 x i64>)> 
    %16 = llvm.insertvalue %arg5, %15[3, 1] : !llvm.struct<(ptr, ptr, i64, array<2 x i64>, array<2 x i64>)> 
    %17 = llvm.insertvalue %arg7, %16[4, 1] : !llvm.struct<(ptr, ptr, i64, array<2 x i64>, array<2 x i64>)> 
    %18 = llvm.mlir.constant(1536 : index) : i64
    %19 = nvvm.read.ptx.sreg.ctaid.x range <i32, 0, 8> : i32
    %20 = llvm.sext %19 : i32 to i64
    %21 = llvm.mul %20, %arg0 overflow<nsw> : i64
    %22 = llvm.extractvalue %17[0] : !llvm.struct<(ptr, ptr, i64, array<2 x i64>, array<2 x i64>)> 
    %23 = llvm.extractvalue %17[1] : !llvm.struct<(ptr, ptr, i64, array<2 x i64>, array<2 x i64>)> 
    %24 = llvm.mlir.poison : !llvm.struct<(ptr, ptr, i64)>
    %25 = llvm.insertvalue %22, %24[0] : !llvm.struct<(ptr, ptr, i64)> 
    %26 = llvm.insertvalue %23, %25[1] : !llvm.struct<(ptr, ptr, i64)> 
    %27 = llvm.mlir.constant(0 : index) : i64
    %28 = llvm.insertvalue %27, %26[2] : !llvm.struct<(ptr, ptr, i64)> 
    %29 = llvm.extractvalue %17[2] : !llvm.struct<(ptr, ptr, i64, array<2 x i64>, array<2 x i64>)> 
    %30 = llvm.extractvalue %17[3, 0] : !llvm.struct<(ptr, ptr, i64, array<2 x i64>, array<2 x i64>)> 
    %31 = llvm.extractvalue %17[3, 1] : !llvm.struct<(ptr, ptr, i64, array<2 x i64>, array<2 x i64>)> 
    %32 = llvm.extractvalue %17[4, 0] : !llvm.struct<(ptr, ptr, i64, array<2 x i64>, array<2 x i64>)> 
    %33 = llvm.extractvalue %17[4, 1] : !llvm.struct<(ptr, ptr, i64, array<2 x i64>, array<2 x i64>)> 
    %34 = llvm.mlir.poison : !llvm.struct<(ptr, ptr, i64, array<2 x i64>, array<2 x i64>)>
    %35 = llvm.extractvalue %28[0] : !llvm.struct<(ptr, ptr, i64)> 
    %36 = llvm.extractvalue %28[1] : !llvm.struct<(ptr, ptr, i64)> 
    %37 = llvm.insertvalue %35, %34[0] : !llvm.struct<(ptr, ptr, i64, array<2 x i64>, array<2 x i64>)> 
    %38 = llvm.insertvalue %36, %37[1] : !llvm.struct<(ptr, ptr, i64, array<2 x i64>, array<2 x i64>)> 
    %39 = llvm.insertvalue %21, %38[2] : !llvm.struct<(ptr, ptr, i64, array<2 x i64>, array<2 x i64>)> 
    %40 = llvm.mlir.constant(8 : index) : i64
    %41 = llvm.insertvalue %40, %39[3, 0] : !llvm.struct<(ptr, ptr, i64, array<2 x i64>, array<2 x i64>)> 
    %42 = llvm.mlir.constant(1024 : index) : i64
    %43 = llvm.insertvalue %42, %41[4, 0] : !llvm.struct<(ptr, ptr, i64, array<2 x i64>, array<2 x i64>)> 
    %44 = llvm.mlir.constant(128 : index) : i64
    %45 = llvm.insertvalue %44, %43[3, 1] : !llvm.struct<(ptr, ptr, i64, array<2 x i64>, array<2 x i64>)> 
    %46 = llvm.mlir.constant(1 : index) : i64
    %47 = llvm.insertvalue %46, %45[4, 1] : !llvm.struct<(ptr, ptr, i64, array<2 x i64>, array<2 x i64>)> 
    %48 = llvm.mlir.constant(8 : index) : i64
    %49 = llvm.mlir.constant(128 : index) : i64
    %50 = llvm.mlir.constant(1 : index) : i64
    %51 = llvm.mlir.constant(1024 : index) : i64
    %52 = llvm.alloca %51 x f32 : (i64) -> !llvm.ptr
    %53 = llvm.mlir.poison : !llvm.struct<(ptr, ptr, i64, array<2 x i64>, array<2 x i64>)>
    %54 = llvm.insertvalue %52, %53[0] : !llvm.struct<(ptr, ptr, i64, array<2 x i64>, array<2 x i64>)> 
    %55 = llvm.insertvalue %52, %54[1] : !llvm.struct<(ptr, ptr, i64, array<2 x i64>, array<2 x i64>)> 
    %56 = llvm.mlir.constant(0 : index) : i64
    %57 = llvm.insertvalue %56, %55[2] : !llvm.struct<(ptr, ptr, i64, array<2 x i64>, array<2 x i64>)> 
    %58 = llvm.insertvalue %48, %57[3, 0] : !llvm.struct<(ptr, ptr, i64, array<2 x i64>, array<2 x i64>)> 
    %59 = llvm.insertvalue %49, %58[3, 1] : !llvm.struct<(ptr, ptr, i64, array<2 x i64>, array<2 x i64>)> 
    %60 = llvm.insertvalue %49, %59[4, 0] : !llvm.struct<(ptr, ptr, i64, array<2 x i64>, array<2 x i64>)> 
    %61 = llvm.insertvalue %50, %60[4, 1] : !llvm.struct<(ptr, ptr, i64, array<2 x i64>, array<2 x i64>)> 
    llvm.br ^bb1(%arg9 : i64)
  ^bb1(%62: i64):  // 2 preds: ^bb0, ^bb5
    %63 = llvm.icmp "slt" %62, %arg11 : i64
    llvm.cond_br %63, ^bb2, ^bb6
  ^bb2:  // pred: ^bb1
    llvm.br ^bb3(%arg9 : i64)
  ^bb3(%64: i64):  // 2 preds: ^bb2, ^bb4
    %65 = llvm.icmp "slt" %64, %arg0 : i64
    llvm.cond_br %65, ^bb4, ^bb5
  ^bb4:  // pred: ^bb3
    %66 = llvm.extractvalue %61[1] : !llvm.struct<(ptr, ptr, i64, array<2 x i64>, array<2 x i64>)> 
    %67 = llvm.mlir.constant(128 : index) : i64
    %68 = llvm.mul %62, %67 overflow<nsw, nuw> : i64
    %69 = llvm.add %68, %64 overflow<nsw, nuw> : i64
    %70 = llvm.getelementptr inbounds|nuw %66[%69] : (!llvm.ptr, i64) -> !llvm.ptr, f32
    llvm.store %arg8, %70 : f32, !llvm.ptr
    %71 = llvm.add %64, %arg10 : i64
    llvm.br ^bb3(%71 : i64)
  ^bb5:  // pred: ^bb3
    %72 = llvm.add %62, %arg10 : i64
    llvm.br ^bb1(%72 : i64)
  ^bb6:  // pred: ^bb1
    llvm.br ^bb7(%arg9 : i64)
  ^bb7(%73: i64):  // 2 preds: ^bb6, ^bb17
    %74 = llvm.icmp "slt" %73, %arg22 : i64
    llvm.cond_br %74, ^bb8, ^bb18
  ^bb8:  // pred: ^bb7
    %75 = llvm.extractvalue %9[0] : !llvm.struct<(ptr<1>, ptr<1>, i64, array<3 x i64>, array<3 x i64>)> 
    %76 = llvm.extractvalue %9[1] : !llvm.struct<(ptr<1>, ptr<1>, i64, array<3 x i64>, array<3 x i64>)> 
    %77 = llvm.mlir.poison : !llvm.struct<(ptr<1>, ptr<1>, i64)>
    %78 = llvm.insertvalue %75, %77[0] : !llvm.struct<(ptr<1>, ptr<1>, i64)> 
    %79 = llvm.insertvalue %76, %78[1] : !llvm.struct<(ptr<1>, ptr<1>, i64)> 
    %80 = llvm.mlir.constant(0 : index) : i64
    %81 = llvm.insertvalue %80, %79[2] : !llvm.struct<(ptr<1>, ptr<1>, i64)> 
    %82 = llvm.extractvalue %9[2] : !llvm.struct<(ptr<1>, ptr<1>, i64, array<3 x i64>, array<3 x i64>)> 
    %83 = llvm.extractvalue %9[3, 0] : !llvm.struct<(ptr<1>, ptr<1>, i64, array<3 x i64>, array<3 x i64>)> 
    %84 = llvm.extractvalue %9[3, 1] : !llvm.struct<(ptr<1>, ptr<1>, i64, array<3 x i64>, array<3 x i64>)> 
    %85 = llvm.extractvalue %9[3, 2] : !llvm.struct<(ptr<1>, ptr<1>, i64, array<3 x i64>, array<3 x i64>)> 
    %86 = llvm.extractvalue %9[4, 0] : !llvm.struct<(ptr<1>, ptr<1>, i64, array<3 x i64>, array<3 x i64>)> 
    %87 = llvm.extractvalue %9[4, 1] : !llvm.struct<(ptr<1>, ptr<1>, i64, array<3 x i64>, array<3 x i64>)> 
    %88 = llvm.extractvalue %9[4, 2] : !llvm.struct<(ptr<1>, ptr<1>, i64, array<3 x i64>, array<3 x i64>)> 
    %89 = llvm.mul %21, %18 overflow<nsw> : i64
    %90 = llvm.add %89, %73 : i64
    %91 = llvm.mlir.poison : !llvm.struct<(ptr<1>, ptr<1>, i64, array<3 x i64>, array<3 x i64>)>
    %92 = llvm.extractvalue %81[0] : !llvm.struct<(ptr<1>, ptr<1>, i64)> 
    %93 = llvm.extractvalue %81[1] : !llvm.struct<(ptr<1>, ptr<1>, i64)> 
    %94 = llvm.insertvalue %92, %91[0] : !llvm.struct<(ptr<1>, ptr<1>, i64, array<3 x i64>, array<3 x i64>)> 
    %95 = llvm.insertvalue %93, %94[1] : !llvm.struct<(ptr<1>, ptr<1>, i64, array<3 x i64>, array<3 x i64>)> 
    %96 = llvm.insertvalue %90, %95[2] : !llvm.struct<(ptr<1>, ptr<1>, i64, array<3 x i64>, array<3 x i64>)> 
    %97 = llvm.mlir.constant(8 : index) : i64
    %98 = llvm.insertvalue %97, %96[3, 0] : !llvm.struct<(ptr<1>, ptr<1>, i64, array<3 x i64>, array<3 x i64>)> 
    %99 = llvm.mlir.constant(1572864 : index) : i64
    %100 = llvm.insertvalue %99, %98[4, 0] : !llvm.struct<(ptr<1>, ptr<1>, i64, array<3 x i64>, array<3 x i64>)> 
    %101 = llvm.mlir.constant(128 : index) : i64
    %102 = llvm.insertvalue %101, %100[3, 1] : !llvm.struct<(ptr<1>, ptr<1>, i64, array<3 x i64>, array<3 x i64>)> 
    %103 = llvm.mlir.constant(1536 : index) : i64
    %104 = llvm.insertvalue %103, %102[4, 1] : !llvm.struct<(ptr<1>, ptr<1>, i64, array<3 x i64>, array<3 x i64>)> 
    %105 = llvm.mlir.constant(4 : index) : i64
    %106 = llvm.insertvalue %105, %104[3, 2] : !llvm.struct<(ptr<1>, ptr<1>, i64, array<3 x i64>, array<3 x i64>)> 
    %107 = llvm.mlir.constant(1 : index) : i64
    %108 = llvm.insertvalue %107, %106[4, 2] : !llvm.struct<(ptr<1>, ptr<1>, i64, array<3 x i64>, array<3 x i64>)> 
    llvm.br ^bb9(%arg9 : i64)
  ^bb9(%109: i64):  // 2 preds: ^bb8, ^bb16
    %110 = llvm.icmp "slt" %109, %arg11 : i64
    llvm.cond_br %110, ^bb10, ^bb17
  ^bb10:  // pred: ^bb9
    llvm.br ^bb11(%arg9 : i64)
  ^bb11(%111: i64):  // 2 preds: ^bb10, ^bb15
    %112 = llvm.icmp "slt" %111, %arg0 : i64
    llvm.cond_br %112, ^bb12, ^bb16
  ^bb12:  // pred: ^bb11
    llvm.br ^bb13(%arg9 : i64)
  ^bb13(%113: i64):  // 2 preds: ^bb12, ^bb14
    %114 = llvm.icmp "slt" %113, %arg21 : i64
    llvm.cond_br %114, ^bb14, ^bb15
  ^bb14:  // pred: ^bb13
    %115 = llvm.extractvalue %108[1] : !llvm.struct<(ptr<1>, ptr<1>, i64, array<3 x i64>, array<3 x i64>)> 
    %116 = llvm.extractvalue %108[2] : !llvm.struct<(ptr<1>, ptr<1>, i64, array<3 x i64>, array<3 x i64>)> 
    %117 = llvm.getelementptr %115[%116] : (!llvm.ptr<1>, i64) -> !llvm.ptr<1>, f32
    %118 = llvm.mlir.constant(1572864 : index) : i64
    %119 = llvm.mul %109, %118 overflow<nsw, nuw> : i64
    %120 = llvm.mlir.constant(1536 : index) : i64
    %121 = llvm.mul %111, %120 overflow<nsw, nuw> : i64
    %122 = llvm.add %119, %121 overflow<nsw, nuw> : i64
    %123 = llvm.add %122, %113 overflow<nsw, nuw> : i64
    %124 = llvm.getelementptr inbounds|nuw %117[%123] : (!llvm.ptr<1>, i64) -> !llvm.ptr<1>, f32
    %125 = llvm.load %124 : !llvm.ptr<1> -> f32
    %126 = llvm.extractvalue %61[1] : !llvm.struct<(ptr, ptr, i64, array<2 x i64>, array<2 x i64>)> 
    %127 = llvm.mlir.constant(128 : index) : i64
    %128 = llvm.mul %109, %127 overflow<nsw, nuw> : i64
    %129 = llvm.add %128, %111 overflow<nsw, nuw> : i64
    %130 = llvm.getelementptr inbounds|nuw %126[%129] : (!llvm.ptr, i64) -> !llvm.ptr, f32
    %131 = llvm.load %130 : !llvm.ptr -> f32
    %132 = llvm.intr.maximum(%125, %131) : (f32, f32) -> f32
    %133 = llvm.extractvalue %61[1] : !llvm.struct<(ptr, ptr, i64, array<2 x i64>, array<2 x i64>)> 
    %134 = llvm.mlir.constant(128 : index) : i64
    %135 = llvm.mul %109, %134 overflow<nsw, nuw> : i64
    %136 = llvm.add %135, %111 overflow<nsw, nuw> : i64
    %137 = llvm.getelementptr inbounds|nuw %133[%136] : (!llvm.ptr, i64) -> !llvm.ptr, f32
    llvm.store %132, %137 : f32, !llvm.ptr
    %138 = llvm.add %113, %arg10 : i64
    llvm.br ^bb13(%138 : i64)
  ^bb15:  // pred: ^bb13
    %139 = llvm.add %111, %arg10 : i64
    llvm.br ^bb11(%139 : i64)
  ^bb16:  // pred: ^bb11
    %140 = llvm.add %109, %arg10 : i64
    llvm.br ^bb9(%140 : i64)
  ^bb17:  // pred: ^bb9
    %141 = llvm.add %73, %arg21 : i64
    llvm.br ^bb7(%141 : i64)
  ^bb18:  // pred: ^bb7
    llvm.br ^bb19(%arg9 : i64)
  ^bb19(%142: i64):  // 2 preds: ^bb18, ^bb23
    %143 = llvm.icmp "slt" %142, %arg11 : i64
    llvm.cond_br %143, ^bb20, ^bb24
  ^bb20:  // pred: ^bb19
    llvm.br ^bb21(%arg9 : i64)
  ^bb21(%144: i64):  // 2 preds: ^bb20, ^bb22
    %145 = llvm.icmp "slt" %144, %arg0 : i64
    llvm.cond_br %145, ^bb22, ^bb23
  ^bb22:  // pred: ^bb21
    %146 = llvm.extractvalue %47[1] : !llvm.struct<(ptr, ptr, i64, array<2 x i64>, array<2 x i64>)> 
    %147 = llvm.extractvalue %47[2] : !llvm.struct<(ptr, ptr, i64, array<2 x i64>, array<2 x i64>)> 
    %148 = llvm.getelementptr %146[%147] : (!llvm.ptr, i64) -> !llvm.ptr, f32
    %149 = llvm.mlir.constant(1024 : index) : i64
    %150 = llvm.mul %142, %149 overflow<nsw, nuw> : i64
    %151 = llvm.add %150, %144 overflow<nsw, nuw> : i64
    %152 = llvm.getelementptr inbounds|nuw %148[%151] : (!llvm.ptr, i64) -> !llvm.ptr, f32
    llvm.store %arg23, %152 : f32, !llvm.ptr
    %153 = llvm.add %144, %arg10 : i64
    llvm.br ^bb21(%153 : i64)
  ^bb23:  // pred: ^bb21
    %154 = llvm.add %142, %arg10 : i64
    llvm.br ^bb19(%154 : i64)
  ^bb24:  // pred: ^bb19
    llvm.br ^bb25(%arg9 : i64)
  ^bb25(%155: i64):  // 2 preds: ^bb24, ^bb35
    %156 = llvm.icmp "slt" %155, %arg22 : i64
    llvm.cond_br %156, ^bb26, ^bb36
  ^bb26:  // pred: ^bb25
    %157 = llvm.extractvalue %9[0] : !llvm.struct<(ptr<1>, ptr<1>, i64, array<3 x i64>, array<3 x i64>)> 
    %158 = llvm.extractvalue %9[1] : !llvm.struct<(ptr<1>, ptr<1>, i64, array<3 x i64>, array<3 x i64>)> 
    %159 = llvm.mlir.poison : !llvm.struct<(ptr<1>, ptr<1>, i64)>
    %160 = llvm.insertvalue %157, %159[0] : !llvm.struct<(ptr<1>, ptr<1>, i64)> 
    %161 = llvm.insertvalue %158, %160[1] : !llvm.struct<(ptr<1>, ptr<1>, i64)> 
    %162 = llvm.mlir.constant(0 : index) : i64
    %163 = llvm.insertvalue %162, %161[2] : !llvm.struct<(ptr<1>, ptr<1>, i64)> 
    %164 = llvm.extractvalue %9[2] : !llvm.struct<(ptr<1>, ptr<1>, i64, array<3 x i64>, array<3 x i64>)> 
    %165 = llvm.extractvalue %9[3, 0] : !llvm.struct<(ptr<1>, ptr<1>, i64, array<3 x i64>, array<3 x i64>)> 
    %166 = llvm.extractvalue %9[3, 1] : !llvm.struct<(ptr<1>, ptr<1>, i64, array<3 x i64>, array<3 x i64>)> 
    %167 = llvm.extractvalue %9[3, 2] : !llvm.struct<(ptr<1>, ptr<1>, i64, array<3 x i64>, array<3 x i64>)> 
    %168 = llvm.extractvalue %9[4, 0] : !llvm.struct<(ptr<1>, ptr<1>, i64, array<3 x i64>, array<3 x i64>)> 
    %169 = llvm.extractvalue %9[4, 1] : !llvm.struct<(ptr<1>, ptr<1>, i64, array<3 x i64>, array<3 x i64>)> 
    %170 = llvm.extractvalue %9[4, 2] : !llvm.struct<(ptr<1>, ptr<1>, i64, array<3 x i64>, array<3 x i64>)> 
    %171 = llvm.mul %21, %18 overflow<nsw> : i64
    %172 = llvm.add %171, %155 : i64
    %173 = llvm.mlir.poison : !llvm.struct<(ptr<1>, ptr<1>, i64, array<3 x i64>, array<3 x i64>)>
    %174 = llvm.extractvalue %163[0] : !llvm.struct<(ptr<1>, ptr<1>, i64)> 
    %175 = llvm.extractvalue %163[1] : !llvm.struct<(ptr<1>, ptr<1>, i64)> 
    %176 = llvm.insertvalue %174, %173[0] : !llvm.struct<(ptr<1>, ptr<1>, i64, array<3 x i64>, array<3 x i64>)> 
    %177 = llvm.insertvalue %175, %176[1] : !llvm.struct<(ptr<1>, ptr<1>, i64, array<3 x i64>, array<3 x i64>)> 
    %178 = llvm.insertvalue %172, %177[2] : !llvm.struct<(ptr<1>, ptr<1>, i64, array<3 x i64>, array<3 x i64>)> 
    %179 = llvm.mlir.constant(8 : index) : i64
    %180 = llvm.insertvalue %179, %178[3, 0] : !llvm.struct<(ptr<1>, ptr<1>, i64, array<3 x i64>, array<3 x i64>)> 
    %181 = llvm.mlir.constant(1572864 : index) : i64
    %182 = llvm.insertvalue %181, %180[4, 0] : !llvm.struct<(ptr<1>, ptr<1>, i64, array<3 x i64>, array<3 x i64>)> 
    %183 = llvm.mlir.constant(128 : index) : i64
    %184 = llvm.insertvalue %183, %182[3, 1] : !llvm.struct<(ptr<1>, ptr<1>, i64, array<3 x i64>, array<3 x i64>)> 
    %185 = llvm.mlir.constant(1536 : index) : i64
    %186 = llvm.insertvalue %185, %184[4, 1] : !llvm.struct<(ptr<1>, ptr<1>, i64, array<3 x i64>, array<3 x i64>)> 
    %187 = llvm.mlir.constant(4 : index) : i64
    %188 = llvm.insertvalue %187, %186[3, 2] : !llvm.struct<(ptr<1>, ptr<1>, i64, array<3 x i64>, array<3 x i64>)> 
    %189 = llvm.mlir.constant(1 : index) : i64
    %190 = llvm.insertvalue %189, %188[4, 2] : !llvm.struct<(ptr<1>, ptr<1>, i64, array<3 x i64>, array<3 x i64>)> 
    llvm.br ^bb27(%arg9 : i64)
  ^bb27(%191: i64):  // 2 preds: ^bb26, ^bb34
    %192 = llvm.icmp "slt" %191, %arg11 : i64
    llvm.cond_br %192, ^bb28, ^bb35
  ^bb28:  // pred: ^bb27
    llvm.br ^bb29(%arg9 : i64)
  ^bb29(%193: i64):  // 2 preds: ^bb28, ^bb33
    %194 = llvm.icmp "slt" %193, %arg0 : i64
    llvm.cond_br %194, ^bb30, ^bb34
  ^bb30:  // pred: ^bb29
    llvm.br ^bb31(%arg9 : i64)
  ^bb31(%195: i64):  // 2 preds: ^bb30, ^bb32
    %196 = llvm.icmp "slt" %195, %arg21 : i64
    llvm.cond_br %196, ^bb32, ^bb33
  ^bb32:  // pred: ^bb31
    %197 = llvm.extractvalue %190[1] : !llvm.struct<(ptr<1>, ptr<1>, i64, array<3 x i64>, array<3 x i64>)> 
    %198 = llvm.extractvalue %190[2] : !llvm.struct<(ptr<1>, ptr<1>, i64, array<3 x i64>, array<3 x i64>)> 
    %199 = llvm.getelementptr %197[%198] : (!llvm.ptr<1>, i64) -> !llvm.ptr<1>, f32
    %200 = llvm.mlir.constant(1572864 : index) : i64
    %201 = llvm.mul %191, %200 overflow<nsw, nuw> : i64
    %202 = llvm.mlir.constant(1536 : index) : i64
    %203 = llvm.mul %193, %202 overflow<nsw, nuw> : i64
    %204 = llvm.add %201, %203 overflow<nsw, nuw> : i64
    %205 = llvm.add %204, %195 overflow<nsw, nuw> : i64
    %206 = llvm.getelementptr inbounds|nuw %199[%205] : (!llvm.ptr<1>, i64) -> !llvm.ptr<1>, f32
    %207 = llvm.load %206 : !llvm.ptr<1> -> f32
    %208 = llvm.extractvalue %61[1] : !llvm.struct<(ptr, ptr, i64, array<2 x i64>, array<2 x i64>)> 
    %209 = llvm.mlir.constant(128 : index) : i64
    %210 = llvm.mul %191, %209 overflow<nsw, nuw> : i64
    %211 = llvm.add %210, %193 overflow<nsw, nuw> : i64
    %212 = llvm.getelementptr inbounds|nuw %208[%211] : (!llvm.ptr, i64) -> !llvm.ptr, f32
    %213 = llvm.load %212 : !llvm.ptr -> f32
    %214 = llvm.extractvalue %47[1] : !llvm.struct<(ptr, ptr, i64, array<2 x i64>, array<2 x i64>)> 
    %215 = llvm.extractvalue %47[2] : !llvm.struct<(ptr, ptr, i64, array<2 x i64>, array<2 x i64>)> 
    %216 = llvm.getelementptr %214[%215] : (!llvm.ptr, i64) -> !llvm.ptr, f32
    %217 = llvm.mlir.constant(1024 : index) : i64
    %218 = llvm.mul %191, %217 overflow<nsw, nuw> : i64
    %219 = llvm.add %218, %193 overflow<nsw, nuw> : i64
    %220 = llvm.getelementptr inbounds|nuw %216[%219] : (!llvm.ptr, i64) -> !llvm.ptr, f32
    %221 = llvm.load %220 : !llvm.ptr -> f32
    %222 = llvm.fsub %207, %213 : f32
    %223 = llvm.call @__nv_expf(%222) : (f32) -> f32
    %224 = llvm.fadd %223, %221 : f32
    %225 = llvm.extractvalue %47[1] : !llvm.struct<(ptr, ptr, i64, array<2 x i64>, array<2 x i64>)> 
    %226 = llvm.extractvalue %47[2] : !llvm.struct<(ptr, ptr, i64, array<2 x i64>, array<2 x i64>)> 
    %227 = llvm.getelementptr %225[%226] : (!llvm.ptr, i64) -> !llvm.ptr, f32
    %228 = llvm.mlir.constant(1024 : index) : i64
    %229 = llvm.mul %191, %228 overflow<nsw, nuw> : i64
    %230 = llvm.add %229, %193 overflow<nsw, nuw> : i64
    %231 = llvm.getelementptr inbounds|nuw %227[%230] : (!llvm.ptr, i64) -> !llvm.ptr, f32
    llvm.store %224, %231 : f32, !llvm.ptr
    %232 = llvm.add %195, %arg10 : i64
    llvm.br ^bb31(%232 : i64)
  ^bb33:  // pred: ^bb31
    %233 = llvm.add %193, %arg10 : i64
    llvm.br ^bb29(%233 : i64)
  ^bb34:  // pred: ^bb29
    %234 = llvm.add %191, %arg10 : i64
    llvm.br ^bb27(%234 : i64)
  ^bb35:  // pred: ^bb27
    %235 = llvm.add %155, %arg21 : i64
    llvm.br ^bb25(%235 : i64)
  ^bb36:  // pred: ^bb25
    llvm.return
  }
}

// -----// IR Dump After ConvertIndexToLLVMPass (convert-index-to-llvm) //----- //
gpu.module @main_kernel_0 [#nvvm.target<O = 3, chip = "sm_86", features = "+ptx76", flags = {fast, ftz}>] {
  llvm.func @__nv_fmaxf(f32, f32) -> f32
  llvm.func @__nv_logf(f32) -> f32
  llvm.func @main_kernel(%arg0: i64, %arg1: f32, %arg2: i64, %arg3: i64, %arg4: i64, %arg5: !llvm.ptr<1>, %arg6: !llvm.ptr<1>, %arg7: i64, %arg8: i64, %arg9: i64, %arg10: i64, %arg11: i64, %arg12: i64, %arg13: i64, %arg14: i64, %arg15: i64, %arg16: !llvm.ptr, %arg17: !llvm.ptr, %arg18: i64, %arg19: !llvm.ptr, %arg20: !llvm.ptr, %arg21: i64, %arg22: i64, %arg23: i64, %arg24: i64, %arg25: i64, %arg26: !llvm.ptr<1>, %arg27: !llvm.ptr<1>, %arg28: i64, %arg29: i64, %arg30: i64, %arg31: i64, %arg32: i64, %arg33: f32, %arg34: !llvm.ptr, %arg35: !llvm.ptr, %arg36: i64) attributes {gpu.kernel, gpu.known_block_size = array<i32: 1, 1, 1>, gpu.known_grid_size = array<i32: 8, 1, 1>, nvvm.kernel, nvvm.maxntid = array<i32: 1, 1, 1>} {
    %0 = llvm.mlir.poison : !llvm.struct<(ptr, ptr, i64)>
    %1 = llvm.insertvalue %arg34, %0[0] : !llvm.struct<(ptr, ptr, i64)> 
    %2 = llvm.insertvalue %arg35, %1[1] : !llvm.struct<(ptr, ptr, i64)> 
    %3 = llvm.insertvalue %arg36, %2[2] : !llvm.struct<(ptr, ptr, i64)> 
    %4 = llvm.mlir.poison : !llvm.struct<(ptr<1>, ptr<1>, i64, array<2 x i64>, array<2 x i64>)>
    %5 = llvm.insertvalue %arg26, %4[0] : !llvm.struct<(ptr<1>, ptr<1>, i64, array<2 x i64>, array<2 x i64>)> 
    %6 = llvm.insertvalue %arg27, %5[1] : !llvm.struct<(ptr<1>, ptr<1>, i64, array<2 x i64>, array<2 x i64>)> 
    %7 = llvm.insertvalue %arg28, %6[2] : !llvm.struct<(ptr<1>, ptr<1>, i64, array<2 x i64>, array<2 x i64>)> 
    %8 = llvm.insertvalue %arg29, %7[3, 0] : !llvm.struct<(ptr<1>, ptr<1>, i64, array<2 x i64>, array<2 x i64>)> 
    %9 = llvm.insertvalue %arg31, %8[4, 0] : !llvm.struct<(ptr<1>, ptr<1>, i64, array<2 x i64>, array<2 x i64>)> 
    %10 = llvm.insertvalue %arg30, %9[3, 1] : !llvm.struct<(ptr<1>, ptr<1>, i64, array<2 x i64>, array<2 x i64>)> 
    %11 = llvm.insertvalue %arg32, %10[4, 1] : !llvm.struct<(ptr<1>, ptr<1>, i64, array<2 x i64>, array<2 x i64>)> 
    %12 = llvm.mlir.poison : !llvm.struct<(ptr, ptr, i64, array<2 x i64>, array<2 x i64>)>
    %13 = llvm.insertvalue %arg19, %12[0] : !llvm.struct<(ptr, ptr, i64, array<2 x i64>, array<2 x i64>)> 
    %14 = llvm.insertvalue %arg20, %13[1] : !llvm.struct<(ptr, ptr, i64, array<2 x i64>, array<2 x i64>)> 
    %15 = llvm.insertvalue %arg21, %14[2] : !llvm.struct<(ptr, ptr, i64, array<2 x i64>, array<2 x i64>)> 
    %16 = llvm.insertvalue %arg22, %15[3, 0] : !llvm.struct<(ptr, ptr, i64, array<2 x i64>, array<2 x i64>)> 
    %17 = llvm.insertvalue %arg24, %16[4, 0] : !llvm.struct<(ptr, ptr, i64, array<2 x i64>, array<2 x i64>)> 
    %18 = llvm.insertvalue %arg23, %17[3, 1] : !llvm.struct<(ptr, ptr, i64, array<2 x i64>, array<2 x i64>)> 
    %19 = llvm.insertvalue %arg25, %18[4, 1] : !llvm.struct<(ptr, ptr, i64, array<2 x i64>, array<2 x i64>)> 
    %20 = llvm.mlir.poison : !llvm.struct<(ptr, ptr, i64)>
    %21 = llvm.insertvalue %arg16, %20[0] : !llvm.struct<(ptr, ptr, i64)> 
    %22 = llvm.insertvalue %arg17, %21[1] : !llvm.struct<(ptr, ptr, i64)> 
    %23 = llvm.insertvalue %arg18, %22[2] : !llvm.struct<(ptr, ptr, i64)> 
    %24 = llvm.mlir.poison : !llvm.struct<(ptr<1>, ptr<1>, i64, array<3 x i64>, array<3 x i64>)>
    %25 = llvm.insertvalue %arg5, %24[0] : !llvm.struct<(ptr<1>, ptr<1>, i64, array<3 x i64>, array<3 x i64>)> 
    %26 = llvm.insertvalue %arg6, %25[1] : !llvm.struct<(ptr<1>, ptr<1>, i64, array<3 x i64>, array<3 x i64>)> 
    %27 = llvm.insertvalue %arg7, %26[2] : !llvm.struct<(ptr<1>, ptr<1>, i64, array<3 x i64>, array<3 x i64>)> 
    %28 = llvm.insertvalue %arg8, %27[3, 0] : !llvm.struct<(ptr<1>, ptr<1>, i64, array<3 x i64>, array<3 x i64>)> 
    %29 = llvm.insertvalue %arg11, %28[4, 0] : !llvm.struct<(ptr<1>, ptr<1>, i64, array<3 x i64>, array<3 x i64>)> 
    %30 = llvm.insertvalue %arg9, %29[3, 1] : !llvm.struct<(ptr<1>, ptr<1>, i64, array<3 x i64>, array<3 x i64>)> 
    %31 = llvm.insertvalue %arg12, %30[4, 1] : !llvm.struct<(ptr<1>, ptr<1>, i64, array<3 x i64>, array<3 x i64>)> 
    %32 = llvm.insertvalue %arg10, %31[3, 2] : !llvm.struct<(ptr<1>, ptr<1>, i64, array<3 x i64>, array<3 x i64>)> 
    %33 = llvm.insertvalue %arg13, %32[4, 2] : !llvm.struct<(ptr<1>, ptr<1>, i64, array<3 x i64>, array<3 x i64>)> 
    %34 = llvm.mlir.constant(128 : index) : i64
    %35 = llvm.mlir.constant(1024 : index) : i64
    %36 = llvm.mlir.constant(1536 : index) : i64
    %37 = nvvm.read.ptx.sreg.ctaid.x range <i32, 0, 8> : i32
    %38 = llvm.sext %37 : i32 to i64
    %39 = llvm.mul %38, %arg0 overflow<nsw> : i64
    %40 = llvm.mlir.constant(8 : index) : i64
    %41 = llvm.mlir.constant(128 : index) : i64
    %42 = llvm.mlir.constant(1 : index) : i64
    %43 = llvm.mlir.constant(1024 : index) : i64
    %44 = llvm.alloca %43 x f32 : (i64) -> !llvm.ptr
    %45 = llvm.mlir.poison : !llvm.struct<(ptr, ptr, i64, array<2 x i64>, array<2 x i64>)>
    %46 = llvm.insertvalue %44, %45[0] : !llvm.struct<(ptr, ptr, i64, array<2 x i64>, array<2 x i64>)> 
    %47 = llvm.insertvalue %44, %46[1] : !llvm.struct<(ptr, ptr, i64, array<2 x i64>, array<2 x i64>)> 
    %48 = llvm.mlir.constant(0 : index) : i64
    %49 = llvm.insertvalue %48, %47[2] : !llvm.struct<(ptr, ptr, i64, array<2 x i64>, array<2 x i64>)> 
    %50 = llvm.insertvalue %40, %49[3, 0] : !llvm.struct<(ptr, ptr, i64, array<2 x i64>, array<2 x i64>)> 
    %51 = llvm.insertvalue %41, %50[3, 1] : !llvm.struct<(ptr, ptr, i64, array<2 x i64>, array<2 x i64>)> 
    %52 = llvm.insertvalue %41, %51[4, 0] : !llvm.struct<(ptr, ptr, i64, array<2 x i64>, array<2 x i64>)> 
    %53 = llvm.insertvalue %42, %52[4, 1] : !llvm.struct<(ptr, ptr, i64, array<2 x i64>, array<2 x i64>)> 
    llvm.br ^bb1(%arg2 : i64)
  ^bb1(%54: i64):  // 2 preds: ^bb0, ^bb5
    %55 = llvm.icmp "slt" %54, %arg4 : i64
    llvm.cond_br %55, ^bb2, ^bb6
  ^bb2:  // pred: ^bb1
    llvm.br ^bb3(%arg2 : i64)
  ^bb3(%56: i64):  // 2 preds: ^bb2, ^bb4
    %57 = llvm.icmp "slt" %56, %arg0 : i64
    llvm.cond_br %57, ^bb4, ^bb5
  ^bb4:  // pred: ^bb3
    %58 = llvm.extractvalue %53[1] : !llvm.struct<(ptr, ptr, i64, array<2 x i64>, array<2 x i64>)> 
    %59 = llvm.mlir.constant(128 : index) : i64
    %60 = llvm.mul %54, %59 overflow<nsw, nuw> : i64
    %61 = llvm.add %60, %56 overflow<nsw, nuw> : i64
    %62 = llvm.getelementptr inbounds|nuw %58[%61] : (!llvm.ptr, i64) -> !llvm.ptr, f32
    llvm.store %arg1, %62 : f32, !llvm.ptr
    %63 = llvm.add %56, %arg3 : i64
    llvm.br ^bb3(%63 : i64)
  ^bb5:  // pred: ^bb3
    %64 = llvm.add %54, %arg3 : i64
    llvm.br ^bb1(%64 : i64)
  ^bb6:  // pred: ^bb1
    llvm.br ^bb7(%arg2 : i64)
  ^bb7(%65: i64):  // 2 preds: ^bb6, ^bb17
    %66 = llvm.icmp "slt" %65, %arg15 : i64
    llvm.cond_br %66, ^bb8, ^bb18
  ^bb8:  // pred: ^bb7
    %67 = llvm.extractvalue %33[0] : !llvm.struct<(ptr<1>, ptr<1>, i64, array<3 x i64>, array<3 x i64>)> 
    %68 = llvm.extractvalue %33[1] : !llvm.struct<(ptr<1>, ptr<1>, i64, array<3 x i64>, array<3 x i64>)> 
    %69 = llvm.mlir.poison : !llvm.struct<(ptr<1>, ptr<1>, i64)>
    %70 = llvm.insertvalue %67, %69[0] : !llvm.struct<(ptr<1>, ptr<1>, i64)> 
    %71 = llvm.insertvalue %68, %70[1] : !llvm.struct<(ptr<1>, ptr<1>, i64)> 
    %72 = llvm.mlir.constant(0 : index) : i64
    %73 = llvm.insertvalue %72, %71[2] : !llvm.struct<(ptr<1>, ptr<1>, i64)> 
    %74 = llvm.extractvalue %33[2] : !llvm.struct<(ptr<1>, ptr<1>, i64, array<3 x i64>, array<3 x i64>)> 
    %75 = llvm.extractvalue %33[3, 0] : !llvm.struct<(ptr<1>, ptr<1>, i64, array<3 x i64>, array<3 x i64>)> 
    %76 = llvm.extractvalue %33[3, 1] : !llvm.struct<(ptr<1>, ptr<1>, i64, array<3 x i64>, array<3 x i64>)> 
    %77 = llvm.extractvalue %33[3, 2] : !llvm.struct<(ptr<1>, ptr<1>, i64, array<3 x i64>, array<3 x i64>)> 
    %78 = llvm.extractvalue %33[4, 0] : !llvm.struct<(ptr<1>, ptr<1>, i64, array<3 x i64>, array<3 x i64>)> 
    %79 = llvm.extractvalue %33[4, 1] : !llvm.struct<(ptr<1>, ptr<1>, i64, array<3 x i64>, array<3 x i64>)> 
    %80 = llvm.extractvalue %33[4, 2] : !llvm.struct<(ptr<1>, ptr<1>, i64, array<3 x i64>, array<3 x i64>)> 
    %81 = llvm.mul %39, %36 overflow<nsw> : i64
    %82 = llvm.add %81, %65 : i64
    %83 = llvm.mlir.poison : !llvm.struct<(ptr<1>, ptr<1>, i64, array<3 x i64>, array<3 x i64>)>
    %84 = llvm.extractvalue %73[0] : !llvm.struct<(ptr<1>, ptr<1>, i64)> 
    %85 = llvm.extractvalue %73[1] : !llvm.struct<(ptr<1>, ptr<1>, i64)> 
    %86 = llvm.insertvalue %84, %83[0] : !llvm.struct<(ptr<1>, ptr<1>, i64, array<3 x i64>, array<3 x i64>)> 
    %87 = llvm.insertvalue %85, %86[1] : !llvm.struct<(ptr<1>, ptr<1>, i64, array<3 x i64>, array<3 x i64>)> 
    %88 = llvm.insertvalue %82, %87[2] : !llvm.struct<(ptr<1>, ptr<1>, i64, array<3 x i64>, array<3 x i64>)> 
    %89 = llvm.mlir.constant(8 : index) : i64
    %90 = llvm.insertvalue %89, %88[3, 0] : !llvm.struct<(ptr<1>, ptr<1>, i64, array<3 x i64>, array<3 x i64>)> 
    %91 = llvm.mlir.constant(1572864 : index) : i64
    %92 = llvm.insertvalue %91, %90[4, 0] : !llvm.struct<(ptr<1>, ptr<1>, i64, array<3 x i64>, array<3 x i64>)> 
    %93 = llvm.mlir.constant(128 : index) : i64
    %94 = llvm.insertvalue %93, %92[3, 1] : !llvm.struct<(ptr<1>, ptr<1>, i64, array<3 x i64>, array<3 x i64>)> 
    %95 = llvm.mlir.constant(1536 : index) : i64
    %96 = llvm.insertvalue %95, %94[4, 1] : !llvm.struct<(ptr<1>, ptr<1>, i64, array<3 x i64>, array<3 x i64>)> 
    %97 = llvm.mlir.constant(4 : index) : i64
    %98 = llvm.insertvalue %97, %96[3, 2] : !llvm.struct<(ptr<1>, ptr<1>, i64, array<3 x i64>, array<3 x i64>)> 
    %99 = llvm.mlir.constant(1 : index) : i64
    %100 = llvm.insertvalue %99, %98[4, 2] : !llvm.struct<(ptr<1>, ptr<1>, i64, array<3 x i64>, array<3 x i64>)> 
    llvm.br ^bb9(%arg2 : i64)
  ^bb9(%101: i64):  // 2 preds: ^bb8, ^bb16
    %102 = llvm.icmp "slt" %101, %arg4 : i64
    llvm.cond_br %102, ^bb10, ^bb17
  ^bb10:  // pred: ^bb9
    llvm.br ^bb11(%arg2 : i64)
  ^bb11(%103: i64):  // 2 preds: ^bb10, ^bb15
    %104 = llvm.icmp "slt" %103, %arg0 : i64
    llvm.cond_br %104, ^bb12, ^bb16
  ^bb12:  // pred: ^bb11
    llvm.br ^bb13(%arg2 : i64)
  ^bb13(%105: i64):  // 2 preds: ^bb12, ^bb14
    %106 = llvm.icmp "slt" %105, %arg14 : i64
    llvm.cond_br %106, ^bb14, ^bb15
  ^bb14:  // pred: ^bb13
    %107 = llvm.extractvalue %100[1] : !llvm.struct<(ptr<1>, ptr<1>, i64, array<3 x i64>, array<3 x i64>)> 
    %108 = llvm.extractvalue %100[2] : !llvm.struct<(ptr<1>, ptr<1>, i64, array<3 x i64>, array<3 x i64>)> 
    %109 = llvm.getelementptr %107[%108] : (!llvm.ptr<1>, i64) -> !llvm.ptr<1>, f32
    %110 = llvm.mlir.constant(1572864 : index) : i64
    %111 = llvm.mul %101, %110 overflow<nsw, nuw> : i64
    %112 = llvm.mlir.constant(1536 : index) : i64
    %113 = llvm.mul %103, %112 overflow<nsw, nuw> : i64
    %114 = llvm.add %111, %113 overflow<nsw, nuw> : i64
    %115 = llvm.add %114, %105 overflow<nsw, nuw> : i64
    %116 = llvm.getelementptr inbounds|nuw %109[%115] : (!llvm.ptr<1>, i64) -> !llvm.ptr<1>, f32
    %117 = llvm.load %116 : !llvm.ptr<1> -> f32
    %118 = llvm.extractvalue %53[1] : !llvm.struct<(ptr, ptr, i64, array<2 x i64>, array<2 x i64>)> 
    %119 = llvm.mlir.constant(128 : index) : i64
    %120 = llvm.mul %101, %119 overflow<nsw, nuw> : i64
    %121 = llvm.add %120, %103 overflow<nsw, nuw> : i64
    %122 = llvm.getelementptr inbounds|nuw %118[%121] : (!llvm.ptr, i64) -> !llvm.ptr, f32
    %123 = llvm.load %122 : !llvm.ptr -> f32
    %124 = llvm.call @__nv_fmaxf(%117, %123) : (f32, f32) -> f32
    %125 = llvm.extractvalue %53[1] : !llvm.struct<(ptr, ptr, i64, array<2 x i64>, array<2 x i64>)> 
    %126 = llvm.mlir.constant(128 : index) : i64
    %127 = llvm.mul %101, %126 overflow<nsw, nuw> : i64
    %128 = llvm.add %127, %103 overflow<nsw, nuw> : i64
    %129 = llvm.getelementptr inbounds|nuw %125[%128] : (!llvm.ptr, i64) -> !llvm.ptr, f32
    llvm.store %124, %129 : f32, !llvm.ptr
    %130 = llvm.add %105, %arg3 : i64
    llvm.br ^bb13(%130 : i64)
  ^bb15:  // pred: ^bb13
    %131 = llvm.add %103, %arg3 : i64
    llvm.br ^bb11(%131 : i64)
  ^bb16:  // pred: ^bb11
    %132 = llvm.add %101, %arg3 : i64
    llvm.br ^bb9(%132 : i64)
  ^bb17:  // pred: ^bb9
    %133 = llvm.add %65, %arg14 : i64
    llvm.br ^bb7(%133 : i64)
  ^bb18:  // pred: ^bb7
    %134 = llvm.mlir.constant(1 : index) : i64
    %135 = llvm.alloca %134 x f32 : (i64) -> !llvm.ptr
    %136 = llvm.mlir.poison : !llvm.struct<(ptr, ptr, i64)>
    %137 = llvm.insertvalue %135, %136[0] : !llvm.struct<(ptr, ptr, i64)> 
    %138 = llvm.insertvalue %135, %137[1] : !llvm.struct<(ptr, ptr, i64)> 
    %139 = llvm.mlir.constant(0 : index) : i64
    %140 = llvm.insertvalue %139, %138[2] : !llvm.struct<(ptr, ptr, i64)> 
    %141 = llvm.extractvalue %23[1] : !llvm.struct<(ptr, ptr, i64)> 
    %142 = llvm.load %141 : !llvm.ptr -> f32
    %143 = llvm.extractvalue %140[1] : !llvm.struct<(ptr, ptr, i64)> 
    llvm.store %142, %143 : f32, !llvm.ptr
    llvm.br ^bb19(%arg2 : i64)
  ^bb19(%144: i64):  // 2 preds: ^bb18, ^bb29
    %145 = llvm.icmp "slt" %144, %arg4 : i64
    llvm.cond_br %145, ^bb20, ^bb30
  ^bb20:  // pred: ^bb19
    llvm.br ^bb21(%arg2 : i64)
  ^bb21(%146: i64):  // 2 preds: ^bb20, ^bb28
    %147 = llvm.icmp "slt" %146, %arg0 : i64
    llvm.cond_br %147, ^bb22, ^bb29
  ^bb22:  // pred: ^bb21
    %148 = llvm.add %146, %39 : i64
    %149 = llvm.extractvalue %19[0] : !llvm.struct<(ptr, ptr, i64, array<2 x i64>, array<2 x i64>)> 
    %150 = llvm.extractvalue %19[1] : !llvm.struct<(ptr, ptr, i64, array<2 x i64>, array<2 x i64>)> 
    %151 = llvm.mlir.poison : !llvm.struct<(ptr, ptr, i64)>
    %152 = llvm.insertvalue %149, %151[0] : !llvm.struct<(ptr, ptr, i64)> 
    %153 = llvm.insertvalue %150, %152[1] : !llvm.struct<(ptr, ptr, i64)> 
    %154 = llvm.mlir.constant(0 : index) : i64
    %155 = llvm.insertvalue %154, %153[2] : !llvm.struct<(ptr, ptr, i64)> 
    %156 = llvm.extractvalue %19[2] : !llvm.struct<(ptr, ptr, i64, array<2 x i64>, array<2 x i64>)> 
    %157 = llvm.extractvalue %19[3, 0] : !llvm.struct<(ptr, ptr, i64, array<2 x i64>, array<2 x i64>)> 
    %158 = llvm.extractvalue %19[3, 1] : !llvm.struct<(ptr, ptr, i64, array<2 x i64>, array<2 x i64>)> 
    %159 = llvm.extractvalue %19[4, 0] : !llvm.struct<(ptr, ptr, i64, array<2 x i64>, array<2 x i64>)> 
    %160 = llvm.extractvalue %19[4, 1] : !llvm.struct<(ptr, ptr, i64, array<2 x i64>, array<2 x i64>)> 
    %161 = llvm.mul %144, %35 overflow<nsw> : i64
    %162 = llvm.add %161, %148 : i64
    %163 = llvm.mlir.poison : !llvm.struct<(ptr, ptr, i64, array<2 x i64>, array<2 x i64>)>
    %164 = llvm.extractvalue %155[0] : !llvm.struct<(ptr, ptr, i64)> 
    %165 = llvm.extractvalue %155[1] : !llvm.struct<(ptr, ptr, i64)> 
    %166 = llvm.insertvalue %164, %163[0] : !llvm.struct<(ptr, ptr, i64, array<2 x i64>, array<2 x i64>)> 
    %167 = llvm.insertvalue %165, %166[1] : !llvm.struct<(ptr, ptr, i64, array<2 x i64>, array<2 x i64>)> 
    %168 = llvm.insertvalue %162, %167[2] : !llvm.struct<(ptr, ptr, i64, array<2 x i64>, array<2 x i64>)> 
    %169 = llvm.mlir.constant(4 : index) : i64
    %170 = llvm.insertvalue %169, %168[3, 0] : !llvm.struct<(ptr, ptr, i64, array<2 x i64>, array<2 x i64>)> 
    %171 = llvm.mlir.constant(1024 : index) : i64
    %172 = llvm.insertvalue %171, %170[4, 0] : !llvm.struct<(ptr, ptr, i64, array<2 x i64>, array<2 x i64>)> 
    %173 = llvm.mlir.constant(4 : index) : i64
    %174 = llvm.insertvalue %173, %172[3, 1] : !llvm.struct<(ptr, ptr, i64, array<2 x i64>, array<2 x i64>)> 
    %175 = llvm.mlir.constant(1 : index) : i64
    %176 = llvm.insertvalue %175, %174[4, 1] : !llvm.struct<(ptr, ptr, i64, array<2 x i64>, array<2 x i64>)> 
    %177 = llvm.mul %144, %34 overflow<nsw> : i64
    %178 = llvm.add %177, %146 : i64
    %179 = llvm.mlir.poison : !llvm.struct<(ptr, ptr, i64, array<2 x i64>, array<2 x i64>)>
    %180 = llvm.extractvalue %53[0] : !llvm.struct<(ptr, ptr, i64, array<2 x i64>, array<2 x i64>)> 
    %181 = llvm.extractvalue %53[1] : !llvm.struct<(ptr, ptr, i64, array<2 x i64>, array<2 x i64>)> 
    %182 = llvm.insertvalue %180, %179[0] : !llvm.struct<(ptr, ptr, i64, array<2 x i64>, array<2 x i64>)> 
    %183 = llvm.insertvalue %181, %182[1] : !llvm.struct<(ptr, ptr, i64, array<2 x i64>, array<2 x i64>)> 
    %184 = llvm.insertvalue %178, %183[2] : !llvm.struct<(ptr, ptr, i64, array<2 x i64>, array<2 x i64>)> 
    %185 = llvm.mlir.constant(4 : index) : i64
    %186 = llvm.insertvalue %185, %184[3, 0] : !llvm.struct<(ptr, ptr, i64, array<2 x i64>, array<2 x i64>)> 
    %187 = llvm.mlir.constant(128 : index) : i64
    %188 = llvm.insertvalue %187, %186[4, 0] : !llvm.struct<(ptr, ptr, i64, array<2 x i64>, array<2 x i64>)> 
    %189 = llvm.mlir.constant(4 : index) : i64
    %190 = llvm.insertvalue %189, %188[3, 1] : !llvm.struct<(ptr, ptr, i64, array<2 x i64>, array<2 x i64>)> 
    %191 = llvm.mlir.constant(1 : index) : i64
    %192 = llvm.insertvalue %191, %190[4, 1] : !llvm.struct<(ptr, ptr, i64, array<2 x i64>, array<2 x i64>)> 
    %193 = llvm.extractvalue %11[0] : !llvm.struct<(ptr<1>, ptr<1>, i64, array<2 x i64>, array<2 x i64>)> 
    %194 = llvm.extractvalue %11[1] : !llvm.struct<(ptr<1>, ptr<1>, i64, array<2 x i64>, array<2 x i64>)> 
    %195 = llvm.mlir.poison : !llvm.struct<(ptr<1>, ptr<1>, i64)>
    %196 = llvm.insertvalue %193, %195[0] : !llvm.struct<(ptr<1>, ptr<1>, i64)> 
    %197 = llvm.insertvalue %194, %196[1] : !llvm.struct<(ptr<1>, ptr<1>, i64)> 
    %198 = llvm.mlir.constant(0 : index) : i64
    %199 = llvm.insertvalue %198, %197[2] : !llvm.struct<(ptr<1>, ptr<1>, i64)> 
    %200 = llvm.extractvalue %11[2] : !llvm.struct<(ptr<1>, ptr<1>, i64, array<2 x i64>, array<2 x i64>)> 
    %201 = llvm.extractvalue %11[3, 0] : !llvm.struct<(ptr<1>, ptr<1>, i64, array<2 x i64>, array<2 x i64>)> 
    %202 = llvm.extractvalue %11[3, 1] : !llvm.struct<(ptr<1>, ptr<1>, i64, array<2 x i64>, array<2 x i64>)> 
    %203 = llvm.extractvalue %11[4, 0] : !llvm.struct<(ptr<1>, ptr<1>, i64, array<2 x i64>, array<2 x i64>)> 
    %204 = llvm.extractvalue %11[4, 1] : !llvm.struct<(ptr<1>, ptr<1>, i64, array<2 x i64>, array<2 x i64>)> 
    %205 = llvm.mul %144, %35 overflow<nsw> : i64
    %206 = llvm.add %205, %148 : i64
    %207 = llvm.mlir.poison : !llvm.struct<(ptr<1>, ptr<1>, i64, array<2 x i64>, array<2 x i64>)>
    %208 = llvm.extractvalue %199[0] : !llvm.struct<(ptr<1>, ptr<1>, i64)> 
    %209 = llvm.extractvalue %199[1] : !llvm.struct<(ptr<1>, ptr<1>, i64)> 
    %210 = llvm.insertvalue %208, %207[0] : !llvm.struct<(ptr<1>, ptr<1>, i64, array<2 x i64>, array<2 x i64>)> 
    %211 = llvm.insertvalue %209, %210[1] : !llvm.struct<(ptr<1>, ptr<1>, i64, array<2 x i64>, array<2 x i64>)> 
    %212 = llvm.insertvalue %206, %211[2] : !llvm.struct<(ptr<1>, ptr<1>, i64, array<2 x i64>, array<2 x i64>)> 
    %213 = llvm.mlir.constant(4 : index) : i64
    %214 = llvm.insertvalue %213, %212[3, 0] : !llvm.struct<(ptr<1>, ptr<1>, i64, array<2 x i64>, array<2 x i64>)> 
    %215 = llvm.mlir.constant(1024 : index) : i64
    %216 = llvm.insertvalue %215, %214[4, 0] : !llvm.struct<(ptr<1>, ptr<1>, i64, array<2 x i64>, array<2 x i64>)> 
    %217 = llvm.mlir.constant(4 : index) : i64
    %218 = llvm.insertvalue %217, %216[3, 1] : !llvm.struct<(ptr<1>, ptr<1>, i64, array<2 x i64>, array<2 x i64>)> 
    %219 = llvm.mlir.constant(1 : index) : i64
    %220 = llvm.insertvalue %219, %218[4, 1] : !llvm.struct<(ptr<1>, ptr<1>, i64, array<2 x i64>, array<2 x i64>)> 
    llvm.br ^bb23(%arg2 : i64)
  ^bb23(%221: i64):  // 2 preds: ^bb22, ^bb27
    %222 = llvm.icmp "slt" %221, %arg14 : i64
    llvm.cond_br %222, ^bb24, ^bb28
  ^bb24:  // pred: ^bb23
    llvm.br ^bb25(%arg2 : i64)
  ^bb25(%223: i64):  // 2 preds: ^bb24, ^bb26
    %224 = llvm.icmp "slt" %223, %arg14 : i64
    llvm.cond_br %224, ^bb26, ^bb27
  ^bb26:  // pred: ^bb25
    %225 = llvm.extractvalue %176[1] : !llvm.struct<(ptr, ptr, i64, array<2 x i64>, array<2 x i64>)> 
    %226 = llvm.extractvalue %176[2] : !llvm.struct<(ptr, ptr, i64, array<2 x i64>, array<2 x i64>)> 
    %227 = llvm.getelementptr %225[%226] : (!llvm.ptr, i64) -> !llvm.ptr, f32
    %228 = llvm.mlir.constant(1024 : index) : i64
    %229 = llvm.mul %221, %228 overflow<nsw, nuw> : i64
    %230 = llvm.add %229, %223 overflow<nsw, nuw> : i64
    %231 = llvm.getelementptr inbounds|nuw %227[%230] : (!llvm.ptr, i64) -> !llvm.ptr, f32
    %232 = llvm.load %231 : !llvm.ptr -> f32
    %233 = llvm.extractvalue %192[1] : !llvm.struct<(ptr, ptr, i64, array<2 x i64>, array<2 x i64>)> 
    %234 = llvm.extractvalue %192[2] : !llvm.struct<(ptr, ptr, i64, array<2 x i64>, array<2 x i64>)> 
    %235 = llvm.getelementptr %233[%234] : (!llvm.ptr, i64) -> !llvm.ptr, f32
    %236 = llvm.mlir.constant(128 : index) : i64
    %237 = llvm.mul %221, %236 overflow<nsw, nuw> : i64
    %238 = llvm.add %237, %223 overflow<nsw, nuw> : i64
    %239 = llvm.getelementptr inbounds|nuw %235[%238] : (!llvm.ptr, i64) -> !llvm.ptr, f32
    %240 = llvm.load %239 : !llvm.ptr -> f32
    %241 = llvm.extractvalue %220[1] : !llvm.struct<(ptr<1>, ptr<1>, i64, array<2 x i64>, array<2 x i64>)> 
    %242 = llvm.extractvalue %220[2] : !llvm.struct<(ptr<1>, ptr<1>, i64, array<2 x i64>, array<2 x i64>)> 
    %243 = llvm.getelementptr %241[%242] : (!llvm.ptr<1>, i64) -> !llvm.ptr<1>, i32
    %244 = llvm.mlir.constant(1024 : index) : i64
    %245 = llvm.mul %221, %244 overflow<nsw, nuw> : i64
    %246 = llvm.add %245, %223 overflow<nsw, nuw> : i64
    %247 = llvm.getelementptr inbounds|nuw %243[%246] : (!llvm.ptr<1>, i64) -> !llvm.ptr<1>, i32
    %248 = llvm.load %247 : !llvm.ptr<1> -> i32
    %249 = llvm.extractvalue %140[1] : !llvm.struct<(ptr, ptr, i64)> 
    %250 = llvm.load %249 : !llvm.ptr -> f32
    %251 = llvm.add %144, %221 : i64
    %252 = llvm.add %146, %223 : i64
    %253 = llvm.add %252, %39 : i64
    %254 = llvm.sext %248 : i32 to i64
    %255 = llvm.extractvalue %33[1] : !llvm.struct<(ptr<1>, ptr<1>, i64, array<3 x i64>, array<3 x i64>)> 
    %256 = llvm.mlir.constant(1572864 : index) : i64
    %257 = llvm.mul %251, %256 overflow<nsw, nuw> : i64
    %258 = llvm.mlir.constant(1536 : index) : i64
    %259 = llvm.mul %253, %258 overflow<nsw, nuw> : i64
    %260 = llvm.add %257, %259 overflow<nsw, nuw> : i64
    %261 = llvm.add %260, %254 overflow<nsw, nuw> : i64
    %262 = llvm.getelementptr inbounds|nuw %255[%261] : (!llvm.ptr<1>, i64) -> !llvm.ptr<1>, f32
    %263 = llvm.load %262 : !llvm.ptr<1> -> f32
    %264 = llvm.call @__nv_logf(%232) : (f32) -> f32
    %265 = llvm.fadd %264, %240 : f32
    %266 = llvm.fsub %265, %263 : f32
    %267 = llvm.fadd %266, %250 : f32
    %268 = llvm.extractvalue %140[1] : !llvm.struct<(ptr, ptr, i64)> 
    llvm.store %267, %268 : f32, !llvm.ptr
    %269 = llvm.add %223, %arg3 : i64
    llvm.br ^bb25(%269 : i64)
  ^bb27:  // pred: ^bb25
    %270 = llvm.add %221, %arg3 : i64
    llvm.br ^bb23(%270 : i64)
  ^bb28:  // pred: ^bb23
    %271 = llvm.add %146, %arg14 : i64
    llvm.br ^bb21(%271 : i64)
  ^bb29:  // pred: ^bb21
    %272 = llvm.add %144, %arg14 : i64
    llvm.br ^bb19(%272 : i64)
  ^bb30:  // pred: ^bb19
    %273 = llvm.extractvalue %140[1] : !llvm.struct<(ptr, ptr, i64)> 
    %274 = llvm.load %273 : !llvm.ptr -> f32
    %275 = llvm.fdiv %274, %arg33 : f32
    %276 = llvm.extractvalue %3[1] : !llvm.struct<(ptr, ptr, i64)> 
    llvm.store %275, %276 : f32, !llvm.ptr
    llvm.return
  }
}

// -----// IR Dump After ConvertMathToLLVMPass (convert-math-to-llvm) //----- //
gpu.module @main_kernel [#nvvm.target<O = 3, chip = "sm_86", features = "+ptx76", flags = {fast, ftz}>] {
  llvm.func @__nv_expf(f32) -> f32
  llvm.func @main_kernel(%arg0: i64, %arg1: !llvm.ptr, %arg2: !llvm.ptr, %arg3: i64, %arg4: i64, %arg5: i64, %arg6: i64, %arg7: i64, %arg8: f32, %arg9: i64, %arg10: i64, %arg11: i64, %arg12: !llvm.ptr<1>, %arg13: !llvm.ptr<1>, %arg14: i64, %arg15: i64, %arg16: i64, %arg17: i64, %arg18: i64, %arg19: i64, %arg20: i64, %arg21: i64, %arg22: i64, %arg23: f32) attributes {gpu.kernel, gpu.known_block_size = array<i32: 1, 1, 1>, gpu.known_grid_size = array<i32: 8, 1, 1>, nvvm.kernel, nvvm.maxntid = array<i32: 1, 1, 1>} {
    %0 = llvm.mlir.poison : !llvm.struct<(ptr<1>, ptr<1>, i64, array<3 x i64>, array<3 x i64>)>
    %1 = llvm.insertvalue %arg12, %0[0] : !llvm.struct<(ptr<1>, ptr<1>, i64, array<3 x i64>, array<3 x i64>)> 
    %2 = llvm.insertvalue %arg13, %1[1] : !llvm.struct<(ptr<1>, ptr<1>, i64, array<3 x i64>, array<3 x i64>)> 
    %3 = llvm.insertvalue %arg14, %2[2] : !llvm.struct<(ptr<1>, ptr<1>, i64, array<3 x i64>, array<3 x i64>)> 
    %4 = llvm.insertvalue %arg15, %3[3, 0] : !llvm.struct<(ptr<1>, ptr<1>, i64, array<3 x i64>, array<3 x i64>)> 
    %5 = llvm.insertvalue %arg18, %4[4, 0] : !llvm.struct<(ptr<1>, ptr<1>, i64, array<3 x i64>, array<3 x i64>)> 
    %6 = llvm.insertvalue %arg16, %5[3, 1] : !llvm.struct<(ptr<1>, ptr<1>, i64, array<3 x i64>, array<3 x i64>)> 
    %7 = llvm.insertvalue %arg19, %6[4, 1] : !llvm.struct<(ptr<1>, ptr<1>, i64, array<3 x i64>, array<3 x i64>)> 
    %8 = llvm.insertvalue %arg17, %7[3, 2] : !llvm.struct<(ptr<1>, ptr<1>, i64, array<3 x i64>, array<3 x i64>)> 
    %9 = llvm.insertvalue %arg20, %8[4, 2] : !llvm.struct<(ptr<1>, ptr<1>, i64, array<3 x i64>, array<3 x i64>)> 
    %10 = llvm.mlir.poison : !llvm.struct<(ptr, ptr, i64, array<2 x i64>, array<2 x i64>)>
    %11 = llvm.insertvalue %arg1, %10[0] : !llvm.struct<(ptr, ptr, i64, array<2 x i64>, array<2 x i64>)> 
    %12 = llvm.insertvalue %arg2, %11[1] : !llvm.struct<(ptr, ptr, i64, array<2 x i64>, array<2 x i64>)> 
    %13 = llvm.insertvalue %arg3, %12[2] : !llvm.struct<(ptr, ptr, i64, array<2 x i64>, array<2 x i64>)> 
    %14 = llvm.insertvalue %arg4, %13[3, 0] : !llvm.struct<(ptr, ptr, i64, array<2 x i64>, array<2 x i64>)> 
    %15 = llvm.insertvalue %arg6, %14[4, 0] : !llvm.struct<(ptr, ptr, i64, array<2 x i64>, array<2 x i64>)> 
    %16 = llvm.insertvalue %arg5, %15[3, 1] : !llvm.struct<(ptr, ptr, i64, array<2 x i64>, array<2 x i64>)> 
    %17 = llvm.insertvalue %arg7, %16[4, 1] : !llvm.struct<(ptr, ptr, i64, array<2 x i64>, array<2 x i64>)> 
    %18 = llvm.mlir.constant(1536 : index) : i64
    %19 = nvvm.read.ptx.sreg.ctaid.x range <i32, 0, 8> : i32
    %20 = llvm.sext %19 : i32 to i64
    %21 = llvm.mul %20, %arg0 overflow<nsw> : i64
    %22 = llvm.extractvalue %17[0] : !llvm.struct<(ptr, ptr, i64, array<2 x i64>, array<2 x i64>)> 
    %23 = llvm.extractvalue %17[1] : !llvm.struct<(ptr, ptr, i64, array<2 x i64>, array<2 x i64>)> 
    %24 = llvm.mlir.poison : !llvm.struct<(ptr, ptr, i64)>
    %25 = llvm.insertvalue %22, %24[0] : !llvm.struct<(ptr, ptr, i64)> 
    %26 = llvm.insertvalue %23, %25[1] : !llvm.struct<(ptr, ptr, i64)> 
    %27 = llvm.mlir.constant(0 : index) : i64
    %28 = llvm.insertvalue %27, %26[2] : !llvm.struct<(ptr, ptr, i64)> 
    %29 = llvm.extractvalue %17[2] : !llvm.struct<(ptr, ptr, i64, array<2 x i64>, array<2 x i64>)> 
    %30 = llvm.extractvalue %17[3, 0] : !llvm.struct<(ptr, ptr, i64, array<2 x i64>, array<2 x i64>)> 
    %31 = llvm.extractvalue %17[3, 1] : !llvm.struct<(ptr, ptr, i64, array<2 x i64>, array<2 x i64>)> 
    %32 = llvm.extractvalue %17[4, 0] : !llvm.struct<(ptr, ptr, i64, array<2 x i64>, array<2 x i64>)> 
    %33 = llvm.extractvalue %17[4, 1] : !llvm.struct<(ptr, ptr, i64, array<2 x i64>, array<2 x i64>)> 
    %34 = llvm.mlir.poison : !llvm.struct<(ptr, ptr, i64, array<2 x i64>, array<2 x i64>)>
    %35 = llvm.extractvalue %28[0] : !llvm.struct<(ptr, ptr, i64)> 
    %36 = llvm.extractvalue %28[1] : !llvm.struct<(ptr, ptr, i64)> 
    %37 = llvm.insertvalue %35, %34[0] : !llvm.struct<(ptr, ptr, i64, array<2 x i64>, array<2 x i64>)> 
    %38 = llvm.insertvalue %36, %37[1] : !llvm.struct<(ptr, ptr, i64, array<2 x i64>, array<2 x i64>)> 
    %39 = llvm.insertvalue %21, %38[2] : !llvm.struct<(ptr, ptr, i64, array<2 x i64>, array<2 x i64>)> 
    %40 = llvm.mlir.constant(8 : index) : i64
    %41 = llvm.insertvalue %40, %39[3, 0] : !llvm.struct<(ptr, ptr, i64, array<2 x i64>, array<2 x i64>)> 
    %42 = llvm.mlir.constant(1024 : index) : i64
    %43 = llvm.insertvalue %42, %41[4, 0] : !llvm.struct<(ptr, ptr, i64, array<2 x i64>, array<2 x i64>)> 
    %44 = llvm.mlir.constant(128 : index) : i64
    %45 = llvm.insertvalue %44, %43[3, 1] : !llvm.struct<(ptr, ptr, i64, array<2 x i64>, array<2 x i64>)> 
    %46 = llvm.mlir.constant(1 : index) : i64
    %47 = llvm.insertvalue %46, %45[4, 1] : !llvm.struct<(ptr, ptr, i64, array<2 x i64>, array<2 x i64>)> 
    %48 = llvm.mlir.constant(8 : index) : i64
    %49 = llvm.mlir.constant(128 : index) : i64
    %50 = llvm.mlir.constant(1 : index) : i64
    %51 = llvm.mlir.constant(1024 : index) : i64
    %52 = llvm.alloca %51 x f32 : (i64) -> !llvm.ptr
    %53 = llvm.mlir.poison : !llvm.struct<(ptr, ptr, i64, array<2 x i64>, array<2 x i64>)>
    %54 = llvm.insertvalue %52, %53[0] : !llvm.struct<(ptr, ptr, i64, array<2 x i64>, array<2 x i64>)> 
    %55 = llvm.insertvalue %52, %54[1] : !llvm.struct<(ptr, ptr, i64, array<2 x i64>, array<2 x i64>)> 
    %56 = llvm.mlir.constant(0 : index) : i64
    %57 = llvm.insertvalue %56, %55[2] : !llvm.struct<(ptr, ptr, i64, array<2 x i64>, array<2 x i64>)> 
    %58 = llvm.insertvalue %48, %57[3, 0] : !llvm.struct<(ptr, ptr, i64, array<2 x i64>, array<2 x i64>)> 
    %59 = llvm.insertvalue %49, %58[3, 1] : !llvm.struct<(ptr, ptr, i64, array<2 x i64>, array<2 x i64>)> 
    %60 = llvm.insertvalue %49, %59[4, 0] : !llvm.struct<(ptr, ptr, i64, array<2 x i64>, array<2 x i64>)> 
    %61 = llvm.insertvalue %50, %60[4, 1] : !llvm.struct<(ptr, ptr, i64, array<2 x i64>, array<2 x i64>)> 
    llvm.br ^bb1(%arg9 : i64)
  ^bb1(%62: i64):  // 2 preds: ^bb0, ^bb5
    %63 = llvm.icmp "slt" %62, %arg11 : i64
    llvm.cond_br %63, ^bb2, ^bb6
  ^bb2:  // pred: ^bb1
    llvm.br ^bb3(%arg9 : i64)
  ^bb3(%64: i64):  // 2 preds: ^bb2, ^bb4
    %65 = llvm.icmp "slt" %64, %arg0 : i64
    llvm.cond_br %65, ^bb4, ^bb5
  ^bb4:  // pred: ^bb3
    %66 = llvm.extractvalue %61[1] : !llvm.struct<(ptr, ptr, i64, array<2 x i64>, array<2 x i64>)> 
    %67 = llvm.mlir.constant(128 : index) : i64
    %68 = llvm.mul %62, %67 overflow<nsw, nuw> : i64
    %69 = llvm.add %68, %64 overflow<nsw, nuw> : i64
    %70 = llvm.getelementptr inbounds|nuw %66[%69] : (!llvm.ptr, i64) -> !llvm.ptr, f32
    llvm.store %arg8, %70 : f32, !llvm.ptr
    %71 = llvm.add %64, %arg10 : i64
    llvm.br ^bb3(%71 : i64)
  ^bb5:  // pred: ^bb3
    %72 = llvm.add %62, %arg10 : i64
    llvm.br ^bb1(%72 : i64)
  ^bb6:  // pred: ^bb1
    llvm.br ^bb7(%arg9 : i64)
  ^bb7(%73: i64):  // 2 preds: ^bb6, ^bb17
    %74 = llvm.icmp "slt" %73, %arg22 : i64
    llvm.cond_br %74, ^bb8, ^bb18
  ^bb8:  // pred: ^bb7
    %75 = llvm.extractvalue %9[0] : !llvm.struct<(ptr<1>, ptr<1>, i64, array<3 x i64>, array<3 x i64>)> 
    %76 = llvm.extractvalue %9[1] : !llvm.struct<(ptr<1>, ptr<1>, i64, array<3 x i64>, array<3 x i64>)> 
    %77 = llvm.mlir.poison : !llvm.struct<(ptr<1>, ptr<1>, i64)>
    %78 = llvm.insertvalue %75, %77[0] : !llvm.struct<(ptr<1>, ptr<1>, i64)> 
    %79 = llvm.insertvalue %76, %78[1] : !llvm.struct<(ptr<1>, ptr<1>, i64)> 
    %80 = llvm.mlir.constant(0 : index) : i64
    %81 = llvm.insertvalue %80, %79[2] : !llvm.struct<(ptr<1>, ptr<1>, i64)> 
    %82 = llvm.extractvalue %9[2] : !llvm.struct<(ptr<1>, ptr<1>, i64, array<3 x i64>, array<3 x i64>)> 
    %83 = llvm.extractvalue %9[3, 0] : !llvm.struct<(ptr<1>, ptr<1>, i64, array<3 x i64>, array<3 x i64>)> 
    %84 = llvm.extractvalue %9[3, 1] : !llvm.struct<(ptr<1>, ptr<1>, i64, array<3 x i64>, array<3 x i64>)> 
    %85 = llvm.extractvalue %9[3, 2] : !llvm.struct<(ptr<1>, ptr<1>, i64, array<3 x i64>, array<3 x i64>)> 
    %86 = llvm.extractvalue %9[4, 0] : !llvm.struct<(ptr<1>, ptr<1>, i64, array<3 x i64>, array<3 x i64>)> 
    %87 = llvm.extractvalue %9[4, 1] : !llvm.struct<(ptr<1>, ptr<1>, i64, array<3 x i64>, array<3 x i64>)> 
    %88 = llvm.extractvalue %9[4, 2] : !llvm.struct<(ptr<1>, ptr<1>, i64, array<3 x i64>, array<3 x i64>)> 
    %89 = llvm.mul %21, %18 overflow<nsw> : i64
    %90 = llvm.add %89, %73 : i64
    %91 = llvm.mlir.poison : !llvm.struct<(ptr<1>, ptr<1>, i64, array<3 x i64>, array<3 x i64>)>
    %92 = llvm.extractvalue %81[0] : !llvm.struct<(ptr<1>, ptr<1>, i64)> 
    %93 = llvm.extractvalue %81[1] : !llvm.struct<(ptr<1>, ptr<1>, i64)> 
    %94 = llvm.insertvalue %92, %91[0] : !llvm.struct<(ptr<1>, ptr<1>, i64, array<3 x i64>, array<3 x i64>)> 
    %95 = llvm.insertvalue %93, %94[1] : !llvm.struct<(ptr<1>, ptr<1>, i64, array<3 x i64>, array<3 x i64>)> 
    %96 = llvm.insertvalue %90, %95[2] : !llvm.struct<(ptr<1>, ptr<1>, i64, array<3 x i64>, array<3 x i64>)> 
    %97 = llvm.mlir.constant(8 : index) : i64
    %98 = llvm.insertvalue %97, %96[3, 0] : !llvm.struct<(ptr<1>, ptr<1>, i64, array<3 x i64>, array<3 x i64>)> 
    %99 = llvm.mlir.constant(1572864 : index) : i64
    %100 = llvm.insertvalue %99, %98[4, 0] : !llvm.struct<(ptr<1>, ptr<1>, i64, array<3 x i64>, array<3 x i64>)> 
    %101 = llvm.mlir.constant(128 : index) : i64
    %102 = llvm.insertvalue %101, %100[3, 1] : !llvm.struct<(ptr<1>, ptr<1>, i64, array<3 x i64>, array<3 x i64>)> 
    %103 = llvm.mlir.constant(1536 : index) : i64
    %104 = llvm.insertvalue %103, %102[4, 1] : !llvm.struct<(ptr<1>, ptr<1>, i64, array<3 x i64>, array<3 x i64>)> 
    %105 = llvm.mlir.constant(4 : index) : i64
    %106 = llvm.insertvalue %105, %104[3, 2] : !llvm.struct<(ptr<1>, ptr<1>, i64, array<3 x i64>, array<3 x i64>)> 
    %107 = llvm.mlir.constant(1 : index) : i64
    %108 = llvm.insertvalue %107, %106[4, 2] : !llvm.struct<(ptr<1>, ptr<1>, i64, array<3 x i64>, array<3 x i64>)> 
    llvm.br ^bb9(%arg9 : i64)
  ^bb9(%109: i64):  // 2 preds: ^bb8, ^bb16
    %110 = llvm.icmp "slt" %109, %arg11 : i64
    llvm.cond_br %110, ^bb10, ^bb17
  ^bb10:  // pred: ^bb9
    llvm.br ^bb11(%arg9 : i64)
  ^bb11(%111: i64):  // 2 preds: ^bb10, ^bb15
    %112 = llvm.icmp "slt" %111, %arg0 : i64
    llvm.cond_br %112, ^bb12, ^bb16
  ^bb12:  // pred: ^bb11
    llvm.br ^bb13(%arg9 : i64)
  ^bb13(%113: i64):  // 2 preds: ^bb12, ^bb14
    %114 = llvm.icmp "slt" %113, %arg21 : i64
    llvm.cond_br %114, ^bb14, ^bb15
  ^bb14:  // pred: ^bb13
    %115 = llvm.extractvalue %108[1] : !llvm.struct<(ptr<1>, ptr<1>, i64, array<3 x i64>, array<3 x i64>)> 
    %116 = llvm.extractvalue %108[2] : !llvm.struct<(ptr<1>, ptr<1>, i64, array<3 x i64>, array<3 x i64>)> 
    %117 = llvm.getelementptr %115[%116] : (!llvm.ptr<1>, i64) -> !llvm.ptr<1>, f32
    %118 = llvm.mlir.constant(1572864 : index) : i64
    %119 = llvm.mul %109, %118 overflow<nsw, nuw> : i64
    %120 = llvm.mlir.constant(1536 : index) : i64
    %121 = llvm.mul %111, %120 overflow<nsw, nuw> : i64
    %122 = llvm.add %119, %121 overflow<nsw, nuw> : i64
    %123 = llvm.add %122, %113 overflow<nsw, nuw> : i64
    %124 = llvm.getelementptr inbounds|nuw %117[%123] : (!llvm.ptr<1>, i64) -> !llvm.ptr<1>, f32
    %125 = llvm.load %124 : !llvm.ptr<1> -> f32
    %126 = llvm.extractvalue %61[1] : !llvm.struct<(ptr, ptr, i64, array<2 x i64>, array<2 x i64>)> 
    %127 = llvm.mlir.constant(128 : index) : i64
    %128 = llvm.mul %109, %127 overflow<nsw, nuw> : i64
    %129 = llvm.add %128, %111 overflow<nsw, nuw> : i64
    %130 = llvm.getelementptr inbounds|nuw %126[%129] : (!llvm.ptr, i64) -> !llvm.ptr, f32
    %131 = llvm.load %130 : !llvm.ptr -> f32
    %132 = llvm.intr.maximum(%125, %131) : (f32, f32) -> f32
    %133 = llvm.extractvalue %61[1] : !llvm.struct<(ptr, ptr, i64, array<2 x i64>, array<2 x i64>)> 
    %134 = llvm.mlir.constant(128 : index) : i64
    %135 = llvm.mul %109, %134 overflow<nsw, nuw> : i64
    %136 = llvm.add %135, %111 overflow<nsw, nuw> : i64
    %137 = llvm.getelementptr inbounds|nuw %133[%136] : (!llvm.ptr, i64) -> !llvm.ptr, f32
    llvm.store %132, %137 : f32, !llvm.ptr
    %138 = llvm.add %113, %arg10 : i64
    llvm.br ^bb13(%138 : i64)
  ^bb15:  // pred: ^bb13
    %139 = llvm.add %111, %arg10 : i64
    llvm.br ^bb11(%139 : i64)
  ^bb16:  // pred: ^bb11
    %140 = llvm.add %109, %arg10 : i64
    llvm.br ^bb9(%140 : i64)
  ^bb17:  // pred: ^bb9
    %141 = llvm.add %73, %arg21 : i64
    llvm.br ^bb7(%141 : i64)
  ^bb18:  // pred: ^bb7
    llvm.br ^bb19(%arg9 : i64)
  ^bb19(%142: i64):  // 2 preds: ^bb18, ^bb23
    %143 = llvm.icmp "slt" %142, %arg11 : i64
    llvm.cond_br %143, ^bb20, ^bb24
  ^bb20:  // pred: ^bb19
    llvm.br ^bb21(%arg9 : i64)
  ^bb21(%144: i64):  // 2 preds: ^bb20, ^bb22
    %145 = llvm.icmp "slt" %144, %arg0 : i64
    llvm.cond_br %145, ^bb22, ^bb23
  ^bb22:  // pred: ^bb21
    %146 = llvm.extractvalue %47[1] : !llvm.struct<(ptr, ptr, i64, array<2 x i64>, array<2 x i64>)> 
    %147 = llvm.extractvalue %47[2] : !llvm.struct<(ptr, ptr, i64, array<2 x i64>, array<2 x i64>)> 
    %148 = llvm.getelementptr %146[%147] : (!llvm.ptr, i64) -> !llvm.ptr, f32
    %149 = llvm.mlir.constant(1024 : index) : i64
    %150 = llvm.mul %142, %149 overflow<nsw, nuw> : i64
    %151 = llvm.add %150, %144 overflow<nsw, nuw> : i64
    %152 = llvm.getelementptr inbounds|nuw %148[%151] : (!llvm.ptr, i64) -> !llvm.ptr, f32
    llvm.store %arg23, %152 : f32, !llvm.ptr
    %153 = llvm.add %144, %arg10 : i64
    llvm.br ^bb21(%153 : i64)
  ^bb23:  // pred: ^bb21
    %154 = llvm.add %142, %arg10 : i64
    llvm.br ^bb19(%154 : i64)
  ^bb24:  // pred: ^bb19
    llvm.br ^bb25(%arg9 : i64)
  ^bb25(%155: i64):  // 2 preds: ^bb24, ^bb35
    %156 = llvm.icmp "slt" %155, %arg22 : i64
    llvm.cond_br %156, ^bb26, ^bb36
  ^bb26:  // pred: ^bb25
    %157 = llvm.extractvalue %9[0] : !llvm.struct<(ptr<1>, ptr<1>, i64, array<3 x i64>, array<3 x i64>)> 
    %158 = llvm.extractvalue %9[1] : !llvm.struct<(ptr<1>, ptr<1>, i64, array<3 x i64>, array<3 x i64>)> 
    %159 = llvm.mlir.poison : !llvm.struct<(ptr<1>, ptr<1>, i64)>
    %160 = llvm.insertvalue %157, %159[0] : !llvm.struct<(ptr<1>, ptr<1>, i64)> 
    %161 = llvm.insertvalue %158, %160[1] : !llvm.struct<(ptr<1>, ptr<1>, i64)> 
    %162 = llvm.mlir.constant(0 : index) : i64
    %163 = llvm.insertvalue %162, %161[2] : !llvm.struct<(ptr<1>, ptr<1>, i64)> 
    %164 = llvm.extractvalue %9[2] : !llvm.struct<(ptr<1>, ptr<1>, i64, array<3 x i64>, array<3 x i64>)> 
    %165 = llvm.extractvalue %9[3, 0] : !llvm.struct<(ptr<1>, ptr<1>, i64, array<3 x i64>, array<3 x i64>)> 
    %166 = llvm.extractvalue %9[3, 1] : !llvm.struct<(ptr<1>, ptr<1>, i64, array<3 x i64>, array<3 x i64>)> 
    %167 = llvm.extractvalue %9[3, 2] : !llvm.struct<(ptr<1>, ptr<1>, i64, array<3 x i64>, array<3 x i64>)> 
    %168 = llvm.extractvalue %9[4, 0] : !llvm.struct<(ptr<1>, ptr<1>, i64, array<3 x i64>, array<3 x i64>)> 
    %169 = llvm.extractvalue %9[4, 1] : !llvm.struct<(ptr<1>, ptr<1>, i64, array<3 x i64>, array<3 x i64>)> 
    %170 = llvm.extractvalue %9[4, 2] : !llvm.struct<(ptr<1>, ptr<1>, i64, array<3 x i64>, array<3 x i64>)> 
    %171 = llvm.mul %21, %18 overflow<nsw> : i64
    %172 = llvm.add %171, %155 : i64
    %173 = llvm.mlir.poison : !llvm.struct<(ptr<1>, ptr<1>, i64, array<3 x i64>, array<3 x i64>)>
    %174 = llvm.extractvalue %163[0] : !llvm.struct<(ptr<1>, ptr<1>, i64)> 
    %175 = llvm.extractvalue %163[1] : !llvm.struct<(ptr<1>, ptr<1>, i64)> 
    %176 = llvm.insertvalue %174, %173[0] : !llvm.struct<(ptr<1>, ptr<1>, i64, array<3 x i64>, array<3 x i64>)> 
    %177 = llvm.insertvalue %175, %176[1] : !llvm.struct<(ptr<1>, ptr<1>, i64, array<3 x i64>, array<3 x i64>)> 
    %178 = llvm.insertvalue %172, %177[2] : !llvm.struct<(ptr<1>, ptr<1>, i64, array<3 x i64>, array<3 x i64>)> 
    %179 = llvm.mlir.constant(8 : index) : i64
    %180 = llvm.insertvalue %179, %178[3, 0] : !llvm.struct<(ptr<1>, ptr<1>, i64, array<3 x i64>, array<3 x i64>)> 
    %181 = llvm.mlir.constant(1572864 : index) : i64
    %182 = llvm.insertvalue %181, %180[4, 0] : !llvm.struct<(ptr<1>, ptr<1>, i64, array<3 x i64>, array<3 x i64>)> 
    %183 = llvm.mlir.constant(128 : index) : i64
    %184 = llvm.insertvalue %183, %182[3, 1] : !llvm.struct<(ptr<1>, ptr<1>, i64, array<3 x i64>, array<3 x i64>)> 
    %185 = llvm.mlir.constant(1536 : index) : i64
    %186 = llvm.insertvalue %185, %184[4, 1] : !llvm.struct<(ptr<1>, ptr<1>, i64, array<3 x i64>, array<3 x i64>)> 
    %187 = llvm.mlir.constant(4 : index) : i64
    %188 = llvm.insertvalue %187, %186[3, 2] : !llvm.struct<(ptr<1>, ptr<1>, i64, array<3 x i64>, array<3 x i64>)> 
    %189 = llvm.mlir.constant(1 : index) : i64
    %190 = llvm.insertvalue %189, %188[4, 2] : !llvm.struct<(ptr<1>, ptr<1>, i64, array<3 x i64>, array<3 x i64>)> 
    llvm.br ^bb27(%arg9 : i64)
  ^bb27(%191: i64):  // 2 preds: ^bb26, ^bb34
    %192 = llvm.icmp "slt" %191, %arg11 : i64
    llvm.cond_br %192, ^bb28, ^bb35
  ^bb28:  // pred: ^bb27
    llvm.br ^bb29(%arg9 : i64)
  ^bb29(%193: i64):  // 2 preds: ^bb28, ^bb33
    %194 = llvm.icmp "slt" %193, %arg0 : i64
    llvm.cond_br %194, ^bb30, ^bb34
  ^bb30:  // pred: ^bb29
    llvm.br ^bb31(%arg9 : i64)
  ^bb31(%195: i64):  // 2 preds: ^bb30, ^bb32
    %196 = llvm.icmp "slt" %195, %arg21 : i64
    llvm.cond_br %196, ^bb32, ^bb33
  ^bb32:  // pred: ^bb31
    %197 = llvm.extractvalue %190[1] : !llvm.struct<(ptr<1>, ptr<1>, i64, array<3 x i64>, array<3 x i64>)> 
    %198 = llvm.extractvalue %190[2] : !llvm.struct<(ptr<1>, ptr<1>, i64, array<3 x i64>, array<3 x i64>)> 
    %199 = llvm.getelementptr %197[%198] : (!llvm.ptr<1>, i64) -> !llvm.ptr<1>, f32
    %200 = llvm.mlir.constant(1572864 : index) : i64
    %201 = llvm.mul %191, %200 overflow<nsw, nuw> : i64
    %202 = llvm.mlir.constant(1536 : index) : i64
    %203 = llvm.mul %193, %202 overflow<nsw, nuw> : i64
    %204 = llvm.add %201, %203 overflow<nsw, nuw> : i64
    %205 = llvm.add %204, %195 overflow<nsw, nuw> : i64
    %206 = llvm.getelementptr inbounds|nuw %199[%205] : (!llvm.ptr<1>, i64) -> !llvm.ptr<1>, f32
    %207 = llvm.load %206 : !llvm.ptr<1> -> f32
    %208 = llvm.extractvalue %61[1] : !llvm.struct<(ptr, ptr, i64, array<2 x i64>, array<2 x i64>)> 
    %209 = llvm.mlir.constant(128 : index) : i64
    %210 = llvm.mul %191, %209 overflow<nsw, nuw> : i64
    %211 = llvm.add %210, %193 overflow<nsw, nuw> : i64
    %212 = llvm.getelementptr inbounds|nuw %208[%211] : (!llvm.ptr, i64) -> !llvm.ptr, f32
    %213 = llvm.load %212 : !llvm.ptr -> f32
    %214 = llvm.extractvalue %47[1] : !llvm.struct<(ptr, ptr, i64, array<2 x i64>, array<2 x i64>)> 
    %215 = llvm.extractvalue %47[2] : !llvm.struct<(ptr, ptr, i64, array<2 x i64>, array<2 x i64>)> 
    %216 = llvm.getelementptr %214[%215] : (!llvm.ptr, i64) -> !llvm.ptr, f32
    %217 = llvm.mlir.constant(1024 : index) : i64
    %218 = llvm.mul %191, %217 overflow<nsw, nuw> : i64
    %219 = llvm.add %218, %193 overflow<nsw, nuw> : i64
    %220 = llvm.getelementptr inbounds|nuw %216[%219] : (!llvm.ptr, i64) -> !llvm.ptr, f32
    %221 = llvm.load %220 : !llvm.ptr -> f32
    %222 = llvm.fsub %207, %213 : f32
    %223 = llvm.call @__nv_expf(%222) : (f32) -> f32
    %224 = llvm.fadd %223, %221 : f32
    %225 = llvm.extractvalue %47[1] : !llvm.struct<(ptr, ptr, i64, array<2 x i64>, array<2 x i64>)> 
    %226 = llvm.extractvalue %47[2] : !llvm.struct<(ptr, ptr, i64, array<2 x i64>, array<2 x i64>)> 
    %227 = llvm.getelementptr %225[%226] : (!llvm.ptr, i64) -> !llvm.ptr, f32
    %228 = llvm.mlir.constant(1024 : index) : i64
    %229 = llvm.mul %191, %228 overflow<nsw, nuw> : i64
    %230 = llvm.add %229, %193 overflow<nsw, nuw> : i64
    %231 = llvm.getelementptr inbounds|nuw %227[%230] : (!llvm.ptr, i64) -> !llvm.ptr, f32
    llvm.store %224, %231 : f32, !llvm.ptr
    %232 = llvm.add %195, %arg10 : i64
    llvm.br ^bb31(%232 : i64)
  ^bb33:  // pred: ^bb31
    %233 = llvm.add %193, %arg10 : i64
    llvm.br ^bb29(%233 : i64)
  ^bb34:  // pred: ^bb29
    %234 = llvm.add %191, %arg10 : i64
    llvm.br ^bb27(%234 : i64)
  ^bb35:  // pred: ^bb27
    %235 = llvm.add %155, %arg21 : i64
    llvm.br ^bb25(%235 : i64)
  ^bb36:  // pred: ^bb25
    llvm.return
  }
}

// -----// IR Dump After ArithToLLVMConversionPass (convert-arith-to-llvm) //----- //
gpu.module @main_kernel_0 [#nvvm.target<O = 3, chip = "sm_86", features = "+ptx76", flags = {fast, ftz}>] {
  llvm.func @__nv_fmaxf(f32, f32) -> f32
  llvm.func @__nv_logf(f32) -> f32
  llvm.func @main_kernel(%arg0: i64, %arg1: f32, %arg2: i64, %arg3: i64, %arg4: i64, %arg5: !llvm.ptr<1>, %arg6: !llvm.ptr<1>, %arg7: i64, %arg8: i64, %arg9: i64, %arg10: i64, %arg11: i64, %arg12: i64, %arg13: i64, %arg14: i64, %arg15: i64, %arg16: !llvm.ptr, %arg17: !llvm.ptr, %arg18: i64, %arg19: !llvm.ptr, %arg20: !llvm.ptr, %arg21: i64, %arg22: i64, %arg23: i64, %arg24: i64, %arg25: i64, %arg26: !llvm.ptr<1>, %arg27: !llvm.ptr<1>, %arg28: i64, %arg29: i64, %arg30: i64, %arg31: i64, %arg32: i64, %arg33: f32, %arg34: !llvm.ptr, %arg35: !llvm.ptr, %arg36: i64) attributes {gpu.kernel, gpu.known_block_size = array<i32: 1, 1, 1>, gpu.known_grid_size = array<i32: 8, 1, 1>, nvvm.kernel, nvvm.maxntid = array<i32: 1, 1, 1>} {
    %0 = llvm.mlir.poison : !llvm.struct<(ptr, ptr, i64)>
    %1 = llvm.insertvalue %arg34, %0[0] : !llvm.struct<(ptr, ptr, i64)> 
    %2 = llvm.insertvalue %arg35, %1[1] : !llvm.struct<(ptr, ptr, i64)> 
    %3 = llvm.insertvalue %arg36, %2[2] : !llvm.struct<(ptr, ptr, i64)> 
    %4 = llvm.mlir.poison : !llvm.struct<(ptr<1>, ptr<1>, i64, array<2 x i64>, array<2 x i64>)>
    %5 = llvm.insertvalue %arg26, %4[0] : !llvm.struct<(ptr<1>, ptr<1>, i64, array<2 x i64>, array<2 x i64>)> 
    %6 = llvm.insertvalue %arg27, %5[1] : !llvm.struct<(ptr<1>, ptr<1>, i64, array<2 x i64>, array<2 x i64>)> 
    %7 = llvm.insertvalue %arg28, %6[2] : !llvm.struct<(ptr<1>, ptr<1>, i64, array<2 x i64>, array<2 x i64>)> 
    %8 = llvm.insertvalue %arg29, %7[3, 0] : !llvm.struct<(ptr<1>, ptr<1>, i64, array<2 x i64>, array<2 x i64>)> 
    %9 = llvm.insertvalue %arg31, %8[4, 0] : !llvm.struct<(ptr<1>, ptr<1>, i64, array<2 x i64>, array<2 x i64>)> 
    %10 = llvm.insertvalue %arg30, %9[3, 1] : !llvm.struct<(ptr<1>, ptr<1>, i64, array<2 x i64>, array<2 x i64>)> 
    %11 = llvm.insertvalue %arg32, %10[4, 1] : !llvm.struct<(ptr<1>, ptr<1>, i64, array<2 x i64>, array<2 x i64>)> 
    %12 = llvm.mlir.poison : !llvm.struct<(ptr, ptr, i64, array<2 x i64>, array<2 x i64>)>
    %13 = llvm.insertvalue %arg19, %12[0] : !llvm.struct<(ptr, ptr, i64, array<2 x i64>, array<2 x i64>)> 
    %14 = llvm.insertvalue %arg20, %13[1] : !llvm.struct<(ptr, ptr, i64, array<2 x i64>, array<2 x i64>)> 
    %15 = llvm.insertvalue %arg21, %14[2] : !llvm.struct<(ptr, ptr, i64, array<2 x i64>, array<2 x i64>)> 
    %16 = llvm.insertvalue %arg22, %15[3, 0] : !llvm.struct<(ptr, ptr, i64, array<2 x i64>, array<2 x i64>)> 
    %17 = llvm.insertvalue %arg24, %16[4, 0] : !llvm.struct<(ptr, ptr, i64, array<2 x i64>, array<2 x i64>)> 
    %18 = llvm.insertvalue %arg23, %17[3, 1] : !llvm.struct<(ptr, ptr, i64, array<2 x i64>, array<2 x i64>)> 
    %19 = llvm.insertvalue %arg25, %18[4, 1] : !llvm.struct<(ptr, ptr, i64, array<2 x i64>, array<2 x i64>)> 
    %20 = llvm.mlir.poison : !llvm.struct<(ptr, ptr, i64)>
    %21 = llvm.insertvalue %arg16, %20[0] : !llvm.struct<(ptr, ptr, i64)> 
    %22 = llvm.insertvalue %arg17, %21[1] : !llvm.struct<(ptr, ptr, i64)> 
    %23 = llvm.insertvalue %arg18, %22[2] : !llvm.struct<(ptr, ptr, i64)> 
    %24 = llvm.mlir.poison : !llvm.struct<(ptr<1>, ptr<1>, i64, array<3 x i64>, array<3 x i64>)>
    %25 = llvm.insertvalue %arg5, %24[0] : !llvm.struct<(ptr<1>, ptr<1>, i64, array<3 x i64>, array<3 x i64>)> 
    %26 = llvm.insertvalue %arg6, %25[1] : !llvm.struct<(ptr<1>, ptr<1>, i64, array<3 x i64>, array<3 x i64>)> 
    %27 = llvm.insertvalue %arg7, %26[2] : !llvm.struct<(ptr<1>, ptr<1>, i64, array<3 x i64>, array<3 x i64>)> 
    %28 = llvm.insertvalue %arg8, %27[3, 0] : !llvm.struct<(ptr<1>, ptr<1>, i64, array<3 x i64>, array<3 x i64>)> 
    %29 = llvm.insertvalue %arg11, %28[4, 0] : !llvm.struct<(ptr<1>, ptr<1>, i64, array<3 x i64>, array<3 x i64>)> 
    %30 = llvm.insertvalue %arg9, %29[3, 1] : !llvm.struct<(ptr<1>, ptr<1>, i64, array<3 x i64>, array<3 x i64>)> 
    %31 = llvm.insertvalue %arg12, %30[4, 1] : !llvm.struct<(ptr<1>, ptr<1>, i64, array<3 x i64>, array<3 x i64>)> 
    %32 = llvm.insertvalue %arg10, %31[3, 2] : !llvm.struct<(ptr<1>, ptr<1>, i64, array<3 x i64>, array<3 x i64>)> 
    %33 = llvm.insertvalue %arg13, %32[4, 2] : !llvm.struct<(ptr<1>, ptr<1>, i64, array<3 x i64>, array<3 x i64>)> 
    %34 = llvm.mlir.constant(128 : index) : i64
    %35 = llvm.mlir.constant(1024 : index) : i64
    %36 = llvm.mlir.constant(1536 : index) : i64
    %37 = nvvm.read.ptx.sreg.ctaid.x range <i32, 0, 8> : i32
    %38 = llvm.sext %37 : i32 to i64
    %39 = llvm.mul %38, %arg0 overflow<nsw> : i64
    %40 = llvm.mlir.constant(8 : index) : i64
    %41 = llvm.mlir.constant(128 : index) : i64
    %42 = llvm.mlir.constant(1 : index) : i64
    %43 = llvm.mlir.constant(1024 : index) : i64
    %44 = llvm.alloca %43 x f32 : (i64) -> !llvm.ptr
    %45 = llvm.mlir.poison : !llvm.struct<(ptr, ptr, i64, array<2 x i64>, array<2 x i64>)>
    %46 = llvm.insertvalue %44, %45[0] : !llvm.struct<(ptr, ptr, i64, array<2 x i64>, array<2 x i64>)> 
    %47 = llvm.insertvalue %44, %46[1] : !llvm.struct<(ptr, ptr, i64, array<2 x i64>, array<2 x i64>)> 
    %48 = llvm.mlir.constant(0 : index) : i64
    %49 = llvm.insertvalue %48, %47[2] : !llvm.struct<(ptr, ptr, i64, array<2 x i64>, array<2 x i64>)> 
    %50 = llvm.insertvalue %40, %49[3, 0] : !llvm.struct<(ptr, ptr, i64, array<2 x i64>, array<2 x i64>)> 
    %51 = llvm.insertvalue %41, %50[3, 1] : !llvm.struct<(ptr, ptr, i64, array<2 x i64>, array<2 x i64>)> 
    %52 = llvm.insertvalue %41, %51[4, 0] : !llvm.struct<(ptr, ptr, i64, array<2 x i64>, array<2 x i64>)> 
    %53 = llvm.insertvalue %42, %52[4, 1] : !llvm.struct<(ptr, ptr, i64, array<2 x i64>, array<2 x i64>)> 
    llvm.br ^bb1(%arg2 : i64)
  ^bb1(%54: i64):  // 2 preds: ^bb0, ^bb5
    %55 = llvm.icmp "slt" %54, %arg4 : i64
    llvm.cond_br %55, ^bb2, ^bb6
  ^bb2:  // pred: ^bb1
    llvm.br ^bb3(%arg2 : i64)
  ^bb3(%56: i64):  // 2 preds: ^bb2, ^bb4
    %57 = llvm.icmp "slt" %56, %arg0 : i64
    llvm.cond_br %57, ^bb4, ^bb5
  ^bb4:  // pred: ^bb3
    %58 = llvm.extractvalue %53[1] : !llvm.struct<(ptr, ptr, i64, array<2 x i64>, array<2 x i64>)> 
    %59 = llvm.mlir.constant(128 : index) : i64
    %60 = llvm.mul %54, %59 overflow<nsw, nuw> : i64
    %61 = llvm.add %60, %56 overflow<nsw, nuw> : i64
    %62 = llvm.getelementptr inbounds|nuw %58[%61] : (!llvm.ptr, i64) -> !llvm.ptr, f32
    llvm.store %arg1, %62 : f32, !llvm.ptr
    %63 = llvm.add %56, %arg3 : i64
    llvm.br ^bb3(%63 : i64)
  ^bb5:  // pred: ^bb3
    %64 = llvm.add %54, %arg3 : i64
    llvm.br ^bb1(%64 : i64)
  ^bb6:  // pred: ^bb1
    llvm.br ^bb7(%arg2 : i64)
  ^bb7(%65: i64):  // 2 preds: ^bb6, ^bb17
    %66 = llvm.icmp "slt" %65, %arg15 : i64
    llvm.cond_br %66, ^bb8, ^bb18
  ^bb8:  // pred: ^bb7
    %67 = llvm.extractvalue %33[0] : !llvm.struct<(ptr<1>, ptr<1>, i64, array<3 x i64>, array<3 x i64>)> 
    %68 = llvm.extractvalue %33[1] : !llvm.struct<(ptr<1>, ptr<1>, i64, array<3 x i64>, array<3 x i64>)> 
    %69 = llvm.mlir.poison : !llvm.struct<(ptr<1>, ptr<1>, i64)>
    %70 = llvm.insertvalue %67, %69[0] : !llvm.struct<(ptr<1>, ptr<1>, i64)> 
    %71 = llvm.insertvalue %68, %70[1] : !llvm.struct<(ptr<1>, ptr<1>, i64)> 
    %72 = llvm.mlir.constant(0 : index) : i64
    %73 = llvm.insertvalue %72, %71[2] : !llvm.struct<(ptr<1>, ptr<1>, i64)> 
    %74 = llvm.extractvalue %33[2] : !llvm.struct<(ptr<1>, ptr<1>, i64, array<3 x i64>, array<3 x i64>)> 
    %75 = llvm.extractvalue %33[3, 0] : !llvm.struct<(ptr<1>, ptr<1>, i64, array<3 x i64>, array<3 x i64>)> 
    %76 = llvm.extractvalue %33[3, 1] : !llvm.struct<(ptr<1>, ptr<1>, i64, array<3 x i64>, array<3 x i64>)> 
    %77 = llvm.extractvalue %33[3, 2] : !llvm.struct<(ptr<1>, ptr<1>, i64, array<3 x i64>, array<3 x i64>)> 
    %78 = llvm.extractvalue %33[4, 0] : !llvm.struct<(ptr<1>, ptr<1>, i64, array<3 x i64>, array<3 x i64>)> 
    %79 = llvm.extractvalue %33[4, 1] : !llvm.struct<(ptr<1>, ptr<1>, i64, array<3 x i64>, array<3 x i64>)> 
    %80 = llvm.extractvalue %33[4, 2] : !llvm.struct<(ptr<1>, ptr<1>, i64, array<3 x i64>, array<3 x i64>)> 
    %81 = llvm.mul %39, %36 overflow<nsw> : i64
    %82 = llvm.add %81, %65 : i64
    %83 = llvm.mlir.poison : !llvm.struct<(ptr<1>, ptr<1>, i64, array<3 x i64>, array<3 x i64>)>
    %84 = llvm.extractvalue %73[0] : !llvm.struct<(ptr<1>, ptr<1>, i64)> 
    %85 = llvm.extractvalue %73[1] : !llvm.struct<(ptr<1>, ptr<1>, i64)> 
    %86 = llvm.insertvalue %84, %83[0] : !llvm.struct<(ptr<1>, ptr<1>, i64, array<3 x i64>, array<3 x i64>)> 
    %87 = llvm.insertvalue %85, %86[1] : !llvm.struct<(ptr<1>, ptr<1>, i64, array<3 x i64>, array<3 x i64>)> 
    %88 = llvm.insertvalue %82, %87[2] : !llvm.struct<(ptr<1>, ptr<1>, i64, array<3 x i64>, array<3 x i64>)> 
    %89 = llvm.mlir.constant(8 : index) : i64
    %90 = llvm.insertvalue %89, %88[3, 0] : !llvm.struct<(ptr<1>, ptr<1>, i64, array<3 x i64>, array<3 x i64>)> 
    %91 = llvm.mlir.constant(1572864 : index) : i64
    %92 = llvm.insertvalue %91, %90[4, 0] : !llvm.struct<(ptr<1>, ptr<1>, i64, array<3 x i64>, array<3 x i64>)> 
    %93 = llvm.mlir.constant(128 : index) : i64
    %94 = llvm.insertvalue %93, %92[3, 1] : !llvm.struct<(ptr<1>, ptr<1>, i64, array<3 x i64>, array<3 x i64>)> 
    %95 = llvm.mlir.constant(1536 : index) : i64
    %96 = llvm.insertvalue %95, %94[4, 1] : !llvm.struct<(ptr<1>, ptr<1>, i64, array<3 x i64>, array<3 x i64>)> 
    %97 = llvm.mlir.constant(4 : index) : i64
    %98 = llvm.insertvalue %97, %96[3, 2] : !llvm.struct<(ptr<1>, ptr<1>, i64, array<3 x i64>, array<3 x i64>)> 
    %99 = llvm.mlir.constant(1 : index) : i64
    %100 = llvm.insertvalue %99, %98[4, 2] : !llvm.struct<(ptr<1>, ptr<1>, i64, array<3 x i64>, array<3 x i64>)> 
    llvm.br ^bb9(%arg2 : i64)
  ^bb9(%101: i64):  // 2 preds: ^bb8, ^bb16
    %102 = llvm.icmp "slt" %101, %arg4 : i64
    llvm.cond_br %102, ^bb10, ^bb17
  ^bb10:  // pred: ^bb9
    llvm.br ^bb11(%arg2 : i64)
  ^bb11(%103: i64):  // 2 preds: ^bb10, ^bb15
    %104 = llvm.icmp "slt" %103, %arg0 : i64
    llvm.cond_br %104, ^bb12, ^bb16
  ^bb12:  // pred: ^bb11
    llvm.br ^bb13(%arg2 : i64)
  ^bb13(%105: i64):  // 2 preds: ^bb12, ^bb14
    %106 = llvm.icmp "slt" %105, %arg14 : i64
    llvm.cond_br %106, ^bb14, ^bb15
  ^bb14:  // pred: ^bb13
    %107 = llvm.extractvalue %100[1] : !llvm.struct<(ptr<1>, ptr<1>, i64, array<3 x i64>, array<3 x i64>)> 
    %108 = llvm.extractvalue %100[2] : !llvm.struct<(ptr<1>, ptr<1>, i64, array<3 x i64>, array<3 x i64>)> 
    %109 = llvm.getelementptr %107[%108] : (!llvm.ptr<1>, i64) -> !llvm.ptr<1>, f32
    %110 = llvm.mlir.constant(1572864 : index) : i64
    %111 = llvm.mul %101, %110 overflow<nsw, nuw> : i64
    %112 = llvm.mlir.constant(1536 : index) : i64
    %113 = llvm.mul %103, %112 overflow<nsw, nuw> : i64
    %114 = llvm.add %111, %113 overflow<nsw, nuw> : i64
    %115 = llvm.add %114, %105 overflow<nsw, nuw> : i64
    %116 = llvm.getelementptr inbounds|nuw %109[%115] : (!llvm.ptr<1>, i64) -> !llvm.ptr<1>, f32
    %117 = llvm.load %116 : !llvm.ptr<1> -> f32
    %118 = llvm.extractvalue %53[1] : !llvm.struct<(ptr, ptr, i64, array<2 x i64>, array<2 x i64>)> 
    %119 = llvm.mlir.constant(128 : index) : i64
    %120 = llvm.mul %101, %119 overflow<nsw, nuw> : i64
    %121 = llvm.add %120, %103 overflow<nsw, nuw> : i64
    %122 = llvm.getelementptr inbounds|nuw %118[%121] : (!llvm.ptr, i64) -> !llvm.ptr, f32
    %123 = llvm.load %122 : !llvm.ptr -> f32
    %124 = llvm.call @__nv_fmaxf(%117, %123) : (f32, f32) -> f32
    %125 = llvm.extractvalue %53[1] : !llvm.struct<(ptr, ptr, i64, array<2 x i64>, array<2 x i64>)> 
    %126 = llvm.mlir.constant(128 : index) : i64
    %127 = llvm.mul %101, %126 overflow<nsw, nuw> : i64
    %128 = llvm.add %127, %103 overflow<nsw, nuw> : i64
    %129 = llvm.getelementptr inbounds|nuw %125[%128] : (!llvm.ptr, i64) -> !llvm.ptr, f32
    llvm.store %124, %129 : f32, !llvm.ptr
    %130 = llvm.add %105, %arg3 : i64
    llvm.br ^bb13(%130 : i64)
  ^bb15:  // pred: ^bb13
    %131 = llvm.add %103, %arg3 : i64
    llvm.br ^bb11(%131 : i64)
  ^bb16:  // pred: ^bb11
    %132 = llvm.add %101, %arg3 : i64
    llvm.br ^bb9(%132 : i64)
  ^bb17:  // pred: ^bb9
    %133 = llvm.add %65, %arg14 : i64
    llvm.br ^bb7(%133 : i64)
  ^bb18:  // pred: ^bb7
    %134 = llvm.mlir.constant(1 : index) : i64
    %135 = llvm.alloca %134 x f32 : (i64) -> !llvm.ptr
    %136 = llvm.mlir.poison : !llvm.struct<(ptr, ptr, i64)>
    %137 = llvm.insertvalue %135, %136[0] : !llvm.struct<(ptr, ptr, i64)> 
    %138 = llvm.insertvalue %135, %137[1] : !llvm.struct<(ptr, ptr, i64)> 
    %139 = llvm.mlir.constant(0 : index) : i64
    %140 = llvm.insertvalue %139, %138[2] : !llvm.struct<(ptr, ptr, i64)> 
    %141 = llvm.extractvalue %23[1] : !llvm.struct<(ptr, ptr, i64)> 
    %142 = llvm.load %141 : !llvm.ptr -> f32
    %143 = llvm.extractvalue %140[1] : !llvm.struct<(ptr, ptr, i64)> 
    llvm.store %142, %143 : f32, !llvm.ptr
    llvm.br ^bb19(%arg2 : i64)
  ^bb19(%144: i64):  // 2 preds: ^bb18, ^bb29
    %145 = llvm.icmp "slt" %144, %arg4 : i64
    llvm.cond_br %145, ^bb20, ^bb30
  ^bb20:  // pred: ^bb19
    llvm.br ^bb21(%arg2 : i64)
  ^bb21(%146: i64):  // 2 preds: ^bb20, ^bb28
    %147 = llvm.icmp "slt" %146, %arg0 : i64
    llvm.cond_br %147, ^bb22, ^bb29
  ^bb22:  // pred: ^bb21
    %148 = llvm.add %146, %39 : i64
    %149 = llvm.extractvalue %19[0] : !llvm.struct<(ptr, ptr, i64, array<2 x i64>, array<2 x i64>)> 
    %150 = llvm.extractvalue %19[1] : !llvm.struct<(ptr, ptr, i64, array<2 x i64>, array<2 x i64>)> 
    %151 = llvm.mlir.poison : !llvm.struct<(ptr, ptr, i64)>
    %152 = llvm.insertvalue %149, %151[0] : !llvm.struct<(ptr, ptr, i64)> 
    %153 = llvm.insertvalue %150, %152[1] : !llvm.struct<(ptr, ptr, i64)> 
    %154 = llvm.mlir.constant(0 : index) : i64
    %155 = llvm.insertvalue %154, %153[2] : !llvm.struct<(ptr, ptr, i64)> 
    %156 = llvm.extractvalue %19[2] : !llvm.struct<(ptr, ptr, i64, array<2 x i64>, array<2 x i64>)> 
    %157 = llvm.extractvalue %19[3, 0] : !llvm.struct<(ptr, ptr, i64, array<2 x i64>, array<2 x i64>)> 
    %158 = llvm.extractvalue %19[3, 1] : !llvm.struct<(ptr, ptr, i64, array<2 x i64>, array<2 x i64>)> 
    %159 = llvm.extractvalue %19[4, 0] : !llvm.struct<(ptr, ptr, i64, array<2 x i64>, array<2 x i64>)> 
    %160 = llvm.extractvalue %19[4, 1] : !llvm.struct<(ptr, ptr, i64, array<2 x i64>, array<2 x i64>)> 
    %161 = llvm.mul %144, %35 overflow<nsw> : i64
    %162 = llvm.add %161, %148 : i64
    %163 = llvm.mlir.poison : !llvm.struct<(ptr, ptr, i64, array<2 x i64>, array<2 x i64>)>
    %164 = llvm.extractvalue %155[0] : !llvm.struct<(ptr, ptr, i64)> 
    %165 = llvm.extractvalue %155[1] : !llvm.struct<(ptr, ptr, i64)> 
    %166 = llvm.insertvalue %164, %163[0] : !llvm.struct<(ptr, ptr, i64, array<2 x i64>, array<2 x i64>)> 
    %167 = llvm.insertvalue %165, %166[1] : !llvm.struct<(ptr, ptr, i64, array<2 x i64>, array<2 x i64>)> 
    %168 = llvm.insertvalue %162, %167[2] : !llvm.struct<(ptr, ptr, i64, array<2 x i64>, array<2 x i64>)> 
    %169 = llvm.mlir.constant(4 : index) : i64
    %170 = llvm.insertvalue %169, %168[3, 0] : !llvm.struct<(ptr, ptr, i64, array<2 x i64>, array<2 x i64>)> 
    %171 = llvm.mlir.constant(1024 : index) : i64
    %172 = llvm.insertvalue %171, %170[4, 0] : !llvm.struct<(ptr, ptr, i64, array<2 x i64>, array<2 x i64>)> 
    %173 = llvm.mlir.constant(4 : index) : i64
    %174 = llvm.insertvalue %173, %172[3, 1] : !llvm.struct<(ptr, ptr, i64, array<2 x i64>, array<2 x i64>)> 
    %175 = llvm.mlir.constant(1 : index) : i64
    %176 = llvm.insertvalue %175, %174[4, 1] : !llvm.struct<(ptr, ptr, i64, array<2 x i64>, array<2 x i64>)> 
    %177 = llvm.mul %144, %34 overflow<nsw> : i64
    %178 = llvm.add %177, %146 : i64
    %179 = llvm.mlir.poison : !llvm.struct<(ptr, ptr, i64, array<2 x i64>, array<2 x i64>)>
    %180 = llvm.extractvalue %53[0] : !llvm.struct<(ptr, ptr, i64, array<2 x i64>, array<2 x i64>)> 
    %181 = llvm.extractvalue %53[1] : !llvm.struct<(ptr, ptr, i64, array<2 x i64>, array<2 x i64>)> 
    %182 = llvm.insertvalue %180, %179[0] : !llvm.struct<(ptr, ptr, i64, array<2 x i64>, array<2 x i64>)> 
    %183 = llvm.insertvalue %181, %182[1] : !llvm.struct<(ptr, ptr, i64, array<2 x i64>, array<2 x i64>)> 
    %184 = llvm.insertvalue %178, %183[2] : !llvm.struct<(ptr, ptr, i64, array<2 x i64>, array<2 x i64>)> 
    %185 = llvm.mlir.constant(4 : index) : i64
    %186 = llvm.insertvalue %185, %184[3, 0] : !llvm.struct<(ptr, ptr, i64, array<2 x i64>, array<2 x i64>)> 
    %187 = llvm.mlir.constant(128 : index) : i64
    %188 = llvm.insertvalue %187, %186[4, 0] : !llvm.struct<(ptr, ptr, i64, array<2 x i64>, array<2 x i64>)> 
    %189 = llvm.mlir.constant(4 : index) : i64
    %190 = llvm.insertvalue %189, %188[3, 1] : !llvm.struct<(ptr, ptr, i64, array<2 x i64>, array<2 x i64>)> 
    %191 = llvm.mlir.constant(1 : index) : i64
    %192 = llvm.insertvalue %191, %190[4, 1] : !llvm.struct<(ptr, ptr, i64, array<2 x i64>, array<2 x i64>)> 
    %193 = llvm.extractvalue %11[0] : !llvm.struct<(ptr<1>, ptr<1>, i64, array<2 x i64>, array<2 x i64>)> 
    %194 = llvm.extractvalue %11[1] : !llvm.struct<(ptr<1>, ptr<1>, i64, array<2 x i64>, array<2 x i64>)> 
    %195 = llvm.mlir.poison : !llvm.struct<(ptr<1>, ptr<1>, i64)>
    %196 = llvm.insertvalue %193, %195[0] : !llvm.struct<(ptr<1>, ptr<1>, i64)> 
    %197 = llvm.insertvalue %194, %196[1] : !llvm.struct<(ptr<1>, ptr<1>, i64)> 
    %198 = llvm.mlir.constant(0 : index) : i64
    %199 = llvm.insertvalue %198, %197[2] : !llvm.struct<(ptr<1>, ptr<1>, i64)> 
    %200 = llvm.extractvalue %11[2] : !llvm.struct<(ptr<1>, ptr<1>, i64, array<2 x i64>, array<2 x i64>)> 
    %201 = llvm.extractvalue %11[3, 0] : !llvm.struct<(ptr<1>, ptr<1>, i64, array<2 x i64>, array<2 x i64>)> 
    %202 = llvm.extractvalue %11[3, 1] : !llvm.struct<(ptr<1>, ptr<1>, i64, array<2 x i64>, array<2 x i64>)> 
    %203 = llvm.extractvalue %11[4, 0] : !llvm.struct<(ptr<1>, ptr<1>, i64, array<2 x i64>, array<2 x i64>)> 
    %204 = llvm.extractvalue %11[4, 1] : !llvm.struct<(ptr<1>, ptr<1>, i64, array<2 x i64>, array<2 x i64>)> 
    %205 = llvm.mul %144, %35 overflow<nsw> : i64
    %206 = llvm.add %205, %148 : i64
    %207 = llvm.mlir.poison : !llvm.struct<(ptr<1>, ptr<1>, i64, array<2 x i64>, array<2 x i64>)>
    %208 = llvm.extractvalue %199[0] : !llvm.struct<(ptr<1>, ptr<1>, i64)> 
    %209 = llvm.extractvalue %199[1] : !llvm.struct<(ptr<1>, ptr<1>, i64)> 
    %210 = llvm.insertvalue %208, %207[0] : !llvm.struct<(ptr<1>, ptr<1>, i64, array<2 x i64>, array<2 x i64>)> 
    %211 = llvm.insertvalue %209, %210[1] : !llvm.struct<(ptr<1>, ptr<1>, i64, array<2 x i64>, array<2 x i64>)> 
    %212 = llvm.insertvalue %206, %211[2] : !llvm.struct<(ptr<1>, ptr<1>, i64, array<2 x i64>, array<2 x i64>)> 
    %213 = llvm.mlir.constant(4 : index) : i64
    %214 = llvm.insertvalue %213, %212[3, 0] : !llvm.struct<(ptr<1>, ptr<1>, i64, array<2 x i64>, array<2 x i64>)> 
    %215 = llvm.mlir.constant(1024 : index) : i64
    %216 = llvm.insertvalue %215, %214[4, 0] : !llvm.struct<(ptr<1>, ptr<1>, i64, array<2 x i64>, array<2 x i64>)> 
    %217 = llvm.mlir.constant(4 : index) : i64
    %218 = llvm.insertvalue %217, %216[3, 1] : !llvm.struct<(ptr<1>, ptr<1>, i64, array<2 x i64>, array<2 x i64>)> 
    %219 = llvm.mlir.constant(1 : index) : i64
    %220 = llvm.insertvalue %219, %218[4, 1] : !llvm.struct<(ptr<1>, ptr<1>, i64, array<2 x i64>, array<2 x i64>)> 
    llvm.br ^bb23(%arg2 : i64)
  ^bb23(%221: i64):  // 2 preds: ^bb22, ^bb27
    %222 = llvm.icmp "slt" %221, %arg14 : i64
    llvm.cond_br %222, ^bb24, ^bb28
  ^bb24:  // pred: ^bb23
    llvm.br ^bb25(%arg2 : i64)
  ^bb25(%223: i64):  // 2 preds: ^bb24, ^bb26
    %224 = llvm.icmp "slt" %223, %arg14 : i64
    llvm.cond_br %224, ^bb26, ^bb27
  ^bb26:  // pred: ^bb25
    %225 = llvm.extractvalue %176[1] : !llvm.struct<(ptr, ptr, i64, array<2 x i64>, array<2 x i64>)> 
    %226 = llvm.extractvalue %176[2] : !llvm.struct<(ptr, ptr, i64, array<2 x i64>, array<2 x i64>)> 
    %227 = llvm.getelementptr %225[%226] : (!llvm.ptr, i64) -> !llvm.ptr, f32
    %228 = llvm.mlir.constant(1024 : index) : i64
    %229 = llvm.mul %221, %228 overflow<nsw, nuw> : i64
    %230 = llvm.add %229, %223 overflow<nsw, nuw> : i64
    %231 = llvm.getelementptr inbounds|nuw %227[%230] : (!llvm.ptr, i64) -> !llvm.ptr, f32
    %232 = llvm.load %231 : !llvm.ptr -> f32
    %233 = llvm.extractvalue %192[1] : !llvm.struct<(ptr, ptr, i64, array<2 x i64>, array<2 x i64>)> 
    %234 = llvm.extractvalue %192[2] : !llvm.struct<(ptr, ptr, i64, array<2 x i64>, array<2 x i64>)> 
    %235 = llvm.getelementptr %233[%234] : (!llvm.ptr, i64) -> !llvm.ptr, f32
    %236 = llvm.mlir.constant(128 : index) : i64
    %237 = llvm.mul %221, %236 overflow<nsw, nuw> : i64
    %238 = llvm.add %237, %223 overflow<nsw, nuw> : i64
    %239 = llvm.getelementptr inbounds|nuw %235[%238] : (!llvm.ptr, i64) -> !llvm.ptr, f32
    %240 = llvm.load %239 : !llvm.ptr -> f32
    %241 = llvm.extractvalue %220[1] : !llvm.struct<(ptr<1>, ptr<1>, i64, array<2 x i64>, array<2 x i64>)> 
    %242 = llvm.extractvalue %220[2] : !llvm.struct<(ptr<1>, ptr<1>, i64, array<2 x i64>, array<2 x i64>)> 
    %243 = llvm.getelementptr %241[%242] : (!llvm.ptr<1>, i64) -> !llvm.ptr<1>, i32
    %244 = llvm.mlir.constant(1024 : index) : i64
    %245 = llvm.mul %221, %244 overflow<nsw, nuw> : i64
    %246 = llvm.add %245, %223 overflow<nsw, nuw> : i64
    %247 = llvm.getelementptr inbounds|nuw %243[%246] : (!llvm.ptr<1>, i64) -> !llvm.ptr<1>, i32
    %248 = llvm.load %247 : !llvm.ptr<1> -> i32
    %249 = llvm.extractvalue %140[1] : !llvm.struct<(ptr, ptr, i64)> 
    %250 = llvm.load %249 : !llvm.ptr -> f32
    %251 = llvm.add %144, %221 : i64
    %252 = llvm.add %146, %223 : i64
    %253 = llvm.add %252, %39 : i64
    %254 = llvm.sext %248 : i32 to i64
    %255 = llvm.extractvalue %33[1] : !llvm.struct<(ptr<1>, ptr<1>, i64, array<3 x i64>, array<3 x i64>)> 
    %256 = llvm.mlir.constant(1572864 : index) : i64
    %257 = llvm.mul %251, %256 overflow<nsw, nuw> : i64
    %258 = llvm.mlir.constant(1536 : index) : i64
    %259 = llvm.mul %253, %258 overflow<nsw, nuw> : i64
    %260 = llvm.add %257, %259 overflow<nsw, nuw> : i64
    %261 = llvm.add %260, %254 overflow<nsw, nuw> : i64
    %262 = llvm.getelementptr inbounds|nuw %255[%261] : (!llvm.ptr<1>, i64) -> !llvm.ptr<1>, f32
    %263 = llvm.load %262 : !llvm.ptr<1> -> f32
    %264 = llvm.call @__nv_logf(%232) : (f32) -> f32
    %265 = llvm.fadd %264, %240 : f32
    %266 = llvm.fsub %265, %263 : f32
    %267 = llvm.fadd %266, %250 : f32
    %268 = llvm.extractvalue %140[1] : !llvm.struct<(ptr, ptr, i64)> 
    llvm.store %267, %268 : f32, !llvm.ptr
    %269 = llvm.add %223, %arg3 : i64
    llvm.br ^bb25(%269 : i64)
  ^bb27:  // pred: ^bb25
    %270 = llvm.add %221, %arg3 : i64
    llvm.br ^bb23(%270 : i64)
  ^bb28:  // pred: ^bb23
    %271 = llvm.add %146, %arg14 : i64
    llvm.br ^bb21(%271 : i64)
  ^bb29:  // pred: ^bb21
    %272 = llvm.add %144, %arg14 : i64
    llvm.br ^bb19(%272 : i64)
  ^bb30:  // pred: ^bb19
    %273 = llvm.extractvalue %140[1] : !llvm.struct<(ptr, ptr, i64)> 
    %274 = llvm.load %273 : !llvm.ptr -> f32
    %275 = llvm.fdiv %274, %arg33 : f32
    %276 = llvm.extractvalue %3[1] : !llvm.struct<(ptr, ptr, i64)> 
    llvm.store %275, %276 : f32, !llvm.ptr
    llvm.return
  }
}

// -----// IR Dump After ReconcileUnrealizedCastsPass (reconcile-unrealized-casts) //----- //
gpu.module @main_kernel [#nvvm.target<O = 3, chip = "sm_86", features = "+ptx76", flags = {fast, ftz}>] {
  llvm.func @__nv_expf(f32) -> f32
  llvm.func @main_kernel(%arg0: i64, %arg1: !llvm.ptr, %arg2: !llvm.ptr, %arg3: i64, %arg4: i64, %arg5: i64, %arg6: i64, %arg7: i64, %arg8: f32, %arg9: i64, %arg10: i64, %arg11: i64, %arg12: !llvm.ptr<1>, %arg13: !llvm.ptr<1>, %arg14: i64, %arg15: i64, %arg16: i64, %arg17: i64, %arg18: i64, %arg19: i64, %arg20: i64, %arg21: i64, %arg22: i64, %arg23: f32) attributes {gpu.kernel, gpu.known_block_size = array<i32: 1, 1, 1>, gpu.known_grid_size = array<i32: 8, 1, 1>, nvvm.kernel, nvvm.maxntid = array<i32: 1, 1, 1>} {
    %0 = llvm.mlir.poison : !llvm.struct<(ptr<1>, ptr<1>, i64, array<3 x i64>, array<3 x i64>)>
    %1 = llvm.insertvalue %arg12, %0[0] : !llvm.struct<(ptr<1>, ptr<1>, i64, array<3 x i64>, array<3 x i64>)> 
    %2 = llvm.insertvalue %arg13, %1[1] : !llvm.struct<(ptr<1>, ptr<1>, i64, array<3 x i64>, array<3 x i64>)> 
    %3 = llvm.insertvalue %arg14, %2[2] : !llvm.struct<(ptr<1>, ptr<1>, i64, array<3 x i64>, array<3 x i64>)> 
    %4 = llvm.insertvalue %arg15, %3[3, 0] : !llvm.struct<(ptr<1>, ptr<1>, i64, array<3 x i64>, array<3 x i64>)> 
    %5 = llvm.insertvalue %arg18, %4[4, 0] : !llvm.struct<(ptr<1>, ptr<1>, i64, array<3 x i64>, array<3 x i64>)> 
    %6 = llvm.insertvalue %arg16, %5[3, 1] : !llvm.struct<(ptr<1>, ptr<1>, i64, array<3 x i64>, array<3 x i64>)> 
    %7 = llvm.insertvalue %arg19, %6[4, 1] : !llvm.struct<(ptr<1>, ptr<1>, i64, array<3 x i64>, array<3 x i64>)> 
    %8 = llvm.insertvalue %arg17, %7[3, 2] : !llvm.struct<(ptr<1>, ptr<1>, i64, array<3 x i64>, array<3 x i64>)> 
    %9 = llvm.insertvalue %arg20, %8[4, 2] : !llvm.struct<(ptr<1>, ptr<1>, i64, array<3 x i64>, array<3 x i64>)> 
    %10 = llvm.mlir.poison : !llvm.struct<(ptr, ptr, i64, array<2 x i64>, array<2 x i64>)>
    %11 = llvm.insertvalue %arg1, %10[0] : !llvm.struct<(ptr, ptr, i64, array<2 x i64>, array<2 x i64>)> 
    %12 = llvm.insertvalue %arg2, %11[1] : !llvm.struct<(ptr, ptr, i64, array<2 x i64>, array<2 x i64>)> 
    %13 = llvm.insertvalue %arg3, %12[2] : !llvm.struct<(ptr, ptr, i64, array<2 x i64>, array<2 x i64>)> 
    %14 = llvm.insertvalue %arg4, %13[3, 0] : !llvm.struct<(ptr, ptr, i64, array<2 x i64>, array<2 x i64>)> 
    %15 = llvm.insertvalue %arg6, %14[4, 0] : !llvm.struct<(ptr, ptr, i64, array<2 x i64>, array<2 x i64>)> 
    %16 = llvm.insertvalue %arg5, %15[3, 1] : !llvm.struct<(ptr, ptr, i64, array<2 x i64>, array<2 x i64>)> 
    %17 = llvm.insertvalue %arg7, %16[4, 1] : !llvm.struct<(ptr, ptr, i64, array<2 x i64>, array<2 x i64>)> 
    %18 = llvm.mlir.constant(1536 : index) : i64
    %19 = nvvm.read.ptx.sreg.ctaid.x range <i32, 0, 8> : i32
    %20 = llvm.sext %19 : i32 to i64
    %21 = llvm.mul %20, %arg0 overflow<nsw> : i64
    %22 = llvm.extractvalue %17[0] : !llvm.struct<(ptr, ptr, i64, array<2 x i64>, array<2 x i64>)> 
    %23 = llvm.extractvalue %17[1] : !llvm.struct<(ptr, ptr, i64, array<2 x i64>, array<2 x i64>)> 
    %24 = llvm.mlir.poison : !llvm.struct<(ptr, ptr, i64)>
    %25 = llvm.insertvalue %22, %24[0] : !llvm.struct<(ptr, ptr, i64)> 
    %26 = llvm.insertvalue %23, %25[1] : !llvm.struct<(ptr, ptr, i64)> 
    %27 = llvm.mlir.constant(0 : index) : i64
    %28 = llvm.insertvalue %27, %26[2] : !llvm.struct<(ptr, ptr, i64)> 
    %29 = llvm.extractvalue %17[2] : !llvm.struct<(ptr, ptr, i64, array<2 x i64>, array<2 x i64>)> 
    %30 = llvm.extractvalue %17[3, 0] : !llvm.struct<(ptr, ptr, i64, array<2 x i64>, array<2 x i64>)> 
    %31 = llvm.extractvalue %17[3, 1] : !llvm.struct<(ptr, ptr, i64, array<2 x i64>, array<2 x i64>)> 
    %32 = llvm.extractvalue %17[4, 0] : !llvm.struct<(ptr, ptr, i64, array<2 x i64>, array<2 x i64>)> 
    %33 = llvm.extractvalue %17[4, 1] : !llvm.struct<(ptr, ptr, i64, array<2 x i64>, array<2 x i64>)> 
    %34 = llvm.mlir.poison : !llvm.struct<(ptr, ptr, i64, array<2 x i64>, array<2 x i64>)>
    %35 = llvm.extractvalue %28[0] : !llvm.struct<(ptr, ptr, i64)> 
    %36 = llvm.extractvalue %28[1] : !llvm.struct<(ptr, ptr, i64)> 
    %37 = llvm.insertvalue %35, %34[0] : !llvm.struct<(ptr, ptr, i64, array<2 x i64>, array<2 x i64>)> 
    %38 = llvm.insertvalue %36, %37[1] : !llvm.struct<(ptr, ptr, i64, array<2 x i64>, array<2 x i64>)> 
    %39 = llvm.insertvalue %21, %38[2] : !llvm.struct<(ptr, ptr, i64, array<2 x i64>, array<2 x i64>)> 
    %40 = llvm.mlir.constant(8 : index) : i64
    %41 = llvm.insertvalue %40, %39[3, 0] : !llvm.struct<(ptr, ptr, i64, array<2 x i64>, array<2 x i64>)> 
    %42 = llvm.mlir.constant(1024 : index) : i64
    %43 = llvm.insertvalue %42, %41[4, 0] : !llvm.struct<(ptr, ptr, i64, array<2 x i64>, array<2 x i64>)> 
    %44 = llvm.mlir.constant(128 : index) : i64
    %45 = llvm.insertvalue %44, %43[3, 1] : !llvm.struct<(ptr, ptr, i64, array<2 x i64>, array<2 x i64>)> 
    %46 = llvm.mlir.constant(1 : index) : i64
    %47 = llvm.insertvalue %46, %45[4, 1] : !llvm.struct<(ptr, ptr, i64, array<2 x i64>, array<2 x i64>)> 
    %48 = llvm.mlir.constant(8 : index) : i64
    %49 = llvm.mlir.constant(128 : index) : i64
    %50 = llvm.mlir.constant(1 : index) : i64
    %51 = llvm.mlir.constant(1024 : index) : i64
    %52 = llvm.alloca %51 x f32 : (i64) -> !llvm.ptr
    %53 = llvm.mlir.poison : !llvm.struct<(ptr, ptr, i64, array<2 x i64>, array<2 x i64>)>
    %54 = llvm.insertvalue %52, %53[0] : !llvm.struct<(ptr, ptr, i64, array<2 x i64>, array<2 x i64>)> 
    %55 = llvm.insertvalue %52, %54[1] : !llvm.struct<(ptr, ptr, i64, array<2 x i64>, array<2 x i64>)> 
    %56 = llvm.mlir.constant(0 : index) : i64
    %57 = llvm.insertvalue %56, %55[2] : !llvm.struct<(ptr, ptr, i64, array<2 x i64>, array<2 x i64>)> 
    %58 = llvm.insertvalue %48, %57[3, 0] : !llvm.struct<(ptr, ptr, i64, array<2 x i64>, array<2 x i64>)> 
    %59 = llvm.insertvalue %49, %58[3, 1] : !llvm.struct<(ptr, ptr, i64, array<2 x i64>, array<2 x i64>)> 
    %60 = llvm.insertvalue %49, %59[4, 0] : !llvm.struct<(ptr, ptr, i64, array<2 x i64>, array<2 x i64>)> 
    %61 = llvm.insertvalue %50, %60[4, 1] : !llvm.struct<(ptr, ptr, i64, array<2 x i64>, array<2 x i64>)> 
    llvm.br ^bb1(%arg9 : i64)
  ^bb1(%62: i64):  // 2 preds: ^bb0, ^bb5
    %63 = llvm.icmp "slt" %62, %arg11 : i64
    llvm.cond_br %63, ^bb2, ^bb6
  ^bb2:  // pred: ^bb1
    llvm.br ^bb3(%arg9 : i64)
  ^bb3(%64: i64):  // 2 preds: ^bb2, ^bb4
    %65 = llvm.icmp "slt" %64, %arg0 : i64
    llvm.cond_br %65, ^bb4, ^bb5
  ^bb4:  // pred: ^bb3
    %66 = llvm.extractvalue %61[1] : !llvm.struct<(ptr, ptr, i64, array<2 x i64>, array<2 x i64>)> 
    %67 = llvm.mlir.constant(128 : index) : i64
    %68 = llvm.mul %62, %67 overflow<nsw, nuw> : i64
    %69 = llvm.add %68, %64 overflow<nsw, nuw> : i64
    %70 = llvm.getelementptr inbounds|nuw %66[%69] : (!llvm.ptr, i64) -> !llvm.ptr, f32
    llvm.store %arg8, %70 : f32, !llvm.ptr
    %71 = llvm.add %64, %arg10 : i64
    llvm.br ^bb3(%71 : i64)
  ^bb5:  // pred: ^bb3
    %72 = llvm.add %62, %arg10 : i64
    llvm.br ^bb1(%72 : i64)
  ^bb6:  // pred: ^bb1
    llvm.br ^bb7(%arg9 : i64)
  ^bb7(%73: i64):  // 2 preds: ^bb6, ^bb17
    %74 = llvm.icmp "slt" %73, %arg22 : i64
    llvm.cond_br %74, ^bb8, ^bb18
  ^bb8:  // pred: ^bb7
    %75 = llvm.extractvalue %9[0] : !llvm.struct<(ptr<1>, ptr<1>, i64, array<3 x i64>, array<3 x i64>)> 
    %76 = llvm.extractvalue %9[1] : !llvm.struct<(ptr<1>, ptr<1>, i64, array<3 x i64>, array<3 x i64>)> 
    %77 = llvm.mlir.poison : !llvm.struct<(ptr<1>, ptr<1>, i64)>
    %78 = llvm.insertvalue %75, %77[0] : !llvm.struct<(ptr<1>, ptr<1>, i64)> 
    %79 = llvm.insertvalue %76, %78[1] : !llvm.struct<(ptr<1>, ptr<1>, i64)> 
    %80 = llvm.mlir.constant(0 : index) : i64
    %81 = llvm.insertvalue %80, %79[2] : !llvm.struct<(ptr<1>, ptr<1>, i64)> 
    %82 = llvm.extractvalue %9[2] : !llvm.struct<(ptr<1>, ptr<1>, i64, array<3 x i64>, array<3 x i64>)> 
    %83 = llvm.extractvalue %9[3, 0] : !llvm.struct<(ptr<1>, ptr<1>, i64, array<3 x i64>, array<3 x i64>)> 
    %84 = llvm.extractvalue %9[3, 1] : !llvm.struct<(ptr<1>, ptr<1>, i64, array<3 x i64>, array<3 x i64>)> 
    %85 = llvm.extractvalue %9[3, 2] : !llvm.struct<(ptr<1>, ptr<1>, i64, array<3 x i64>, array<3 x i64>)> 
    %86 = llvm.extractvalue %9[4, 0] : !llvm.struct<(ptr<1>, ptr<1>, i64, array<3 x i64>, array<3 x i64>)> 
    %87 = llvm.extractvalue %9[4, 1] : !llvm.struct<(ptr<1>, ptr<1>, i64, array<3 x i64>, array<3 x i64>)> 
    %88 = llvm.extractvalue %9[4, 2] : !llvm.struct<(ptr<1>, ptr<1>, i64, array<3 x i64>, array<3 x i64>)> 
    %89 = llvm.mul %21, %18 overflow<nsw> : i64
    %90 = llvm.add %89, %73 : i64
    %91 = llvm.mlir.poison : !llvm.struct<(ptr<1>, ptr<1>, i64, array<3 x i64>, array<3 x i64>)>
    %92 = llvm.extractvalue %81[0] : !llvm.struct<(ptr<1>, ptr<1>, i64)> 
    %93 = llvm.extractvalue %81[1] : !llvm.struct<(ptr<1>, ptr<1>, i64)> 
    %94 = llvm.insertvalue %92, %91[0] : !llvm.struct<(ptr<1>, ptr<1>, i64, array<3 x i64>, array<3 x i64>)> 
    %95 = llvm.insertvalue %93, %94[1] : !llvm.struct<(ptr<1>, ptr<1>, i64, array<3 x i64>, array<3 x i64>)> 
    %96 = llvm.insertvalue %90, %95[2] : !llvm.struct<(ptr<1>, ptr<1>, i64, array<3 x i64>, array<3 x i64>)> 
    %97 = llvm.mlir.constant(8 : index) : i64
    %98 = llvm.insertvalue %97, %96[3, 0] : !llvm.struct<(ptr<1>, ptr<1>, i64, array<3 x i64>, array<3 x i64>)> 
    %99 = llvm.mlir.constant(1572864 : index) : i64
    %100 = llvm.insertvalue %99, %98[4, 0] : !llvm.struct<(ptr<1>, ptr<1>, i64, array<3 x i64>, array<3 x i64>)> 
    %101 = llvm.mlir.constant(128 : index) : i64
    %102 = llvm.insertvalue %101, %100[3, 1] : !llvm.struct<(ptr<1>, ptr<1>, i64, array<3 x i64>, array<3 x i64>)> 
    %103 = llvm.mlir.constant(1536 : index) : i64
    %104 = llvm.insertvalue %103, %102[4, 1] : !llvm.struct<(ptr<1>, ptr<1>, i64, array<3 x i64>, array<3 x i64>)> 
    %105 = llvm.mlir.constant(4 : index) : i64
    %106 = llvm.insertvalue %105, %104[3, 2] : !llvm.struct<(ptr<1>, ptr<1>, i64, array<3 x i64>, array<3 x i64>)> 
    %107 = llvm.mlir.constant(1 : index) : i64
    %108 = llvm.insertvalue %107, %106[4, 2] : !llvm.struct<(ptr<1>, ptr<1>, i64, array<3 x i64>, array<3 x i64>)> 
    llvm.br ^bb9(%arg9 : i64)
  ^bb9(%109: i64):  // 2 preds: ^bb8, ^bb16
    %110 = llvm.icmp "slt" %109, %arg11 : i64
    llvm.cond_br %110, ^bb10, ^bb17
  ^bb10:  // pred: ^bb9
    llvm.br ^bb11(%arg9 : i64)
  ^bb11(%111: i64):  // 2 preds: ^bb10, ^bb15
    %112 = llvm.icmp "slt" %111, %arg0 : i64
    llvm.cond_br %112, ^bb12, ^bb16
  ^bb12:  // pred: ^bb11
    llvm.br ^bb13(%arg9 : i64)
  ^bb13(%113: i64):  // 2 preds: ^bb12, ^bb14
    %114 = llvm.icmp "slt" %113, %arg21 : i64
    llvm.cond_br %114, ^bb14, ^bb15
  ^bb14:  // pred: ^bb13
    %115 = llvm.extractvalue %108[1] : !llvm.struct<(ptr<1>, ptr<1>, i64, array<3 x i64>, array<3 x i64>)> 
    %116 = llvm.extractvalue %108[2] : !llvm.struct<(ptr<1>, ptr<1>, i64, array<3 x i64>, array<3 x i64>)> 
    %117 = llvm.getelementptr %115[%116] : (!llvm.ptr<1>, i64) -> !llvm.ptr<1>, f32
    %118 = llvm.mlir.constant(1572864 : index) : i64
    %119 = llvm.mul %109, %118 overflow<nsw, nuw> : i64
    %120 = llvm.mlir.constant(1536 : index) : i64
    %121 = llvm.mul %111, %120 overflow<nsw, nuw> : i64
    %122 = llvm.add %119, %121 overflow<nsw, nuw> : i64
    %123 = llvm.add %122, %113 overflow<nsw, nuw> : i64
    %124 = llvm.getelementptr inbounds|nuw %117[%123] : (!llvm.ptr<1>, i64) -> !llvm.ptr<1>, f32
    %125 = llvm.load %124 : !llvm.ptr<1> -> f32
    %126 = llvm.extractvalue %61[1] : !llvm.struct<(ptr, ptr, i64, array<2 x i64>, array<2 x i64>)> 
    %127 = llvm.mlir.constant(128 : index) : i64
    %128 = llvm.mul %109, %127 overflow<nsw, nuw> : i64
    %129 = llvm.add %128, %111 overflow<nsw, nuw> : i64
    %130 = llvm.getelementptr inbounds|nuw %126[%129] : (!llvm.ptr, i64) -> !llvm.ptr, f32
    %131 = llvm.load %130 : !llvm.ptr -> f32
    %132 = llvm.intr.maximum(%125, %131) : (f32, f32) -> f32
    %133 = llvm.extractvalue %61[1] : !llvm.struct<(ptr, ptr, i64, array<2 x i64>, array<2 x i64>)> 
    %134 = llvm.mlir.constant(128 : index) : i64
    %135 = llvm.mul %109, %134 overflow<nsw, nuw> : i64
    %136 = llvm.add %135, %111 overflow<nsw, nuw> : i64
    %137 = llvm.getelementptr inbounds|nuw %133[%136] : (!llvm.ptr, i64) -> !llvm.ptr, f32
    llvm.store %132, %137 : f32, !llvm.ptr
    %138 = llvm.add %113, %arg10 : i64
    llvm.br ^bb13(%138 : i64)
  ^bb15:  // pred: ^bb13
    %139 = llvm.add %111, %arg10 : i64
    llvm.br ^bb11(%139 : i64)
  ^bb16:  // pred: ^bb11
    %140 = llvm.add %109, %arg10 : i64
    llvm.br ^bb9(%140 : i64)
  ^bb17:  // pred: ^bb9
    %141 = llvm.add %73, %arg21 : i64
    llvm.br ^bb7(%141 : i64)
  ^bb18:  // pred: ^bb7
    llvm.br ^bb19(%arg9 : i64)
  ^bb19(%142: i64):  // 2 preds: ^bb18, ^bb23
    %143 = llvm.icmp "slt" %142, %arg11 : i64
    llvm.cond_br %143, ^bb20, ^bb24
  ^bb20:  // pred: ^bb19
    llvm.br ^bb21(%arg9 : i64)
  ^bb21(%144: i64):  // 2 preds: ^bb20, ^bb22
    %145 = llvm.icmp "slt" %144, %arg0 : i64
    llvm.cond_br %145, ^bb22, ^bb23
  ^bb22:  // pred: ^bb21
    %146 = llvm.extractvalue %47[1] : !llvm.struct<(ptr, ptr, i64, array<2 x i64>, array<2 x i64>)> 
    %147 = llvm.extractvalue %47[2] : !llvm.struct<(ptr, ptr, i64, array<2 x i64>, array<2 x i64>)> 
    %148 = llvm.getelementptr %146[%147] : (!llvm.ptr, i64) -> !llvm.ptr, f32
    %149 = llvm.mlir.constant(1024 : index) : i64
    %150 = llvm.mul %142, %149 overflow<nsw, nuw> : i64
    %151 = llvm.add %150, %144 overflow<nsw, nuw> : i64
    %152 = llvm.getelementptr inbounds|nuw %148[%151] : (!llvm.ptr, i64) -> !llvm.ptr, f32
    llvm.store %arg23, %152 : f32, !llvm.ptr
    %153 = llvm.add %144, %arg10 : i64
    llvm.br ^bb21(%153 : i64)
  ^bb23:  // pred: ^bb21
    %154 = llvm.add %142, %arg10 : i64
    llvm.br ^bb19(%154 : i64)
  ^bb24:  // pred: ^bb19
    llvm.br ^bb25(%arg9 : i64)
  ^bb25(%155: i64):  // 2 preds: ^bb24, ^bb35
    %156 = llvm.icmp "slt" %155, %arg22 : i64
    llvm.cond_br %156, ^bb26, ^bb36
  ^bb26:  // pred: ^bb25
    %157 = llvm.extractvalue %9[0] : !llvm.struct<(ptr<1>, ptr<1>, i64, array<3 x i64>, array<3 x i64>)> 
    %158 = llvm.extractvalue %9[1] : !llvm.struct<(ptr<1>, ptr<1>, i64, array<3 x i64>, array<3 x i64>)> 
    %159 = llvm.mlir.poison : !llvm.struct<(ptr<1>, ptr<1>, i64)>
    %160 = llvm.insertvalue %157, %159[0] : !llvm.struct<(ptr<1>, ptr<1>, i64)> 
    %161 = llvm.insertvalue %158, %160[1] : !llvm.struct<(ptr<1>, ptr<1>, i64)> 
    %162 = llvm.mlir.constant(0 : index) : i64
    %163 = llvm.insertvalue %162, %161[2] : !llvm.struct<(ptr<1>, ptr<1>, i64)> 
    %164 = llvm.extractvalue %9[2] : !llvm.struct<(ptr<1>, ptr<1>, i64, array<3 x i64>, array<3 x i64>)> 
    %165 = llvm.extractvalue %9[3, 0] : !llvm.struct<(ptr<1>, ptr<1>, i64, array<3 x i64>, array<3 x i64>)> 
    %166 = llvm.extractvalue %9[3, 1] : !llvm.struct<(ptr<1>, ptr<1>, i64, array<3 x i64>, array<3 x i64>)> 
    %167 = llvm.extractvalue %9[3, 2] : !llvm.struct<(ptr<1>, ptr<1>, i64, array<3 x i64>, array<3 x i64>)> 
    %168 = llvm.extractvalue %9[4, 0] : !llvm.struct<(ptr<1>, ptr<1>, i64, array<3 x i64>, array<3 x i64>)> 
    %169 = llvm.extractvalue %9[4, 1] : !llvm.struct<(ptr<1>, ptr<1>, i64, array<3 x i64>, array<3 x i64>)> 
    %170 = llvm.extractvalue %9[4, 2] : !llvm.struct<(ptr<1>, ptr<1>, i64, array<3 x i64>, array<3 x i64>)> 
    %171 = llvm.mul %21, %18 overflow<nsw> : i64
    %172 = llvm.add %171, %155 : i64
    %173 = llvm.mlir.poison : !llvm.struct<(ptr<1>, ptr<1>, i64, array<3 x i64>, array<3 x i64>)>
    %174 = llvm.extractvalue %163[0] : !llvm.struct<(ptr<1>, ptr<1>, i64)> 
    %175 = llvm.extractvalue %163[1] : !llvm.struct<(ptr<1>, ptr<1>, i64)> 
    %176 = llvm.insertvalue %174, %173[0] : !llvm.struct<(ptr<1>, ptr<1>, i64, array<3 x i64>, array<3 x i64>)> 
    %177 = llvm.insertvalue %175, %176[1] : !llvm.struct<(ptr<1>, ptr<1>, i64, array<3 x i64>, array<3 x i64>)> 
    %178 = llvm.insertvalue %172, %177[2] : !llvm.struct<(ptr<1>, ptr<1>, i64, array<3 x i64>, array<3 x i64>)> 
    %179 = llvm.mlir.constant(8 : index) : i64
    %180 = llvm.insertvalue %179, %178[3, 0] : !llvm.struct<(ptr<1>, ptr<1>, i64, array<3 x i64>, array<3 x i64>)> 
    %181 = llvm.mlir.constant(1572864 : index) : i64
    %182 = llvm.insertvalue %181, %180[4, 0] : !llvm.struct<(ptr<1>, ptr<1>, i64, array<3 x i64>, array<3 x i64>)> 
    %183 = llvm.mlir.constant(128 : index) : i64
    %184 = llvm.insertvalue %183, %182[3, 1] : !llvm.struct<(ptr<1>, ptr<1>, i64, array<3 x i64>, array<3 x i64>)> 
    %185 = llvm.mlir.constant(1536 : index) : i64
    %186 = llvm.insertvalue %185, %184[4, 1] : !llvm.struct<(ptr<1>, ptr<1>, i64, array<3 x i64>, array<3 x i64>)> 
    %187 = llvm.mlir.constant(4 : index) : i64
    %188 = llvm.insertvalue %187, %186[3, 2] : !llvm.struct<(ptr<1>, ptr<1>, i64, array<3 x i64>, array<3 x i64>)> 
    %189 = llvm.mlir.constant(1 : index) : i64
    %190 = llvm.insertvalue %189, %188[4, 2] : !llvm.struct<(ptr<1>, ptr<1>, i64, array<3 x i64>, array<3 x i64>)> 
    llvm.br ^bb27(%arg9 : i64)
  ^bb27(%191: i64):  // 2 preds: ^bb26, ^bb34
    %192 = llvm.icmp "slt" %191, %arg11 : i64
    llvm.cond_br %192, ^bb28, ^bb35
  ^bb28:  // pred: ^bb27
    llvm.br ^bb29(%arg9 : i64)
  ^bb29(%193: i64):  // 2 preds: ^bb28, ^bb33
    %194 = llvm.icmp "slt" %193, %arg0 : i64
    llvm.cond_br %194, ^bb30, ^bb34
  ^bb30:  // pred: ^bb29
    llvm.br ^bb31(%arg9 : i64)
  ^bb31(%195: i64):  // 2 preds: ^bb30, ^bb32
    %196 = llvm.icmp "slt" %195, %arg21 : i64
    llvm.cond_br %196, ^bb32, ^bb33
  ^bb32:  // pred: ^bb31
    %197 = llvm.extractvalue %190[1] : !llvm.struct<(ptr<1>, ptr<1>, i64, array<3 x i64>, array<3 x i64>)> 
    %198 = llvm.extractvalue %190[2] : !llvm.struct<(ptr<1>, ptr<1>, i64, array<3 x i64>, array<3 x i64>)> 
    %199 = llvm.getelementptr %197[%198] : (!llvm.ptr<1>, i64) -> !llvm.ptr<1>, f32
    %200 = llvm.mlir.constant(1572864 : index) : i64
    %201 = llvm.mul %191, %200 overflow<nsw, nuw> : i64
    %202 = llvm.mlir.constant(1536 : index) : i64
    %203 = llvm.mul %193, %202 overflow<nsw, nuw> : i64
    %204 = llvm.add %201, %203 overflow<nsw, nuw> : i64
    %205 = llvm.add %204, %195 overflow<nsw, nuw> : i64
    %206 = llvm.getelementptr inbounds|nuw %199[%205] : (!llvm.ptr<1>, i64) -> !llvm.ptr<1>, f32
    %207 = llvm.load %206 : !llvm.ptr<1> -> f32
    %208 = llvm.extractvalue %61[1] : !llvm.struct<(ptr, ptr, i64, array<2 x i64>, array<2 x i64>)> 
    %209 = llvm.mlir.constant(128 : index) : i64
    %210 = llvm.mul %191, %209 overflow<nsw, nuw> : i64
    %211 = llvm.add %210, %193 overflow<nsw, nuw> : i64
    %212 = llvm.getelementptr inbounds|nuw %208[%211] : (!llvm.ptr, i64) -> !llvm.ptr, f32
    %213 = llvm.load %212 : !llvm.ptr -> f32
    %214 = llvm.extractvalue %47[1] : !llvm.struct<(ptr, ptr, i64, array<2 x i64>, array<2 x i64>)> 
    %215 = llvm.extractvalue %47[2] : !llvm.struct<(ptr, ptr, i64, array<2 x i64>, array<2 x i64>)> 
    %216 = llvm.getelementptr %214[%215] : (!llvm.ptr, i64) -> !llvm.ptr, f32
    %217 = llvm.mlir.constant(1024 : index) : i64
    %218 = llvm.mul %191, %217 overflow<nsw, nuw> : i64
    %219 = llvm.add %218, %193 overflow<nsw, nuw> : i64
    %220 = llvm.getelementptr inbounds|nuw %216[%219] : (!llvm.ptr, i64) -> !llvm.ptr, f32
    %221 = llvm.load %220 : !llvm.ptr -> f32
    %222 = llvm.fsub %207, %213 : f32
    %223 = llvm.call @__nv_expf(%222) : (f32) -> f32
    %224 = llvm.fadd %223, %221 : f32
    %225 = llvm.extractvalue %47[1] : !llvm.struct<(ptr, ptr, i64, array<2 x i64>, array<2 x i64>)> 
    %226 = llvm.extractvalue %47[2] : !llvm.struct<(ptr, ptr, i64, array<2 x i64>, array<2 x i64>)> 
    %227 = llvm.getelementptr %225[%226] : (!llvm.ptr, i64) -> !llvm.ptr, f32
    %228 = llvm.mlir.constant(1024 : index) : i64
    %229 = llvm.mul %191, %228 overflow<nsw, nuw> : i64
    %230 = llvm.add %229, %193 overflow<nsw, nuw> : i64
    %231 = llvm.getelementptr inbounds|nuw %227[%230] : (!llvm.ptr, i64) -> !llvm.ptr, f32
    llvm.store %224, %231 : f32, !llvm.ptr
    %232 = llvm.add %195, %arg10 : i64
    llvm.br ^bb31(%232 : i64)
  ^bb33:  // pred: ^bb31
    %233 = llvm.add %193, %arg10 : i64
    llvm.br ^bb29(%233 : i64)
  ^bb34:  // pred: ^bb29
    %234 = llvm.add %191, %arg10 : i64
    llvm.br ^bb27(%234 : i64)
  ^bb35:  // pred: ^bb27
    %235 = llvm.add %155, %arg21 : i64
    llvm.br ^bb25(%235 : i64)
  ^bb36:  // pred: ^bb25
    llvm.return
  }
}

// -----// IR Dump After ConvertMathToLLVMPass (convert-math-to-llvm) //----- //
gpu.module @main_kernel_0 [#nvvm.target<O = 3, chip = "sm_86", features = "+ptx76", flags = {fast, ftz}>] {
  llvm.func @__nv_fmaxf(f32, f32) -> f32
  llvm.func @__nv_logf(f32) -> f32
  llvm.func @main_kernel(%arg0: i64, %arg1: f32, %arg2: i64, %arg3: i64, %arg4: i64, %arg5: !llvm.ptr<1>, %arg6: !llvm.ptr<1>, %arg7: i64, %arg8: i64, %arg9: i64, %arg10: i64, %arg11: i64, %arg12: i64, %arg13: i64, %arg14: i64, %arg15: i64, %arg16: !llvm.ptr, %arg17: !llvm.ptr, %arg18: i64, %arg19: !llvm.ptr, %arg20: !llvm.ptr, %arg21: i64, %arg22: i64, %arg23: i64, %arg24: i64, %arg25: i64, %arg26: !llvm.ptr<1>, %arg27: !llvm.ptr<1>, %arg28: i64, %arg29: i64, %arg30: i64, %arg31: i64, %arg32: i64, %arg33: f32, %arg34: !llvm.ptr, %arg35: !llvm.ptr, %arg36: i64) attributes {gpu.kernel, gpu.known_block_size = array<i32: 1, 1, 1>, gpu.known_grid_size = array<i32: 8, 1, 1>, nvvm.kernel, nvvm.maxntid = array<i32: 1, 1, 1>} {
    %0 = llvm.mlir.poison : !llvm.struct<(ptr, ptr, i64)>
    %1 = llvm.insertvalue %arg34, %0[0] : !llvm.struct<(ptr, ptr, i64)> 
    %2 = llvm.insertvalue %arg35, %1[1] : !llvm.struct<(ptr, ptr, i64)> 
    %3 = llvm.insertvalue %arg36, %2[2] : !llvm.struct<(ptr, ptr, i64)> 
    %4 = llvm.mlir.poison : !llvm.struct<(ptr<1>, ptr<1>, i64, array<2 x i64>, array<2 x i64>)>
    %5 = llvm.insertvalue %arg26, %4[0] : !llvm.struct<(ptr<1>, ptr<1>, i64, array<2 x i64>, array<2 x i64>)> 
    %6 = llvm.insertvalue %arg27, %5[1] : !llvm.struct<(ptr<1>, ptr<1>, i64, array<2 x i64>, array<2 x i64>)> 
    %7 = llvm.insertvalue %arg28, %6[2] : !llvm.struct<(ptr<1>, ptr<1>, i64, array<2 x i64>, array<2 x i64>)> 
    %8 = llvm.insertvalue %arg29, %7[3, 0] : !llvm.struct<(ptr<1>, ptr<1>, i64, array<2 x i64>, array<2 x i64>)> 
    %9 = llvm.insertvalue %arg31, %8[4, 0] : !llvm.struct<(ptr<1>, ptr<1>, i64, array<2 x i64>, array<2 x i64>)> 
    %10 = llvm.insertvalue %arg30, %9[3, 1] : !llvm.struct<(ptr<1>, ptr<1>, i64, array<2 x i64>, array<2 x i64>)> 
    %11 = llvm.insertvalue %arg32, %10[4, 1] : !llvm.struct<(ptr<1>, ptr<1>, i64, array<2 x i64>, array<2 x i64>)> 
    %12 = llvm.mlir.poison : !llvm.struct<(ptr, ptr, i64, array<2 x i64>, array<2 x i64>)>
    %13 = llvm.insertvalue %arg19, %12[0] : !llvm.struct<(ptr, ptr, i64, array<2 x i64>, array<2 x i64>)> 
    %14 = llvm.insertvalue %arg20, %13[1] : !llvm.struct<(ptr, ptr, i64, array<2 x i64>, array<2 x i64>)> 
    %15 = llvm.insertvalue %arg21, %14[2] : !llvm.struct<(ptr, ptr, i64, array<2 x i64>, array<2 x i64>)> 
    %16 = llvm.insertvalue %arg22, %15[3, 0] : !llvm.struct<(ptr, ptr, i64, array<2 x i64>, array<2 x i64>)> 
    %17 = llvm.insertvalue %arg24, %16[4, 0] : !llvm.struct<(ptr, ptr, i64, array<2 x i64>, array<2 x i64>)> 
    %18 = llvm.insertvalue %arg23, %17[3, 1] : !llvm.struct<(ptr, ptr, i64, array<2 x i64>, array<2 x i64>)> 
    %19 = llvm.insertvalue %arg25, %18[4, 1] : !llvm.struct<(ptr, ptr, i64, array<2 x i64>, array<2 x i64>)> 
    %20 = llvm.mlir.poison : !llvm.struct<(ptr, ptr, i64)>
    %21 = llvm.insertvalue %arg16, %20[0] : !llvm.struct<(ptr, ptr, i64)> 
    %22 = llvm.insertvalue %arg17, %21[1] : !llvm.struct<(ptr, ptr, i64)> 
    %23 = llvm.insertvalue %arg18, %22[2] : !llvm.struct<(ptr, ptr, i64)> 
    %24 = llvm.mlir.poison : !llvm.struct<(ptr<1>, ptr<1>, i64, array<3 x i64>, array<3 x i64>)>
    %25 = llvm.insertvalue %arg5, %24[0] : !llvm.struct<(ptr<1>, ptr<1>, i64, array<3 x i64>, array<3 x i64>)> 
    %26 = llvm.insertvalue %arg6, %25[1] : !llvm.struct<(ptr<1>, ptr<1>, i64, array<3 x i64>, array<3 x i64>)> 
    %27 = llvm.insertvalue %arg7, %26[2] : !llvm.struct<(ptr<1>, ptr<1>, i64, array<3 x i64>, array<3 x i64>)> 
    %28 = llvm.insertvalue %arg8, %27[3, 0] : !llvm.struct<(ptr<1>, ptr<1>, i64, array<3 x i64>, array<3 x i64>)> 
    %29 = llvm.insertvalue %arg11, %28[4, 0] : !llvm.struct<(ptr<1>, ptr<1>, i64, array<3 x i64>, array<3 x i64>)> 
    %30 = llvm.insertvalue %arg9, %29[3, 1] : !llvm.struct<(ptr<1>, ptr<1>, i64, array<3 x i64>, array<3 x i64>)> 
    %31 = llvm.insertvalue %arg12, %30[4, 1] : !llvm.struct<(ptr<1>, ptr<1>, i64, array<3 x i64>, array<3 x i64>)> 
    %32 = llvm.insertvalue %arg10, %31[3, 2] : !llvm.struct<(ptr<1>, ptr<1>, i64, array<3 x i64>, array<3 x i64>)> 
    %33 = llvm.insertvalue %arg13, %32[4, 2] : !llvm.struct<(ptr<1>, ptr<1>, i64, array<3 x i64>, array<3 x i64>)> 
    %34 = llvm.mlir.constant(128 : index) : i64
    %35 = llvm.mlir.constant(1024 : index) : i64
    %36 = llvm.mlir.constant(1536 : index) : i64
    %37 = nvvm.read.ptx.sreg.ctaid.x range <i32, 0, 8> : i32
    %38 = llvm.sext %37 : i32 to i64
    %39 = llvm.mul %38, %arg0 overflow<nsw> : i64
    %40 = llvm.mlir.constant(8 : index) : i64
    %41 = llvm.mlir.constant(128 : index) : i64
    %42 = llvm.mlir.constant(1 : index) : i64
    %43 = llvm.mlir.constant(1024 : index) : i64
    %44 = llvm.alloca %43 x f32 : (i64) -> !llvm.ptr
    %45 = llvm.mlir.poison : !llvm.struct<(ptr, ptr, i64, array<2 x i64>, array<2 x i64>)>
    %46 = llvm.insertvalue %44, %45[0] : !llvm.struct<(ptr, ptr, i64, array<2 x i64>, array<2 x i64>)> 
    %47 = llvm.insertvalue %44, %46[1] : !llvm.struct<(ptr, ptr, i64, array<2 x i64>, array<2 x i64>)> 
    %48 = llvm.mlir.constant(0 : index) : i64
    %49 = llvm.insertvalue %48, %47[2] : !llvm.struct<(ptr, ptr, i64, array<2 x i64>, array<2 x i64>)> 
    %50 = llvm.insertvalue %40, %49[3, 0] : !llvm.struct<(ptr, ptr, i64, array<2 x i64>, array<2 x i64>)> 
    %51 = llvm.insertvalue %41, %50[3, 1] : !llvm.struct<(ptr, ptr, i64, array<2 x i64>, array<2 x i64>)> 
    %52 = llvm.insertvalue %41, %51[4, 0] : !llvm.struct<(ptr, ptr, i64, array<2 x i64>, array<2 x i64>)> 
    %53 = llvm.insertvalue %42, %52[4, 1] : !llvm.struct<(ptr, ptr, i64, array<2 x i64>, array<2 x i64>)> 
    llvm.br ^bb1(%arg2 : i64)
  ^bb1(%54: i64):  // 2 preds: ^bb0, ^bb5
    %55 = llvm.icmp "slt" %54, %arg4 : i64
    llvm.cond_br %55, ^bb2, ^bb6
  ^bb2:  // pred: ^bb1
    llvm.br ^bb3(%arg2 : i64)
  ^bb3(%56: i64):  // 2 preds: ^bb2, ^bb4
    %57 = llvm.icmp "slt" %56, %arg0 : i64
    llvm.cond_br %57, ^bb4, ^bb5
  ^bb4:  // pred: ^bb3
    %58 = llvm.extractvalue %53[1] : !llvm.struct<(ptr, ptr, i64, array<2 x i64>, array<2 x i64>)> 
    %59 = llvm.mlir.constant(128 : index) : i64
    %60 = llvm.mul %54, %59 overflow<nsw, nuw> : i64
    %61 = llvm.add %60, %56 overflow<nsw, nuw> : i64
    %62 = llvm.getelementptr inbounds|nuw %58[%61] : (!llvm.ptr, i64) -> !llvm.ptr, f32
    llvm.store %arg1, %62 : f32, !llvm.ptr
    %63 = llvm.add %56, %arg3 : i64
    llvm.br ^bb3(%63 : i64)
  ^bb5:  // pred: ^bb3
    %64 = llvm.add %54, %arg3 : i64
    llvm.br ^bb1(%64 : i64)
  ^bb6:  // pred: ^bb1
    llvm.br ^bb7(%arg2 : i64)
  ^bb7(%65: i64):  // 2 preds: ^bb6, ^bb17
    %66 = llvm.icmp "slt" %65, %arg15 : i64
    llvm.cond_br %66, ^bb8, ^bb18
  ^bb8:  // pred: ^bb7
    %67 = llvm.extractvalue %33[0] : !llvm.struct<(ptr<1>, ptr<1>, i64, array<3 x i64>, array<3 x i64>)> 
    %68 = llvm.extractvalue %33[1] : !llvm.struct<(ptr<1>, ptr<1>, i64, array<3 x i64>, array<3 x i64>)> 
    %69 = llvm.mlir.poison : !llvm.struct<(ptr<1>, ptr<1>, i64)>
    %70 = llvm.insertvalue %67, %69[0] : !llvm.struct<(ptr<1>, ptr<1>, i64)> 
    %71 = llvm.insertvalue %68, %70[1] : !llvm.struct<(ptr<1>, ptr<1>, i64)> 
    %72 = llvm.mlir.constant(0 : index) : i64
    %73 = llvm.insertvalue %72, %71[2] : !llvm.struct<(ptr<1>, ptr<1>, i64)> 
    %74 = llvm.extractvalue %33[2] : !llvm.struct<(ptr<1>, ptr<1>, i64, array<3 x i64>, array<3 x i64>)> 
    %75 = llvm.extractvalue %33[3, 0] : !llvm.struct<(ptr<1>, ptr<1>, i64, array<3 x i64>, array<3 x i64>)> 
    %76 = llvm.extractvalue %33[3, 1] : !llvm.struct<(ptr<1>, ptr<1>, i64, array<3 x i64>, array<3 x i64>)> 
    %77 = llvm.extractvalue %33[3, 2] : !llvm.struct<(ptr<1>, ptr<1>, i64, array<3 x i64>, array<3 x i64>)> 
    %78 = llvm.extractvalue %33[4, 0] : !llvm.struct<(ptr<1>, ptr<1>, i64, array<3 x i64>, array<3 x i64>)> 
    %79 = llvm.extractvalue %33[4, 1] : !llvm.struct<(ptr<1>, ptr<1>, i64, array<3 x i64>, array<3 x i64>)> 
    %80 = llvm.extractvalue %33[4, 2] : !llvm.struct<(ptr<1>, ptr<1>, i64, array<3 x i64>, array<3 x i64>)> 
    %81 = llvm.mul %39, %36 overflow<nsw> : i64
    %82 = llvm.add %81, %65 : i64
    %83 = llvm.mlir.poison : !llvm.struct<(ptr<1>, ptr<1>, i64, array<3 x i64>, array<3 x i64>)>
    %84 = llvm.extractvalue %73[0] : !llvm.struct<(ptr<1>, ptr<1>, i64)> 
    %85 = llvm.extractvalue %73[1] : !llvm.struct<(ptr<1>, ptr<1>, i64)> 
    %86 = llvm.insertvalue %84, %83[0] : !llvm.struct<(ptr<1>, ptr<1>, i64, array<3 x i64>, array<3 x i64>)> 
    %87 = llvm.insertvalue %85, %86[1] : !llvm.struct<(ptr<1>, ptr<1>, i64, array<3 x i64>, array<3 x i64>)> 
    %88 = llvm.insertvalue %82, %87[2] : !llvm.struct<(ptr<1>, ptr<1>, i64, array<3 x i64>, array<3 x i64>)> 
    %89 = llvm.mlir.constant(8 : index) : i64
    %90 = llvm.insertvalue %89, %88[3, 0] : !llvm.struct<(ptr<1>, ptr<1>, i64, array<3 x i64>, array<3 x i64>)> 
    %91 = llvm.mlir.constant(1572864 : index) : i64
    %92 = llvm.insertvalue %91, %90[4, 0] : !llvm.struct<(ptr<1>, ptr<1>, i64, array<3 x i64>, array<3 x i64>)> 
    %93 = llvm.mlir.constant(128 : index) : i64
    %94 = llvm.insertvalue %93, %92[3, 1] : !llvm.struct<(ptr<1>, ptr<1>, i64, array<3 x i64>, array<3 x i64>)> 
    %95 = llvm.mlir.constant(1536 : index) : i64
    %96 = llvm.insertvalue %95, %94[4, 1] : !llvm.struct<(ptr<1>, ptr<1>, i64, array<3 x i64>, array<3 x i64>)> 
    %97 = llvm.mlir.constant(4 : index) : i64
    %98 = llvm.insertvalue %97, %96[3, 2] : !llvm.struct<(ptr<1>, ptr<1>, i64, array<3 x i64>, array<3 x i64>)> 
    %99 = llvm.mlir.constant(1 : index) : i64
    %100 = llvm.insertvalue %99, %98[4, 2] : !llvm.struct<(ptr<1>, ptr<1>, i64, array<3 x i64>, array<3 x i64>)> 
    llvm.br ^bb9(%arg2 : i64)
  ^bb9(%101: i64):  // 2 preds: ^bb8, ^bb16
    %102 = llvm.icmp "slt" %101, %arg4 : i64
    llvm.cond_br %102, ^bb10, ^bb17
  ^bb10:  // pred: ^bb9
    llvm.br ^bb11(%arg2 : i64)
  ^bb11(%103: i64):  // 2 preds: ^bb10, ^bb15
    %104 = llvm.icmp "slt" %103, %arg0 : i64
    llvm.cond_br %104, ^bb12, ^bb16
  ^bb12:  // pred: ^bb11
    llvm.br ^bb13(%arg2 : i64)
  ^bb13(%105: i64):  // 2 preds: ^bb12, ^bb14
    %106 = llvm.icmp "slt" %105, %arg14 : i64
    llvm.cond_br %106, ^bb14, ^bb15
  ^bb14:  // pred: ^bb13
    %107 = llvm.extractvalue %100[1] : !llvm.struct<(ptr<1>, ptr<1>, i64, array<3 x i64>, array<3 x i64>)> 
    %108 = llvm.extractvalue %100[2] : !llvm.struct<(ptr<1>, ptr<1>, i64, array<3 x i64>, array<3 x i64>)> 
    %109 = llvm.getelementptr %107[%108] : (!llvm.ptr<1>, i64) -> !llvm.ptr<1>, f32
    %110 = llvm.mlir.constant(1572864 : index) : i64
    %111 = llvm.mul %101, %110 overflow<nsw, nuw> : i64
    %112 = llvm.mlir.constant(1536 : index) : i64
    %113 = llvm.mul %103, %112 overflow<nsw, nuw> : i64
    %114 = llvm.add %111, %113 overflow<nsw, nuw> : i64
    %115 = llvm.add %114, %105 overflow<nsw, nuw> : i64
    %116 = llvm.getelementptr inbounds|nuw %109[%115] : (!llvm.ptr<1>, i64) -> !llvm.ptr<1>, f32
    %117 = llvm.load %116 : !llvm.ptr<1> -> f32
    %118 = llvm.extractvalue %53[1] : !llvm.struct<(ptr, ptr, i64, array<2 x i64>, array<2 x i64>)> 
    %119 = llvm.mlir.constant(128 : index) : i64
    %120 = llvm.mul %101, %119 overflow<nsw, nuw> : i64
    %121 = llvm.add %120, %103 overflow<nsw, nuw> : i64
    %122 = llvm.getelementptr inbounds|nuw %118[%121] : (!llvm.ptr, i64) -> !llvm.ptr, f32
    %123 = llvm.load %122 : !llvm.ptr -> f32
    %124 = llvm.call @__nv_fmaxf(%117, %123) : (f32, f32) -> f32
    %125 = llvm.extractvalue %53[1] : !llvm.struct<(ptr, ptr, i64, array<2 x i64>, array<2 x i64>)> 
    %126 = llvm.mlir.constant(128 : index) : i64
    %127 = llvm.mul %101, %126 overflow<nsw, nuw> : i64
    %128 = llvm.add %127, %103 overflow<nsw, nuw> : i64
    %129 = llvm.getelementptr inbounds|nuw %125[%128] : (!llvm.ptr, i64) -> !llvm.ptr, f32
    llvm.store %124, %129 : f32, !llvm.ptr
    %130 = llvm.add %105, %arg3 : i64
    llvm.br ^bb13(%130 : i64)
  ^bb15:  // pred: ^bb13
    %131 = llvm.add %103, %arg3 : i64
    llvm.br ^bb11(%131 : i64)
  ^bb16:  // pred: ^bb11
    %132 = llvm.add %101, %arg3 : i64
    llvm.br ^bb9(%132 : i64)
  ^bb17:  // pred: ^bb9
    %133 = llvm.add %65, %arg14 : i64
    llvm.br ^bb7(%133 : i64)
  ^bb18:  // pred: ^bb7
    %134 = llvm.mlir.constant(1 : index) : i64
    %135 = llvm.alloca %134 x f32 : (i64) -> !llvm.ptr
    %136 = llvm.mlir.poison : !llvm.struct<(ptr, ptr, i64)>
    %137 = llvm.insertvalue %135, %136[0] : !llvm.struct<(ptr, ptr, i64)> 
    %138 = llvm.insertvalue %135, %137[1] : !llvm.struct<(ptr, ptr, i64)> 
    %139 = llvm.mlir.constant(0 : index) : i64
    %140 = llvm.insertvalue %139, %138[2] : !llvm.struct<(ptr, ptr, i64)> 
    %141 = llvm.extractvalue %23[1] : !llvm.struct<(ptr, ptr, i64)> 
    %142 = llvm.load %141 : !llvm.ptr -> f32
    %143 = llvm.extractvalue %140[1] : !llvm.struct<(ptr, ptr, i64)> 
    llvm.store %142, %143 : f32, !llvm.ptr
    llvm.br ^bb19(%arg2 : i64)
  ^bb19(%144: i64):  // 2 preds: ^bb18, ^bb29
    %145 = llvm.icmp "slt" %144, %arg4 : i64
    llvm.cond_br %145, ^bb20, ^bb30
  ^bb20:  // pred: ^bb19
    llvm.br ^bb21(%arg2 : i64)
  ^bb21(%146: i64):  // 2 preds: ^bb20, ^bb28
    %147 = llvm.icmp "slt" %146, %arg0 : i64
    llvm.cond_br %147, ^bb22, ^bb29
  ^bb22:  // pred: ^bb21
    %148 = llvm.add %146, %39 : i64
    %149 = llvm.extractvalue %19[0] : !llvm.struct<(ptr, ptr, i64, array<2 x i64>, array<2 x i64>)> 
    %150 = llvm.extractvalue %19[1] : !llvm.struct<(ptr, ptr, i64, array<2 x i64>, array<2 x i64>)> 
    %151 = llvm.mlir.poison : !llvm.struct<(ptr, ptr, i64)>
    %152 = llvm.insertvalue %149, %151[0] : !llvm.struct<(ptr, ptr, i64)> 
    %153 = llvm.insertvalue %150, %152[1] : !llvm.struct<(ptr, ptr, i64)> 
    %154 = llvm.mlir.constant(0 : index) : i64
    %155 = llvm.insertvalue %154, %153[2] : !llvm.struct<(ptr, ptr, i64)> 
    %156 = llvm.extractvalue %19[2] : !llvm.struct<(ptr, ptr, i64, array<2 x i64>, array<2 x i64>)> 
    %157 = llvm.extractvalue %19[3, 0] : !llvm.struct<(ptr, ptr, i64, array<2 x i64>, array<2 x i64>)> 
    %158 = llvm.extractvalue %19[3, 1] : !llvm.struct<(ptr, ptr, i64, array<2 x i64>, array<2 x i64>)> 
    %159 = llvm.extractvalue %19[4, 0] : !llvm.struct<(ptr, ptr, i64, array<2 x i64>, array<2 x i64>)> 
    %160 = llvm.extractvalue %19[4, 1] : !llvm.struct<(ptr, ptr, i64, array<2 x i64>, array<2 x i64>)> 
    %161 = llvm.mul %144, %35 overflow<nsw> : i64
    %162 = llvm.add %161, %148 : i64
    %163 = llvm.mlir.poison : !llvm.struct<(ptr, ptr, i64, array<2 x i64>, array<2 x i64>)>
    %164 = llvm.extractvalue %155[0] : !llvm.struct<(ptr, ptr, i64)> 
    %165 = llvm.extractvalue %155[1] : !llvm.struct<(ptr, ptr, i64)> 
    %166 = llvm.insertvalue %164, %163[0] : !llvm.struct<(ptr, ptr, i64, array<2 x i64>, array<2 x i64>)> 
    %167 = llvm.insertvalue %165, %166[1] : !llvm.struct<(ptr, ptr, i64, array<2 x i64>, array<2 x i64>)> 
    %168 = llvm.insertvalue %162, %167[2] : !llvm.struct<(ptr, ptr, i64, array<2 x i64>, array<2 x i64>)> 
    %169 = llvm.mlir.constant(4 : index) : i64
    %170 = llvm.insertvalue %169, %168[3, 0] : !llvm.struct<(ptr, ptr, i64, array<2 x i64>, array<2 x i64>)> 
    %171 = llvm.mlir.constant(1024 : index) : i64
    %172 = llvm.insertvalue %171, %170[4, 0] : !llvm.struct<(ptr, ptr, i64, array<2 x i64>, array<2 x i64>)> 
    %173 = llvm.mlir.constant(4 : index) : i64
    %174 = llvm.insertvalue %173, %172[3, 1] : !llvm.struct<(ptr, ptr, i64, array<2 x i64>, array<2 x i64>)> 
    %175 = llvm.mlir.constant(1 : index) : i64
    %176 = llvm.insertvalue %175, %174[4, 1] : !llvm.struct<(ptr, ptr, i64, array<2 x i64>, array<2 x i64>)> 
    %177 = llvm.mul %144, %34 overflow<nsw> : i64
    %178 = llvm.add %177, %146 : i64
    %179 = llvm.mlir.poison : !llvm.struct<(ptr, ptr, i64, array<2 x i64>, array<2 x i64>)>
    %180 = llvm.extractvalue %53[0] : !llvm.struct<(ptr, ptr, i64, array<2 x i64>, array<2 x i64>)> 
    %181 = llvm.extractvalue %53[1] : !llvm.struct<(ptr, ptr, i64, array<2 x i64>, array<2 x i64>)> 
    %182 = llvm.insertvalue %180, %179[0] : !llvm.struct<(ptr, ptr, i64, array<2 x i64>, array<2 x i64>)> 
    %183 = llvm.insertvalue %181, %182[1] : !llvm.struct<(ptr, ptr, i64, array<2 x i64>, array<2 x i64>)> 
    %184 = llvm.insertvalue %178, %183[2] : !llvm.struct<(ptr, ptr, i64, array<2 x i64>, array<2 x i64>)> 
    %185 = llvm.mlir.constant(4 : index) : i64
    %186 = llvm.insertvalue %185, %184[3, 0] : !llvm.struct<(ptr, ptr, i64, array<2 x i64>, array<2 x i64>)> 
    %187 = llvm.mlir.constant(128 : index) : i64
    %188 = llvm.insertvalue %187, %186[4, 0] : !llvm.struct<(ptr, ptr, i64, array<2 x i64>, array<2 x i64>)> 
    %189 = llvm.mlir.constant(4 : index) : i64
    %190 = llvm.insertvalue %189, %188[3, 1] : !llvm.struct<(ptr, ptr, i64, array<2 x i64>, array<2 x i64>)> 
    %191 = llvm.mlir.constant(1 : index) : i64
    %192 = llvm.insertvalue %191, %190[4, 1] : !llvm.struct<(ptr, ptr, i64, array<2 x i64>, array<2 x i64>)> 
    %193 = llvm.extractvalue %11[0] : !llvm.struct<(ptr<1>, ptr<1>, i64, array<2 x i64>, array<2 x i64>)> 
    %194 = llvm.extractvalue %11[1] : !llvm.struct<(ptr<1>, ptr<1>, i64, array<2 x i64>, array<2 x i64>)> 
    %195 = llvm.mlir.poison : !llvm.struct<(ptr<1>, ptr<1>, i64)>
    %196 = llvm.insertvalue %193, %195[0] : !llvm.struct<(ptr<1>, ptr<1>, i64)> 
    %197 = llvm.insertvalue %194, %196[1] : !llvm.struct<(ptr<1>, ptr<1>, i64)> 
    %198 = llvm.mlir.constant(0 : index) : i64
    %199 = llvm.insertvalue %198, %197[2] : !llvm.struct<(ptr<1>, ptr<1>, i64)> 
    %200 = llvm.extractvalue %11[2] : !llvm.struct<(ptr<1>, ptr<1>, i64, array<2 x i64>, array<2 x i64>)> 
    %201 = llvm.extractvalue %11[3, 0] : !llvm.struct<(ptr<1>, ptr<1>, i64, array<2 x i64>, array<2 x i64>)> 
    %202 = llvm.extractvalue %11[3, 1] : !llvm.struct<(ptr<1>, ptr<1>, i64, array<2 x i64>, array<2 x i64>)> 
    %203 = llvm.extractvalue %11[4, 0] : !llvm.struct<(ptr<1>, ptr<1>, i64, array<2 x i64>, array<2 x i64>)> 
    %204 = llvm.extractvalue %11[4, 1] : !llvm.struct<(ptr<1>, ptr<1>, i64, array<2 x i64>, array<2 x i64>)> 
    %205 = llvm.mul %144, %35 overflow<nsw> : i64
    %206 = llvm.add %205, %148 : i64
    %207 = llvm.mlir.poison : !llvm.struct<(ptr<1>, ptr<1>, i64, array<2 x i64>, array<2 x i64>)>
    %208 = llvm.extractvalue %199[0] : !llvm.struct<(ptr<1>, ptr<1>, i64)> 
    %209 = llvm.extractvalue %199[1] : !llvm.struct<(ptr<1>, ptr<1>, i64)> 
    %210 = llvm.insertvalue %208, %207[0] : !llvm.struct<(ptr<1>, ptr<1>, i64, array<2 x i64>, array<2 x i64>)> 
    %211 = llvm.insertvalue %209, %210[1] : !llvm.struct<(ptr<1>, ptr<1>, i64, array<2 x i64>, array<2 x i64>)> 
    %212 = llvm.insertvalue %206, %211[2] : !llvm.struct<(ptr<1>, ptr<1>, i64, array<2 x i64>, array<2 x i64>)> 
    %213 = llvm.mlir.constant(4 : index) : i64
    %214 = llvm.insertvalue %213, %212[3, 0] : !llvm.struct<(ptr<1>, ptr<1>, i64, array<2 x i64>, array<2 x i64>)> 
    %215 = llvm.mlir.constant(1024 : index) : i64
    %216 = llvm.insertvalue %215, %214[4, 0] : !llvm.struct<(ptr<1>, ptr<1>, i64, array<2 x i64>, array<2 x i64>)> 
    %217 = llvm.mlir.constant(4 : index) : i64
    %218 = llvm.insertvalue %217, %216[3, 1] : !llvm.struct<(ptr<1>, ptr<1>, i64, array<2 x i64>, array<2 x i64>)> 
    %219 = llvm.mlir.constant(1 : index) : i64
    %220 = llvm.insertvalue %219, %218[4, 1] : !llvm.struct<(ptr<1>, ptr<1>, i64, array<2 x i64>, array<2 x i64>)> 
    llvm.br ^bb23(%arg2 : i64)
  ^bb23(%221: i64):  // 2 preds: ^bb22, ^bb27
    %222 = llvm.icmp "slt" %221, %arg14 : i64
    llvm.cond_br %222, ^bb24, ^bb28
  ^bb24:  // pred: ^bb23
    llvm.br ^bb25(%arg2 : i64)
  ^bb25(%223: i64):  // 2 preds: ^bb24, ^bb26
    %224 = llvm.icmp "slt" %223, %arg14 : i64
    llvm.cond_br %224, ^bb26, ^bb27
  ^bb26:  // pred: ^bb25
    %225 = llvm.extractvalue %176[1] : !llvm.struct<(ptr, ptr, i64, array<2 x i64>, array<2 x i64>)> 
    %226 = llvm.extractvalue %176[2] : !llvm.struct<(ptr, ptr, i64, array<2 x i64>, array<2 x i64>)> 
    %227 = llvm.getelementptr %225[%226] : (!llvm.ptr, i64) -> !llvm.ptr, f32
    %228 = llvm.mlir.constant(1024 : index) : i64
    %229 = llvm.mul %221, %228 overflow<nsw, nuw> : i64
    %230 = llvm.add %229, %223 overflow<nsw, nuw> : i64
    %231 = llvm.getelementptr inbounds|nuw %227[%230] : (!llvm.ptr, i64) -> !llvm.ptr, f32
    %232 = llvm.load %231 : !llvm.ptr -> f32
    %233 = llvm.extractvalue %192[1] : !llvm.struct<(ptr, ptr, i64, array<2 x i64>, array<2 x i64>)> 
    %234 = llvm.extractvalue %192[2] : !llvm.struct<(ptr, ptr, i64, array<2 x i64>, array<2 x i64>)> 
    %235 = llvm.getelementptr %233[%234] : (!llvm.ptr, i64) -> !llvm.ptr, f32
    %236 = llvm.mlir.constant(128 : index) : i64
    %237 = llvm.mul %221, %236 overflow<nsw, nuw> : i64
    %238 = llvm.add %237, %223 overflow<nsw, nuw> : i64
    %239 = llvm.getelementptr inbounds|nuw %235[%238] : (!llvm.ptr, i64) -> !llvm.ptr, f32
    %240 = llvm.load %239 : !llvm.ptr -> f32
    %241 = llvm.extractvalue %220[1] : !llvm.struct<(ptr<1>, ptr<1>, i64, array<2 x i64>, array<2 x i64>)> 
    %242 = llvm.extractvalue %220[2] : !llvm.struct<(ptr<1>, ptr<1>, i64, array<2 x i64>, array<2 x i64>)> 
    %243 = llvm.getelementptr %241[%242] : (!llvm.ptr<1>, i64) -> !llvm.ptr<1>, i32
    %244 = llvm.mlir.constant(1024 : index) : i64
    %245 = llvm.mul %221, %244 overflow<nsw, nuw> : i64
    %246 = llvm.add %245, %223 overflow<nsw, nuw> : i64
    %247 = llvm.getelementptr inbounds|nuw %243[%246] : (!llvm.ptr<1>, i64) -> !llvm.ptr<1>, i32
    %248 = llvm.load %247 : !llvm.ptr<1> -> i32
    %249 = llvm.extractvalue %140[1] : !llvm.struct<(ptr, ptr, i64)> 
    %250 = llvm.load %249 : !llvm.ptr -> f32
    %251 = llvm.add %144, %221 : i64
    %252 = llvm.add %146, %223 : i64
    %253 = llvm.add %252, %39 : i64
    %254 = llvm.sext %248 : i32 to i64
    %255 = llvm.extractvalue %33[1] : !llvm.struct<(ptr<1>, ptr<1>, i64, array<3 x i64>, array<3 x i64>)> 
    %256 = llvm.mlir.constant(1572864 : index) : i64
    %257 = llvm.mul %251, %256 overflow<nsw, nuw> : i64
    %258 = llvm.mlir.constant(1536 : index) : i64
    %259 = llvm.mul %253, %258 overflow<nsw, nuw> : i64
    %260 = llvm.add %257, %259 overflow<nsw, nuw> : i64
    %261 = llvm.add %260, %254 overflow<nsw, nuw> : i64
    %262 = llvm.getelementptr inbounds|nuw %255[%261] : (!llvm.ptr<1>, i64) -> !llvm.ptr<1>, f32
    %263 = llvm.load %262 : !llvm.ptr<1> -> f32
    %264 = llvm.call @__nv_logf(%232) : (f32) -> f32
    %265 = llvm.fadd %264, %240 : f32
    %266 = llvm.fsub %265, %263 : f32
    %267 = llvm.fadd %266, %250 : f32
    %268 = llvm.extractvalue %140[1] : !llvm.struct<(ptr, ptr, i64)> 
    llvm.store %267, %268 : f32, !llvm.ptr
    %269 = llvm.add %223, %arg3 : i64
    llvm.br ^bb25(%269 : i64)
  ^bb27:  // pred: ^bb25
    %270 = llvm.add %221, %arg3 : i64
    llvm.br ^bb23(%270 : i64)
  ^bb28:  // pred: ^bb23
    %271 = llvm.add %146, %arg14 : i64
    llvm.br ^bb21(%271 : i64)
  ^bb29:  // pred: ^bb21
    %272 = llvm.add %144, %arg14 : i64
    llvm.br ^bb19(%272 : i64)
  ^bb30:  // pred: ^bb19
    %273 = llvm.extractvalue %140[1] : !llvm.struct<(ptr, ptr, i64)> 
    %274 = llvm.load %273 : !llvm.ptr -> f32
    %275 = llvm.fdiv %274, %arg33 : f32
    %276 = llvm.extractvalue %3[1] : !llvm.struct<(ptr, ptr, i64)> 
    llvm.store %275, %276 : f32, !llvm.ptr
    llvm.return
  }
}

// -----// IR Dump After ReconcileUnrealizedCastsPass (reconcile-unrealized-casts) //----- //
gpu.module @main_kernel_0 [#nvvm.target<O = 3, chip = "sm_86", features = "+ptx76", flags = {fast, ftz}>] {
  llvm.func @__nv_fmaxf(f32, f32) -> f32
  llvm.func @__nv_logf(f32) -> f32
  llvm.func @main_kernel(%arg0: i64, %arg1: f32, %arg2: i64, %arg3: i64, %arg4: i64, %arg5: !llvm.ptr<1>, %arg6: !llvm.ptr<1>, %arg7: i64, %arg8: i64, %arg9: i64, %arg10: i64, %arg11: i64, %arg12: i64, %arg13: i64, %arg14: i64, %arg15: i64, %arg16: !llvm.ptr, %arg17: !llvm.ptr, %arg18: i64, %arg19: !llvm.ptr, %arg20: !llvm.ptr, %arg21: i64, %arg22: i64, %arg23: i64, %arg24: i64, %arg25: i64, %arg26: !llvm.ptr<1>, %arg27: !llvm.ptr<1>, %arg28: i64, %arg29: i64, %arg30: i64, %arg31: i64, %arg32: i64, %arg33: f32, %arg34: !llvm.ptr, %arg35: !llvm.ptr, %arg36: i64) attributes {gpu.kernel, gpu.known_block_size = array<i32: 1, 1, 1>, gpu.known_grid_size = array<i32: 8, 1, 1>, nvvm.kernel, nvvm.maxntid = array<i32: 1, 1, 1>} {
    %0 = llvm.mlir.poison : !llvm.struct<(ptr, ptr, i64)>
    %1 = llvm.insertvalue %arg34, %0[0] : !llvm.struct<(ptr, ptr, i64)> 
    %2 = llvm.insertvalue %arg35, %1[1] : !llvm.struct<(ptr, ptr, i64)> 
    %3 = llvm.insertvalue %arg36, %2[2] : !llvm.struct<(ptr, ptr, i64)> 
    %4 = llvm.mlir.poison : !llvm.struct<(ptr<1>, ptr<1>, i64, array<2 x i64>, array<2 x i64>)>
    %5 = llvm.insertvalue %arg26, %4[0] : !llvm.struct<(ptr<1>, ptr<1>, i64, array<2 x i64>, array<2 x i64>)> 
    %6 = llvm.insertvalue %arg27, %5[1] : !llvm.struct<(ptr<1>, ptr<1>, i64, array<2 x i64>, array<2 x i64>)> 
    %7 = llvm.insertvalue %arg28, %6[2] : !llvm.struct<(ptr<1>, ptr<1>, i64, array<2 x i64>, array<2 x i64>)> 
    %8 = llvm.insertvalue %arg29, %7[3, 0] : !llvm.struct<(ptr<1>, ptr<1>, i64, array<2 x i64>, array<2 x i64>)> 
    %9 = llvm.insertvalue %arg31, %8[4, 0] : !llvm.struct<(ptr<1>, ptr<1>, i64, array<2 x i64>, array<2 x i64>)> 
    %10 = llvm.insertvalue %arg30, %9[3, 1] : !llvm.struct<(ptr<1>, ptr<1>, i64, array<2 x i64>, array<2 x i64>)> 
    %11 = llvm.insertvalue %arg32, %10[4, 1] : !llvm.struct<(ptr<1>, ptr<1>, i64, array<2 x i64>, array<2 x i64>)> 
    %12 = llvm.mlir.poison : !llvm.struct<(ptr, ptr, i64, array<2 x i64>, array<2 x i64>)>
    %13 = llvm.insertvalue %arg19, %12[0] : !llvm.struct<(ptr, ptr, i64, array<2 x i64>, array<2 x i64>)> 
    %14 = llvm.insertvalue %arg20, %13[1] : !llvm.struct<(ptr, ptr, i64, array<2 x i64>, array<2 x i64>)> 
    %15 = llvm.insertvalue %arg21, %14[2] : !llvm.struct<(ptr, ptr, i64, array<2 x i64>, array<2 x i64>)> 
    %16 = llvm.insertvalue %arg22, %15[3, 0] : !llvm.struct<(ptr, ptr, i64, array<2 x i64>, array<2 x i64>)> 
    %17 = llvm.insertvalue %arg24, %16[4, 0] : !llvm.struct<(ptr, ptr, i64, array<2 x i64>, array<2 x i64>)> 
    %18 = llvm.insertvalue %arg23, %17[3, 1] : !llvm.struct<(ptr, ptr, i64, array<2 x i64>, array<2 x i64>)> 
    %19 = llvm.insertvalue %arg25, %18[4, 1] : !llvm.struct<(ptr, ptr, i64, array<2 x i64>, array<2 x i64>)> 
    %20 = llvm.mlir.poison : !llvm.struct<(ptr, ptr, i64)>
    %21 = llvm.insertvalue %arg16, %20[0] : !llvm.struct<(ptr, ptr, i64)> 
    %22 = llvm.insertvalue %arg17, %21[1] : !llvm.struct<(ptr, ptr, i64)> 
    %23 = llvm.insertvalue %arg18, %22[2] : !llvm.struct<(ptr, ptr, i64)> 
    %24 = llvm.mlir.poison : !llvm.struct<(ptr<1>, ptr<1>, i64, array<3 x i64>, array<3 x i64>)>
    %25 = llvm.insertvalue %arg5, %24[0] : !llvm.struct<(ptr<1>, ptr<1>, i64, array<3 x i64>, array<3 x i64>)> 
    %26 = llvm.insertvalue %arg6, %25[1] : !llvm.struct<(ptr<1>, ptr<1>, i64, array<3 x i64>, array<3 x i64>)> 
    %27 = llvm.insertvalue %arg7, %26[2] : !llvm.struct<(ptr<1>, ptr<1>, i64, array<3 x i64>, array<3 x i64>)> 
    %28 = llvm.insertvalue %arg8, %27[3, 0] : !llvm.struct<(ptr<1>, ptr<1>, i64, array<3 x i64>, array<3 x i64>)> 
    %29 = llvm.insertvalue %arg11, %28[4, 0] : !llvm.struct<(ptr<1>, ptr<1>, i64, array<3 x i64>, array<3 x i64>)> 
    %30 = llvm.insertvalue %arg9, %29[3, 1] : !llvm.struct<(ptr<1>, ptr<1>, i64, array<3 x i64>, array<3 x i64>)> 
    %31 = llvm.insertvalue %arg12, %30[4, 1] : !llvm.struct<(ptr<1>, ptr<1>, i64, array<3 x i64>, array<3 x i64>)> 
    %32 = llvm.insertvalue %arg10, %31[3, 2] : !llvm.struct<(ptr<1>, ptr<1>, i64, array<3 x i64>, array<3 x i64>)> 
    %33 = llvm.insertvalue %arg13, %32[4, 2] : !llvm.struct<(ptr<1>, ptr<1>, i64, array<3 x i64>, array<3 x i64>)> 
    %34 = llvm.mlir.constant(128 : index) : i64
    %35 = llvm.mlir.constant(1024 : index) : i64
    %36 = llvm.mlir.constant(1536 : index) : i64
    %37 = nvvm.read.ptx.sreg.ctaid.x range <i32, 0, 8> : i32
    %38 = llvm.sext %37 : i32 to i64
    %39 = llvm.mul %38, %arg0 overflow<nsw> : i64
    %40 = llvm.mlir.constant(8 : index) : i64
    %41 = llvm.mlir.constant(128 : index) : i64
    %42 = llvm.mlir.constant(1 : index) : i64
    %43 = llvm.mlir.constant(1024 : index) : i64
    %44 = llvm.alloca %43 x f32 : (i64) -> !llvm.ptr
    %45 = llvm.mlir.poison : !llvm.struct<(ptr, ptr, i64, array<2 x i64>, array<2 x i64>)>
    %46 = llvm.insertvalue %44, %45[0] : !llvm.struct<(ptr, ptr, i64, array<2 x i64>, array<2 x i64>)> 
    %47 = llvm.insertvalue %44, %46[1] : !llvm.struct<(ptr, ptr, i64, array<2 x i64>, array<2 x i64>)> 
    %48 = llvm.mlir.constant(0 : index) : i64
    %49 = llvm.insertvalue %48, %47[2] : !llvm.struct<(ptr, ptr, i64, array<2 x i64>, array<2 x i64>)> 
    %50 = llvm.insertvalue %40, %49[3, 0] : !llvm.struct<(ptr, ptr, i64, array<2 x i64>, array<2 x i64>)> 
    %51 = llvm.insertvalue %41, %50[3, 1] : !llvm.struct<(ptr, ptr, i64, array<2 x i64>, array<2 x i64>)> 
    %52 = llvm.insertvalue %41, %51[4, 0] : !llvm.struct<(ptr, ptr, i64, array<2 x i64>, array<2 x i64>)> 
    %53 = llvm.insertvalue %42, %52[4, 1] : !llvm.struct<(ptr, ptr, i64, array<2 x i64>, array<2 x i64>)> 
    llvm.br ^bb1(%arg2 : i64)
  ^bb1(%54: i64):  // 2 preds: ^bb0, ^bb5
    %55 = llvm.icmp "slt" %54, %arg4 : i64
    llvm.cond_br %55, ^bb2, ^bb6
  ^bb2:  // pred: ^bb1
    llvm.br ^bb3(%arg2 : i64)
  ^bb3(%56: i64):  // 2 preds: ^bb2, ^bb4
    %57 = llvm.icmp "slt" %56, %arg0 : i64
    llvm.cond_br %57, ^bb4, ^bb5
  ^bb4:  // pred: ^bb3
    %58 = llvm.extractvalue %53[1] : !llvm.struct<(ptr, ptr, i64, array<2 x i64>, array<2 x i64>)> 
    %59 = llvm.mlir.constant(128 : index) : i64
    %60 = llvm.mul %54, %59 overflow<nsw, nuw> : i64
    %61 = llvm.add %60, %56 overflow<nsw, nuw> : i64
    %62 = llvm.getelementptr inbounds|nuw %58[%61] : (!llvm.ptr, i64) -> !llvm.ptr, f32
    llvm.store %arg1, %62 : f32, !llvm.ptr
    %63 = llvm.add %56, %arg3 : i64
    llvm.br ^bb3(%63 : i64)
  ^bb5:  // pred: ^bb3
    %64 = llvm.add %54, %arg3 : i64
    llvm.br ^bb1(%64 : i64)
  ^bb6:  // pred: ^bb1
    llvm.br ^bb7(%arg2 : i64)
  ^bb7(%65: i64):  // 2 preds: ^bb6, ^bb17
    %66 = llvm.icmp "slt" %65, %arg15 : i64
    llvm.cond_br %66, ^bb8, ^bb18
  ^bb8:  // pred: ^bb7
    %67 = llvm.extractvalue %33[0] : !llvm.struct<(ptr<1>, ptr<1>, i64, array<3 x i64>, array<3 x i64>)> 
    %68 = llvm.extractvalue %33[1] : !llvm.struct<(ptr<1>, ptr<1>, i64, array<3 x i64>, array<3 x i64>)> 
    %69 = llvm.mlir.poison : !llvm.struct<(ptr<1>, ptr<1>, i64)>
    %70 = llvm.insertvalue %67, %69[0] : !llvm.struct<(ptr<1>, ptr<1>, i64)> 
    %71 = llvm.insertvalue %68, %70[1] : !llvm.struct<(ptr<1>, ptr<1>, i64)> 
    %72 = llvm.mlir.constant(0 : index) : i64
    %73 = llvm.insertvalue %72, %71[2] : !llvm.struct<(ptr<1>, ptr<1>, i64)> 
    %74 = llvm.extractvalue %33[2] : !llvm.struct<(ptr<1>, ptr<1>, i64, array<3 x i64>, array<3 x i64>)> 
    %75 = llvm.extractvalue %33[3, 0] : !llvm.struct<(ptr<1>, ptr<1>, i64, array<3 x i64>, array<3 x i64>)> 
    %76 = llvm.extractvalue %33[3, 1] : !llvm.struct<(ptr<1>, ptr<1>, i64, array<3 x i64>, array<3 x i64>)> 
    %77 = llvm.extractvalue %33[3, 2] : !llvm.struct<(ptr<1>, ptr<1>, i64, array<3 x i64>, array<3 x i64>)> 
    %78 = llvm.extractvalue %33[4, 0] : !llvm.struct<(ptr<1>, ptr<1>, i64, array<3 x i64>, array<3 x i64>)> 
    %79 = llvm.extractvalue %33[4, 1] : !llvm.struct<(ptr<1>, ptr<1>, i64, array<3 x i64>, array<3 x i64>)> 
    %80 = llvm.extractvalue %33[4, 2] : !llvm.struct<(ptr<1>, ptr<1>, i64, array<3 x i64>, array<3 x i64>)> 
    %81 = llvm.mul %39, %36 overflow<nsw> : i64
    %82 = llvm.add %81, %65 : i64
    %83 = llvm.mlir.poison : !llvm.struct<(ptr<1>, ptr<1>, i64, array<3 x i64>, array<3 x i64>)>
    %84 = llvm.extractvalue %73[0] : !llvm.struct<(ptr<1>, ptr<1>, i64)> 
    %85 = llvm.extractvalue %73[1] : !llvm.struct<(ptr<1>, ptr<1>, i64)> 
    %86 = llvm.insertvalue %84, %83[0] : !llvm.struct<(ptr<1>, ptr<1>, i64, array<3 x i64>, array<3 x i64>)> 
    %87 = llvm.insertvalue %85, %86[1] : !llvm.struct<(ptr<1>, ptr<1>, i64, array<3 x i64>, array<3 x i64>)> 
    %88 = llvm.insertvalue %82, %87[2] : !llvm.struct<(ptr<1>, ptr<1>, i64, array<3 x i64>, array<3 x i64>)> 
    %89 = llvm.mlir.constant(8 : index) : i64
    %90 = llvm.insertvalue %89, %88[3, 0] : !llvm.struct<(ptr<1>, ptr<1>, i64, array<3 x i64>, array<3 x i64>)> 
    %91 = llvm.mlir.constant(1572864 : index) : i64
    %92 = llvm.insertvalue %91, %90[4, 0] : !llvm.struct<(ptr<1>, ptr<1>, i64, array<3 x i64>, array<3 x i64>)> 
    %93 = llvm.mlir.constant(128 : index) : i64
    %94 = llvm.insertvalue %93, %92[3, 1] : !llvm.struct<(ptr<1>, ptr<1>, i64, array<3 x i64>, array<3 x i64>)> 
    %95 = llvm.mlir.constant(1536 : index) : i64
    %96 = llvm.insertvalue %95, %94[4, 1] : !llvm.struct<(ptr<1>, ptr<1>, i64, array<3 x i64>, array<3 x i64>)> 
    %97 = llvm.mlir.constant(4 : index) : i64
    %98 = llvm.insertvalue %97, %96[3, 2] : !llvm.struct<(ptr<1>, ptr<1>, i64, array<3 x i64>, array<3 x i64>)> 
    %99 = llvm.mlir.constant(1 : index) : i64
    %100 = llvm.insertvalue %99, %98[4, 2] : !llvm.struct<(ptr<1>, ptr<1>, i64, array<3 x i64>, array<3 x i64>)> 
    llvm.br ^bb9(%arg2 : i64)
  ^bb9(%101: i64):  // 2 preds: ^bb8, ^bb16
    %102 = llvm.icmp "slt" %101, %arg4 : i64
    llvm.cond_br %102, ^bb10, ^bb17
  ^bb10:  // pred: ^bb9
    llvm.br ^bb11(%arg2 : i64)
  ^bb11(%103: i64):  // 2 preds: ^bb10, ^bb15
    %104 = llvm.icmp "slt" %103, %arg0 : i64
    llvm.cond_br %104, ^bb12, ^bb16
  ^bb12:  // pred: ^bb11
    llvm.br ^bb13(%arg2 : i64)
  ^bb13(%105: i64):  // 2 preds: ^bb12, ^bb14
    %106 = llvm.icmp "slt" %105, %arg14 : i64
    llvm.cond_br %106, ^bb14, ^bb15
  ^bb14:  // pred: ^bb13
    %107 = llvm.extractvalue %100[1] : !llvm.struct<(ptr<1>, ptr<1>, i64, array<3 x i64>, array<3 x i64>)> 
    %108 = llvm.extractvalue %100[2] : !llvm.struct<(ptr<1>, ptr<1>, i64, array<3 x i64>, array<3 x i64>)> 
    %109 = llvm.getelementptr %107[%108] : (!llvm.ptr<1>, i64) -> !llvm.ptr<1>, f32
    %110 = llvm.mlir.constant(1572864 : index) : i64
    %111 = llvm.mul %101, %110 overflow<nsw, nuw> : i64
    %112 = llvm.mlir.constant(1536 : index) : i64
    %113 = llvm.mul %103, %112 overflow<nsw, nuw> : i64
    %114 = llvm.add %111, %113 overflow<nsw, nuw> : i64
    %115 = llvm.add %114, %105 overflow<nsw, nuw> : i64
    %116 = llvm.getelementptr inbounds|nuw %109[%115] : (!llvm.ptr<1>, i64) -> !llvm.ptr<1>, f32
    %117 = llvm.load %116 : !llvm.ptr<1> -> f32
    %118 = llvm.extractvalue %53[1] : !llvm.struct<(ptr, ptr, i64, array<2 x i64>, array<2 x i64>)> 
    %119 = llvm.mlir.constant(128 : index) : i64
    %120 = llvm.mul %101, %119 overflow<nsw, nuw> : i64
    %121 = llvm.add %120, %103 overflow<nsw, nuw> : i64
    %122 = llvm.getelementptr inbounds|nuw %118[%121] : (!llvm.ptr, i64) -> !llvm.ptr, f32
    %123 = llvm.load %122 : !llvm.ptr -> f32
    %124 = llvm.call @__nv_fmaxf(%117, %123) : (f32, f32) -> f32
    %125 = llvm.extractvalue %53[1] : !llvm.struct<(ptr, ptr, i64, array<2 x i64>, array<2 x i64>)> 
    %126 = llvm.mlir.constant(128 : index) : i64
    %127 = llvm.mul %101, %126 overflow<nsw, nuw> : i64
    %128 = llvm.add %127, %103 overflow<nsw, nuw> : i64
    %129 = llvm.getelementptr inbounds|nuw %125[%128] : (!llvm.ptr, i64) -> !llvm.ptr, f32
    llvm.store %124, %129 : f32, !llvm.ptr
    %130 = llvm.add %105, %arg3 : i64
    llvm.br ^bb13(%130 : i64)
  ^bb15:  // pred: ^bb13
    %131 = llvm.add %103, %arg3 : i64
    llvm.br ^bb11(%131 : i64)
  ^bb16:  // pred: ^bb11
    %132 = llvm.add %101, %arg3 : i64
    llvm.br ^bb9(%132 : i64)
  ^bb17:  // pred: ^bb9
    %133 = llvm.add %65, %arg14 : i64
    llvm.br ^bb7(%133 : i64)
  ^bb18:  // pred: ^bb7
    %134 = llvm.mlir.constant(1 : index) : i64
    %135 = llvm.alloca %134 x f32 : (i64) -> !llvm.ptr
    %136 = llvm.mlir.poison : !llvm.struct<(ptr, ptr, i64)>
    %137 = llvm.insertvalue %135, %136[0] : !llvm.struct<(ptr, ptr, i64)> 
    %138 = llvm.insertvalue %135, %137[1] : !llvm.struct<(ptr, ptr, i64)> 
    %139 = llvm.mlir.constant(0 : index) : i64
    %140 = llvm.insertvalue %139, %138[2] : !llvm.struct<(ptr, ptr, i64)> 
    %141 = llvm.extractvalue %23[1] : !llvm.struct<(ptr, ptr, i64)> 
    %142 = llvm.load %141 : !llvm.ptr -> f32
    %143 = llvm.extractvalue %140[1] : !llvm.struct<(ptr, ptr, i64)> 
    llvm.store %142, %143 : f32, !llvm.ptr
    llvm.br ^bb19(%arg2 : i64)
  ^bb19(%144: i64):  // 2 preds: ^bb18, ^bb29
    %145 = llvm.icmp "slt" %144, %arg4 : i64
    llvm.cond_br %145, ^bb20, ^bb30
  ^bb20:  // pred: ^bb19
    llvm.br ^bb21(%arg2 : i64)
  ^bb21(%146: i64):  // 2 preds: ^bb20, ^bb28
    %147 = llvm.icmp "slt" %146, %arg0 : i64
    llvm.cond_br %147, ^bb22, ^bb29
  ^bb22:  // pred: ^bb21
    %148 = llvm.add %146, %39 : i64
    %149 = llvm.extractvalue %19[0] : !llvm.struct<(ptr, ptr, i64, array<2 x i64>, array<2 x i64>)> 
    %150 = llvm.extractvalue %19[1] : !llvm.struct<(ptr, ptr, i64, array<2 x i64>, array<2 x i64>)> 
    %151 = llvm.mlir.poison : !llvm.struct<(ptr, ptr, i64)>
    %152 = llvm.insertvalue %149, %151[0] : !llvm.struct<(ptr, ptr, i64)> 
    %153 = llvm.insertvalue %150, %152[1] : !llvm.struct<(ptr, ptr, i64)> 
    %154 = llvm.mlir.constant(0 : index) : i64
    %155 = llvm.insertvalue %154, %153[2] : !llvm.struct<(ptr, ptr, i64)> 
    %156 = llvm.extractvalue %19[2] : !llvm.struct<(ptr, ptr, i64, array<2 x i64>, array<2 x i64>)> 
    %157 = llvm.extractvalue %19[3, 0] : !llvm.struct<(ptr, ptr, i64, array<2 x i64>, array<2 x i64>)> 
    %158 = llvm.extractvalue %19[3, 1] : !llvm.struct<(ptr, ptr, i64, array<2 x i64>, array<2 x i64>)> 
    %159 = llvm.extractvalue %19[4, 0] : !llvm.struct<(ptr, ptr, i64, array<2 x i64>, array<2 x i64>)> 
    %160 = llvm.extractvalue %19[4, 1] : !llvm.struct<(ptr, ptr, i64, array<2 x i64>, array<2 x i64>)> 
    %161 = llvm.mul %144, %35 overflow<nsw> : i64
    %162 = llvm.add %161, %148 : i64
    %163 = llvm.mlir.poison : !llvm.struct<(ptr, ptr, i64, array<2 x i64>, array<2 x i64>)>
    %164 = llvm.extractvalue %155[0] : !llvm.struct<(ptr, ptr, i64)> 
    %165 = llvm.extractvalue %155[1] : !llvm.struct<(ptr, ptr, i64)> 
    %166 = llvm.insertvalue %164, %163[0] : !llvm.struct<(ptr, ptr, i64, array<2 x i64>, array<2 x i64>)> 
    %167 = llvm.insertvalue %165, %166[1] : !llvm.struct<(ptr, ptr, i64, array<2 x i64>, array<2 x i64>)> 
    %168 = llvm.insertvalue %162, %167[2] : !llvm.struct<(ptr, ptr, i64, array<2 x i64>, array<2 x i64>)> 
    %169 = llvm.mlir.constant(4 : index) : i64
    %170 = llvm.insertvalue %169, %168[3, 0] : !llvm.struct<(ptr, ptr, i64, array<2 x i64>, array<2 x i64>)> 
    %171 = llvm.mlir.constant(1024 : index) : i64
    %172 = llvm.insertvalue %171, %170[4, 0] : !llvm.struct<(ptr, ptr, i64, array<2 x i64>, array<2 x i64>)> 
    %173 = llvm.mlir.constant(4 : index) : i64
    %174 = llvm.insertvalue %173, %172[3, 1] : !llvm.struct<(ptr, ptr, i64, array<2 x i64>, array<2 x i64>)> 
    %175 = llvm.mlir.constant(1 : index) : i64
    %176 = llvm.insertvalue %175, %174[4, 1] : !llvm.struct<(ptr, ptr, i64, array<2 x i64>, array<2 x i64>)> 
    %177 = llvm.mul %144, %34 overflow<nsw> : i64
    %178 = llvm.add %177, %146 : i64
    %179 = llvm.mlir.poison : !llvm.struct<(ptr, ptr, i64, array<2 x i64>, array<2 x i64>)>
    %180 = llvm.extractvalue %53[0] : !llvm.struct<(ptr, ptr, i64, array<2 x i64>, array<2 x i64>)> 
    %181 = llvm.extractvalue %53[1] : !llvm.struct<(ptr, ptr, i64, array<2 x i64>, array<2 x i64>)> 
    %182 = llvm.insertvalue %180, %179[0] : !llvm.struct<(ptr, ptr, i64, array<2 x i64>, array<2 x i64>)> 
    %183 = llvm.insertvalue %181, %182[1] : !llvm.struct<(ptr, ptr, i64, array<2 x i64>, array<2 x i64>)> 
    %184 = llvm.insertvalue %178, %183[2] : !llvm.struct<(ptr, ptr, i64, array<2 x i64>, array<2 x i64>)> 
    %185 = llvm.mlir.constant(4 : index) : i64
    %186 = llvm.insertvalue %185, %184[3, 0] : !llvm.struct<(ptr, ptr, i64, array<2 x i64>, array<2 x i64>)> 
    %187 = llvm.mlir.constant(128 : index) : i64
    %188 = llvm.insertvalue %187, %186[4, 0] : !llvm.struct<(ptr, ptr, i64, array<2 x i64>, array<2 x i64>)> 
    %189 = llvm.mlir.constant(4 : index) : i64
    %190 = llvm.insertvalue %189, %188[3, 1] : !llvm.struct<(ptr, ptr, i64, array<2 x i64>, array<2 x i64>)> 
    %191 = llvm.mlir.constant(1 : index) : i64
    %192 = llvm.insertvalue %191, %190[4, 1] : !llvm.struct<(ptr, ptr, i64, array<2 x i64>, array<2 x i64>)> 
    %193 = llvm.extractvalue %11[0] : !llvm.struct<(ptr<1>, ptr<1>, i64, array<2 x i64>, array<2 x i64>)> 
    %194 = llvm.extractvalue %11[1] : !llvm.struct<(ptr<1>, ptr<1>, i64, array<2 x i64>, array<2 x i64>)> 
    %195 = llvm.mlir.poison : !llvm.struct<(ptr<1>, ptr<1>, i64)>
    %196 = llvm.insertvalue %193, %195[0] : !llvm.struct<(ptr<1>, ptr<1>, i64)> 
    %197 = llvm.insertvalue %194, %196[1] : !llvm.struct<(ptr<1>, ptr<1>, i64)> 
    %198 = llvm.mlir.constant(0 : index) : i64
    %199 = llvm.insertvalue %198, %197[2] : !llvm.struct<(ptr<1>, ptr<1>, i64)> 
    %200 = llvm.extractvalue %11[2] : !llvm.struct<(ptr<1>, ptr<1>, i64, array<2 x i64>, array<2 x i64>)> 
    %201 = llvm.extractvalue %11[3, 0] : !llvm.struct<(ptr<1>, ptr<1>, i64, array<2 x i64>, array<2 x i64>)> 
    %202 = llvm.extractvalue %11[3, 1] : !llvm.struct<(ptr<1>, ptr<1>, i64, array<2 x i64>, array<2 x i64>)> 
    %203 = llvm.extractvalue %11[4, 0] : !llvm.struct<(ptr<1>, ptr<1>, i64, array<2 x i64>, array<2 x i64>)> 
    %204 = llvm.extractvalue %11[4, 1] : !llvm.struct<(ptr<1>, ptr<1>, i64, array<2 x i64>, array<2 x i64>)> 
    %205 = llvm.mul %144, %35 overflow<nsw> : i64
    %206 = llvm.add %205, %148 : i64
    %207 = llvm.mlir.poison : !llvm.struct<(ptr<1>, ptr<1>, i64, array<2 x i64>, array<2 x i64>)>
    %208 = llvm.extractvalue %199[0] : !llvm.struct<(ptr<1>, ptr<1>, i64)> 
    %209 = llvm.extractvalue %199[1] : !llvm.struct<(ptr<1>, ptr<1>, i64)> 
    %210 = llvm.insertvalue %208, %207[0] : !llvm.struct<(ptr<1>, ptr<1>, i64, array<2 x i64>, array<2 x i64>)> 
    %211 = llvm.insertvalue %209, %210[1] : !llvm.struct<(ptr<1>, ptr<1>, i64, array<2 x i64>, array<2 x i64>)> 
    %212 = llvm.insertvalue %206, %211[2] : !llvm.struct<(ptr<1>, ptr<1>, i64, array<2 x i64>, array<2 x i64>)> 
    %213 = llvm.mlir.constant(4 : index) : i64
    %214 = llvm.insertvalue %213, %212[3, 0] : !llvm.struct<(ptr<1>, ptr<1>, i64, array<2 x i64>, array<2 x i64>)> 
    %215 = llvm.mlir.constant(1024 : index) : i64
    %216 = llvm.insertvalue %215, %214[4, 0] : !llvm.struct<(ptr<1>, ptr<1>, i64, array<2 x i64>, array<2 x i64>)> 
    %217 = llvm.mlir.constant(4 : index) : i64
    %218 = llvm.insertvalue %217, %216[3, 1] : !llvm.struct<(ptr<1>, ptr<1>, i64, array<2 x i64>, array<2 x i64>)> 
    %219 = llvm.mlir.constant(1 : index) : i64
    %220 = llvm.insertvalue %219, %218[4, 1] : !llvm.struct<(ptr<1>, ptr<1>, i64, array<2 x i64>, array<2 x i64>)> 
    llvm.br ^bb23(%arg2 : i64)
  ^bb23(%221: i64):  // 2 preds: ^bb22, ^bb27
    %222 = llvm.icmp "slt" %221, %arg14 : i64
    llvm.cond_br %222, ^bb24, ^bb28
  ^bb24:  // pred: ^bb23
    llvm.br ^bb25(%arg2 : i64)
  ^bb25(%223: i64):  // 2 preds: ^bb24, ^bb26
    %224 = llvm.icmp "slt" %223, %arg14 : i64
    llvm.cond_br %224, ^bb26, ^bb27
  ^bb26:  // pred: ^bb25
    %225 = llvm.extractvalue %176[1] : !llvm.struct<(ptr, ptr, i64, array<2 x i64>, array<2 x i64>)> 
    %226 = llvm.extractvalue %176[2] : !llvm.struct<(ptr, ptr, i64, array<2 x i64>, array<2 x i64>)> 
    %227 = llvm.getelementptr %225[%226] : (!llvm.ptr, i64) -> !llvm.ptr, f32
    %228 = llvm.mlir.constant(1024 : index) : i64
    %229 = llvm.mul %221, %228 overflow<nsw, nuw> : i64
    %230 = llvm.add %229, %223 overflow<nsw, nuw> : i64
    %231 = llvm.getelementptr inbounds|nuw %227[%230] : (!llvm.ptr, i64) -> !llvm.ptr, f32
    %232 = llvm.load %231 : !llvm.ptr -> f32
    %233 = llvm.extractvalue %192[1] : !llvm.struct<(ptr, ptr, i64, array<2 x i64>, array<2 x i64>)> 
    %234 = llvm.extractvalue %192[2] : !llvm.struct<(ptr, ptr, i64, array<2 x i64>, array<2 x i64>)> 
    %235 = llvm.getelementptr %233[%234] : (!llvm.ptr, i64) -> !llvm.ptr, f32
    %236 = llvm.mlir.constant(128 : index) : i64
    %237 = llvm.mul %221, %236 overflow<nsw, nuw> : i64
    %238 = llvm.add %237, %223 overflow<nsw, nuw> : i64
    %239 = llvm.getelementptr inbounds|nuw %235[%238] : (!llvm.ptr, i64) -> !llvm.ptr, f32
    %240 = llvm.load %239 : !llvm.ptr -> f32
    %241 = llvm.extractvalue %220[1] : !llvm.struct<(ptr<1>, ptr<1>, i64, array<2 x i64>, array<2 x i64>)> 
    %242 = llvm.extractvalue %220[2] : !llvm.struct<(ptr<1>, ptr<1>, i64, array<2 x i64>, array<2 x i64>)> 
    %243 = llvm.getelementptr %241[%242] : (!llvm.ptr<1>, i64) -> !llvm.ptr<1>, i32
    %244 = llvm.mlir.constant(1024 : index) : i64
    %245 = llvm.mul %221, %244 overflow<nsw, nuw> : i64
    %246 = llvm.add %245, %223 overflow<nsw, nuw> : i64
    %247 = llvm.getelementptr inbounds|nuw %243[%246] : (!llvm.ptr<1>, i64) -> !llvm.ptr<1>, i32
    %248 = llvm.load %247 : !llvm.ptr<1> -> i32
    %249 = llvm.extractvalue %140[1] : !llvm.struct<(ptr, ptr, i64)> 
    %250 = llvm.load %249 : !llvm.ptr -> f32
    %251 = llvm.add %144, %221 : i64
    %252 = llvm.add %146, %223 : i64
    %253 = llvm.add %252, %39 : i64
    %254 = llvm.sext %248 : i32 to i64
    %255 = llvm.extractvalue %33[1] : !llvm.struct<(ptr<1>, ptr<1>, i64, array<3 x i64>, array<3 x i64>)> 
    %256 = llvm.mlir.constant(1572864 : index) : i64
    %257 = llvm.mul %251, %256 overflow<nsw, nuw> : i64
    %258 = llvm.mlir.constant(1536 : index) : i64
    %259 = llvm.mul %253, %258 overflow<nsw, nuw> : i64
    %260 = llvm.add %257, %259 overflow<nsw, nuw> : i64
    %261 = llvm.add %260, %254 overflow<nsw, nuw> : i64
    %262 = llvm.getelementptr inbounds|nuw %255[%261] : (!llvm.ptr<1>, i64) -> !llvm.ptr<1>, f32
    %263 = llvm.load %262 : !llvm.ptr<1> -> f32
    %264 = llvm.call @__nv_logf(%232) : (f32) -> f32
    %265 = llvm.fadd %264, %240 : f32
    %266 = llvm.fsub %265, %263 : f32
    %267 = llvm.fadd %266, %250 : f32
    %268 = llvm.extractvalue %140[1] : !llvm.struct<(ptr, ptr, i64)> 
    llvm.store %267, %268 : f32, !llvm.ptr
    %269 = llvm.add %223, %arg3 : i64
    llvm.br ^bb25(%269 : i64)
  ^bb27:  // pred: ^bb25
    %270 = llvm.add %221, %arg3 : i64
    llvm.br ^bb23(%270 : i64)
  ^bb28:  // pred: ^bb23
    %271 = llvm.add %146, %arg14 : i64
    llvm.br ^bb21(%271 : i64)
  ^bb29:  // pred: ^bb21
    %272 = llvm.add %144, %arg14 : i64
    llvm.br ^bb19(%272 : i64)
  ^bb30:  // pred: ^bb19
    %273 = llvm.extractvalue %140[1] : !llvm.struct<(ptr, ptr, i64)> 
    %274 = llvm.load %273 : !llvm.ptr -> f32
    %275 = llvm.fdiv %274, %arg33 : f32
    %276 = llvm.extractvalue %3[1] : !llvm.struct<(ptr, ptr, i64)> 
    llvm.store %275, %276 : f32, !llvm.ptr
    llvm.return
  }
}


// -----// IR Dump After GpuModuleToBinaryPass (gpu-module-to-binary) //----- //
module attributes {gpu.container_module} {
  func.func @main(%arg0: memref<8x1024x1536xf32, 1>, %arg1: memref<8x1024xi32, 1>, %arg2: memref<1xf32, 1> {bufferization.writable = true}) attributes {llvm.emit_c_interface} {
    %c1 = arith.constant 1 : index
    %cst = arith.constant 0xFF800000 : f32
    %cst_0 = arith.constant 0.000000e+00 : f32
    %cst_1 = arith.constant -3.40282347E+38 : f32
    %c128 = arith.constant 128 : index
    %c8 = arith.constant 8 : index
    %c4 = arith.constant 4 : index
    %c1536 = arith.constant 1536 : index
    %c0 = arith.constant 0 : index
    %cst_2 = arith.constant 8.192000e+03 : f32
    %0 = gpu.wait async
    %memref, %asyncToken = gpu.alloc async [%0] () : memref<8x1024xf32>
    %1 = gpu.launch_func async [%asyncToken] @main_kernel::@main_kernel blocks in (%c8, %c1, %c1) threads in (%c1, %c1, %c1)  args(%c128 : index, %memref : memref<8x1024xf32>, %cst_1 : f32, %c0 : index, %c1 : index, %c8 : index, %arg0 : memref<8x1024x1536xf32, 1>, %c4 : index, %c1536 : index, %cst_0 : f32)
    %memref_3, %asyncToken_4 = gpu.alloc async [%1] () : memref<f32>
    %memref_5, %asyncToken_6 = gpu.alloc async [%asyncToken_4] () : memref<f32>
    gpu.wait [%asyncToken_6]
    memref.store %cst_0, %memref_5[] : memref<f32>
    %2 = gpu.wait async
    %3 = gpu.launch_func async [%2] @main_kernel_0::@main_kernel blocks in (%c8, %c1, %c1) threads in (%c1, %c1, %c1)  args(%c128 : index, %cst : f32, %c0 : index, %c1 : index, %c8 : index, %arg0 : memref<8x1024x1536xf32, 1>, %c4 : index, %c1536 : index, %memref_5 : memref<f32>, %memref : memref<8x1024xf32>, %arg1 : memref<8x1024xi32, 1>, %cst_2 : f32, %memref_3 : memref<f32>)
    %expand_shape = memref.expand_shape %memref_3 [] output_shape [1] : memref<f32> into memref<1xf32>
    %4 = gpu.memcpy async [%3] %arg2, %expand_shape : memref<1xf32, 1>, memref<1xf32>
    %5 = gpu.dealloc async [%4] %memref : memref<8x1024xf32>
    %6 = gpu.dealloc async [%5] %memref_3 : memref<f32>
    %7 = gpu.dealloc async [%6] %memref_5 : memref<f32>
    gpu.wait [%7]
    return
  }
  gpu.binary @main_kernel  [#gpu.object<#nvvm.target<O = 3, chip = "sm_86", features = "+ptx76", flags = {fast, ftz}>, properties = {LLVMIRToISATimeInMs = 4 : i64, O = 3 : i32}, assembly = "//\0A// Generated by LLVM NVPTX Back-End\0A//\0A\0A.version 7.6\0A.target sm_86\0A.address_size 64\0A\0A\09// .globl\09main_kernel\0A\0A.visible .entry main_kernel(\0A\09.param .u64 main_kernel_param_0,\0A\09.param .u64 .ptr .align 1 main_kernel_param_1,\0A\09.param .u64 .ptr .align 1 main_kernel_param_2,\0A\09.param .u64 main_kernel_param_3,\0A\09.param .u64 main_kernel_param_4,\0A\09.param .u64 main_kernel_param_5,\0A\09.param .u64 main_kernel_param_6,\0A\09.param .u64 main_kernel_param_7,\0A\09.param .f32 main_kernel_param_8,\0A\09.param .u64 main_kernel_param_9,\0A\09.param .u64 main_kernel_param_10,\0A\09.param .u64 main_kernel_param_11,\0A\09.param .u64 .ptr .global .align 1 main_kernel_param_12,\0A\09.param .u64 .ptr .global .align 1 main_kernel_param_13,\0A\09.param .u64 main_kernel_param_14,\0A\09.param .u64 main_kernel_param_15,\0A\09.param .u64 main_kernel_param_16,\0A\09.param .u64 main_kernel_param_17,\0A\09.param .u64 main_kernel_param_18,\0A\09.param .u64 main_kernel_param_19,\0A\09.param .u64 main_kernel_param_20,\0A\09.param .u64 main_kernel_param_21,\0A\09.param .u64 main_kernel_param_22,\0A\09.param .f32 main_kernel_param_23\0A)\0A.maxntid 1, 1, 1\0A{\0A\09.local .align 4 .b8 \09__local_depot0[4096];\0A\09.reg .b64 \09%SP;\0A\09.reg .b64 \09%SPL;\0A\09.reg .pred \09%p<29>;\0A\09.reg .b32 \09%r<28>;\0A\09.reg .b64 \09%rd<129>;\0A\0A\09mov.b64 \09%SPL, __local_depot0;\0A\09ld.param.b64 \09%rd80, [main_kernel_param_22];\0A\09ld.param.b64 \09%rd79, [main_kernel_param_21];\0A\09ld.param.b64 \09%rd77, [main_kernel_param_11];\0A\09ld.param.b64 \09%rd76, [main_kernel_param_10];\0A\09ld.param.b64 \09%rd75, [main_kernel_param_9];\0A\09ld.param.b64 \09%rd74, [main_kernel_param_0];\0A\09ld.param.b64 \09%rd81, [main_kernel_param_2];\0A\09cvta.to.global.u64 \09%rd1, %rd81;\0A\09mov.u32 \09%r10, %ctaid.x;\0A\09cvt.u64.u32 \09%rd82, %r10;\0A\09add.u64 \09%rd3, %SPL, 0;\0A\09setp.ge.s64 \09%p1, %rd75, %rd77;\0A\09shl.b64 \09%rd104, %rd76, 2;\0A\09setp.ge.s64 \09%p28, %rd75, %rd74;\0A\09@%p1 bra \09$L__BB0_5;\0A\09ld.param.b32 \09%r8, [main_kernel_param_8];\0A\09mad.lo.s64 \09%rd105, %rd75, 516, %rd3;\0A\09shl.b64 \09%rd5, %rd76, 9;\0A\09mov.b64 \09%rd106, %rd75;\0A\09bra.uni \09$L__BB0_2;\0A$L__BB0_4:\0A\09add.s64 \09%rd106, %rd106, %rd76;\0A\09add.s64 \09%rd105, %rd105, %rd5;\0A\09setp.lt.s64 \09%p4, %rd106, %rd77;\0A\09@%p4 bra \09$L__BB0_2;\0A\09bra.uni \09$L__BB0_5;\0A$L__BB0_2:\0A\09mov.b64 \09%rd107, %rd105;\0A\09mov.b64 \09%rd108, %rd75;\0A\09@%p28 bra \09$L__BB0_4;\0A$L__BB0_3:\0A\09st.local.b32 \09[%rd107], %r8;\0A\09add.s64 \09%rd108, %rd108, %rd76;\0A\09add.s64 \09%rd107, %rd107, %rd104;\0A\09setp.lt.s64 \09%p3, %rd108, %rd74;\0A\09@%p3 bra \09$L__BB0_3;\0A\09bra.uni \09$L__BB0_4;\0A$L__BB0_5:\0A\09ld.param.b64 \09%rd78, [main_kernel_param_13];\0A\09mul.lo.s64 \09%rd2, %rd74, %rd82;\0A\09setp.ge.s64 \09%p5, %rd75, %rd80;\0A\09mul.lo.s64 \09%rd99, %rd75, 6297608;\0A\09shl.b64 \09%rd100, %rd79, 2;\0A\09mul.lo.s64 \09%rd101, %rd76, 6291456;\0A\09mul.lo.s64 \09%rd102, %rd76, 6144;\0A\09setp.ge.s64 \09%p27, %rd75, %rd79;\0A\09@%p5 bra \09$L__BB0_17;\0A\09mad.lo.s64 \09%rd85, %rd2, 6144, %rd99;\0A\09add.s64 \09%rd109, %rd78, %rd85;\0A\09mov.b64 \09%rd110, %rd75;\0A\09bra.uni \09$L__BB0_7;\0A$L__BB0_16:\0A\09add.s64 \09%rd110, %rd110, %rd79;\0A\09add.s64 \09%rd109, %rd109, %rd100;\0A\09setp.lt.s64 \09%p12, %rd110, %rd80;\0A\09@%p12 bra \09$L__BB0_7;\0A\09bra.uni \09$L__BB0_17;\0A$L__BB0_7:\0A\09mov.b64 \09%rd111, %rd109;\0A\09mov.b64 \09%rd112, %rd75;\0A\09@%p1 bra \09$L__BB0_16;\0A\09bra.uni \09$L__BB0_8;\0A$L__BB0_15:\0A\09add.s64 \09%rd112, %rd112, %rd76;\0A\09add.s64 \09%rd111, %rd111, %rd101;\0A\09setp.lt.s64 \09%p11, %rd112, %rd77;\0A\09@%p11 bra \09$L__BB0_8;\0A\09bra.uni \09$L__BB0_16;\0A$L__BB0_8:\0A\09@%p28 bra \09$L__BB0_15;\0A\09shl.b64 \09%rd86, %rd112, 9;\0A\09add.s64 \09%rd27, %rd3, %rd86;\0A\09mov.b64 \09%rd113, %rd111;\0A\09mov.b64 \09%rd114, %rd75;\0A\09bra.uni \09$L__BB0_10;\0A$L__BB0_14:\0A\09add.s64 \09%rd114, %rd114, %rd76;\0A\09add.s64 \09%rd113, %rd113, %rd102;\0A\09setp.lt.s64 \09%p10, %rd114, %rd74;\0A\09@%p10 bra \09$L__BB0_10;\0A\09bra.uni \09$L__BB0_15;\0A$L__BB0_10:\0A\09@%p27 bra \09$L__BB0_14;\0A\09shl.b64 \09%rd87, %rd114, 2;\0A\09add.s64 \09%rd30, %rd27, %rd87;\0A\09ld.local.b32 \09%r26, [%rd30];\0A\09mov.b64 \09%rd115, %rd113;\0A\09mov.b64 \09%rd116, %rd75;\0A$L__BB0_12:\0A\09ld.global.b32 \09%r11, [%rd115];\0A\09max.NaN.f32 \09%r26, %r11, %r26;\0A\09add.s64 \09%rd116, %rd116, %rd76;\0A\09add.s64 \09%rd115, %rd115, %rd104;\0A\09setp.lt.s64 \09%p9, %rd116, %rd79;\0A\09@%p9 bra \09$L__BB0_12;\0A\09st.local.b32 \09[%rd30], %r26;\0A\09bra.uni \09$L__BB0_14;\0A$L__BB0_17:\0A\09shl.b64 \09%rd97, %rd2, 2;\0A\09@%p1 bra \09$L__BB0_22;\0A\09ld.param.b32 \09%r9, [main_kernel_param_23];\0A\09mad.lo.s64 \09%rd89, %rd75, 4100, %rd97;\0A\09add.s64 \09%rd117, %rd1, %rd89;\0A\09shl.b64 \09%rd23, %rd76, 12;\0A\09mov.b64 \09%rd118, %rd75;\0A\09bra.uni \09$L__BB0_19;\0A$L__BB0_21:\0A\09add.s64 \09%rd118, %rd118, %rd76;\0A\09add.s64 \09%rd117, %rd117, %rd23;\0A\09setp.lt.s64 \09%p16, %rd118, %rd77;\0A\09@%p16 bra \09$L__BB0_19;\0A\09bra.uni \09$L__BB0_22;\0A$L__BB0_19:\0A\09mov.b64 \09%rd119, %rd117;\0A\09mov.b64 \09%rd120, %rd75;\0A\09@%p28 bra \09$L__BB0_21;\0A$L__BB0_20:\0A\09st.global.b32 \09[%rd119], %r9;\0A\09add.s64 \09%rd120, %rd120, %rd76;\0A\09add.s64 \09%rd119, %rd119, %rd104;\0A\09setp.lt.s64 \09%p15, %rd120, %rd74;\0A\09@%p15 bra \09$L__BB0_20;\0A\09bra.uni \09$L__BB0_21;\0A$L__BB0_22:\0A\09@%p5 bra \09$L__BB0_34;\0A\09add.s64 \09%rd43, %rd1, %rd97;\0A\09mad.lo.s64 \09%rd92, %rd2, 6144, %rd99;\0A\09add.s64 \09%rd121, %rd78, %rd92;\0A\09mov.b64 \09%rd122, %rd75;\0A\09bra.uni \09$L__BB0_24;\0A$L__BB0_33:\0A\09add.s64 \09%rd122, %rd122, %rd79;\0A\09add.s64 \09%rd121, %rd121, %rd100;\0A\09setp.lt.s64 \09%p24, %rd122, %rd80;\0A\09@%p24 bra \09$L__BB0_24;\0A\09bra.uni \09$L__BB0_34;\0A$L__BB0_24:\0A\09@%p1 bra \09$L__BB0_33;\0A\09mov.b64 \09%rd123, %rd121;\0A\09mov.b64 \09%rd124, %rd75;\0A\09bra.uni \09$L__BB0_26;\0A$L__BB0_32:\0A\09add.s64 \09%rd124, %rd124, %rd76;\0A\09add.s64 \09%rd123, %rd123, %rd101;\0A\09setp.lt.s64 \09%p23, %rd124, %rd77;\0A\09@%p23 bra \09$L__BB0_26;\0A\09bra.uni \09$L__BB0_33;\0A$L__BB0_26:\0A\09@%p28 bra \09$L__BB0_32;\0A\09shl.b64 \09%rd93, %rd124, 9;\0A\09add.s64 \09%rd59, %rd3, %rd93;\0A\09shl.b64 \09%rd94, %rd124, 12;\0A\09add.s64 \09%rd60, %rd43, %rd94;\0A\09mov.b64 \09%rd125, %rd123;\0A\09mov.b64 \09%rd126, %rd75;\0A\09bra.uni \09$L__BB0_28;\0A$L__BB0_31:\0A\09add.s64 \09%rd126, %rd126, %rd76;\0A\09add.s64 \09%rd125, %rd125, %rd102;\0A\09setp.lt.s64 \09%p22, %rd126, %rd74;\0A\09@%p22 bra \09$L__BB0_28;\0A\09bra.uni \09$L__BB0_32;\0A$L__BB0_28:\0A\09@%p27 bra \09$L__BB0_31;\0A\09shl.b64 \09%rd95, %rd126, 2;\0A\09add.s64 \09%rd96, %rd59, %rd95;\0A\09ld.local.b32 \09%r4, [%rd96];\0A\09add.s64 \09%rd63, %rd60, %rd95;\0A\09ld.global.b32 \09%r27, [%rd63];\0A\09mov.b64 \09%rd127, %rd125;\0A\09mov.b64 \09%rd128, %rd75;\0A$L__BB0_30:\0A\09ld.global.b32 \09%r12, [%rd127];\0A\09sub.rn.f32 \09%r13, %r12, %r4;\0A\09fma.rn.f32 \09%r14, %r13, 0f3BBB989D, 0f3F000000;\0A\09cvt.sat.f32.f32 \09%r15, %r14;\0A\09mov.b32 \09%r16, 0f4B400001;\0A\09mov.b32 \09%r17, 0f437C0000;\0A\09fma.rm.f32 \09%r18, %r15, %r17, %r16;\0A\09add.rn.f32 \09%r19, %r18, 0fCB40007F;\0A\09neg.f32 \09%r20, %r19;\0A\09fma.rn.f32 \09%r21, %r13, 0f3FB8AA3B, %r20;\0A\09fma.rn.f32 \09%r22, %r13, 0f32A57060, %r21;\0A\09shl.b32 \09%r23, %r18, 23;\0A\09ex2.approx.ftz.f32 \09%r24, %r22;\0A\09mul.rn.f32 \09%r25, %r24, %r23;\0A\09add.rn.f32 \09%r27, %r27, %r25;\0A\09st.global.b32 \09[%rd63], %r27;\0A\09add.s64 \09%rd128, %rd128, %rd76;\0A\09add.s64 \09%rd127, %rd127, %rd104;\0A\09setp.lt.s64 \09%p21, %rd128, %rd79;\0A\09@%p21 bra \09$L__BB0_30;\0A\09bra.uni \09$L__BB0_31;\0A$L__BB0_34:\0A\09ret;\0A\0A}\0A">]
  gpu.binary @main_kernel_0  [#gpu.object<#nvvm.target<O = 3, chip = "sm_86", features = "+ptx76", flags = {fast, ftz}>, properties = {LLVMIRToISATimeInMs = 3 : i64, O = 3 : i32}, assembly = "//\0A// Generated by LLVM NVPTX Back-End\0A//\0A\0A.version 7.6\0A.target sm_86\0A.address_size 64\0A\0A\09// .globl\09main_kernel\0A\0A.visible .entry main_kernel(\0A\09.param .u64 main_kernel_param_0,\0A\09.param .f32 main_kernel_param_1,\0A\09.param .u64 main_kernel_param_2,\0A\09.param .u64 main_kernel_param_3,\0A\09.param .u64 main_kernel_param_4,\0A\09.param .u64 .ptr .global .align 1 main_kernel_param_5,\0A\09.param .u64 .ptr .global .align 1 main_kernel_param_6,\0A\09.param .u64 main_kernel_param_7,\0A\09.param .u64 main_kernel_param_8,\0A\09.param .u64 main_kernel_param_9,\0A\09.param .u64 main_kernel_param_10,\0A\09.param .u64 main_kernel_param_11,\0A\09.param .u64 main_kernel_param_12,\0A\09.param .u64 main_kernel_param_13,\0A\09.param .u64 main_kernel_param_14,\0A\09.param .u64 main_kernel_param_15,\0A\09.param .u64 .ptr .align 1 main_kernel_param_16,\0A\09.param .u64 .ptr .align 1 main_kernel_param_17,\0A\09.param .u64 main_kernel_param_18,\0A\09.param .u64 .ptr .align 1 main_kernel_param_19,\0A\09.param .u64 .ptr .align 1 main_kernel_param_20,\0A\09.param .u64 main_kernel_param_21,\0A\09.param .u64 main_kernel_param_22,\0A\09.param .u64 main_kernel_param_23,\0A\09.param .u64 main_kernel_param_24,\0A\09.param .u64 main_kernel_param_25,\0A\09.param .u64 .ptr .global .align 1 main_kernel_param_26,\0A\09.param .u64 .ptr .global .align 1 main_kernel_param_27,\0A\09.param .u64 main_kernel_param_28,\0A\09.param .u64 main_kernel_param_29,\0A\09.param .u64 main_kernel_param_30,\0A\09.param .u64 main_kernel_param_31,\0A\09.param .u64 main_kernel_param_32,\0A\09.param .f32 main_kernel_param_33,\0A\09.param .u64 .ptr .align 1 main_kernel_param_34,\0A\09.param .u64 .ptr .align 1 main_kernel_param_35,\0A\09.param .u64 main_kernel_param_36\0A)\0A.maxntid 1, 1, 1\0A{\0A\09.local .align 4 .b8 \09__local_depot0[4096];\0A\09.reg .b64 \09%SP;\0A\09.reg .b64 \09%SPL;\0A\09.reg .pred \09%p<26>;\0A\09.reg .b32 \09%r<55>;\0A\09.reg .b64 \09%rd<153>;\0A\0A\09mov.b64 \09%SPL, __local_depot0;\0A\09ld.param.b64 \09%rd96, [main_kernel_param_15];\0A\09ld.param.b64 \09%rd95, [main_kernel_param_14];\0A\09ld.param.b64 \09%rd93, [main_kernel_param_4];\0A\09ld.param.b64 \09%rd92, [main_kernel_param_3];\0A\09ld.param.b64 \09%rd91, [main_kernel_param_2];\0A\09ld.param.b64 \09%rd90, [main_kernel_param_0];\0A\09ld.param.b64 \09%rd98, [main_kernel_param_17];\0A\09cvta.to.global.u64 \09%rd1, %rd98;\0A\09ld.param.b64 \09%rd99, [main_kernel_param_20];\0A\09cvta.to.global.u64 \09%rd2, %rd99;\0A\09ld.param.b64 \09%rd100, [main_kernel_param_35];\0A\09cvta.to.global.u64 \09%rd3, %rd100;\0A\09mov.u32 \09%r15, %ctaid.x;\0A\09cvt.u64.u32 \09%rd101, %r15;\0A\09add.u64 \09%rd5, %SPL, 0;\0A\09setp.ge.s64 \09%p1, %rd91, %rd93;\0A\09shl.b64 \09%rd121, %rd92, 9;\0A\09shl.b64 \09%rd122, %rd92, 2;\0A\09setp.ge.s64 \09%p25, %rd91, %rd90;\0A\09@%p1 bra \09$L__BB0_5;\0A\09ld.param.b32 \09%r13, [main_kernel_param_1];\0A\09mad.lo.s64 \09%rd123, %rd91, 516, %rd5;\0A\09mov.b64 \09%rd124, %rd91;\0A\09bra.uni \09$L__BB0_2;\0A$L__BB0_4:\0A\09add.s64 \09%rd124, %rd124, %rd92;\0A\09add.s64 \09%rd123, %rd123, %rd121;\0A\09setp.lt.s64 \09%p4, %rd124, %rd93;\0A\09@%p4 bra \09$L__BB0_2;\0A\09bra.uni \09$L__BB0_5;\0A$L__BB0_2:\0A\09mov.b64 \09%rd125, %rd123;\0A\09mov.b64 \09%rd126, %rd91;\0A\09@%p25 bra \09$L__BB0_4;\0A$L__BB0_3:\0A\09st.local.b32 \09[%rd125], %r13;\0A\09add.s64 \09%rd126, %rd126, %rd92;\0A\09add.s64 \09%rd125, %rd125, %rd122;\0A\09setp.lt.s64 \09%p3, %rd126, %rd90;\0A\09@%p3 bra \09$L__BB0_3;\0A\09bra.uni \09$L__BB0_4;\0A$L__BB0_5:\0A\09ld.param.b64 \09%rd94, [main_kernel_param_6];\0A\09mul.lo.s64 \09%rd4, %rd90, %rd101;\0A\09setp.ge.s64 \09%p5, %rd91, %rd96;\0A\09shl.b64 \09%rd117, %rd95, 2;\0A\09mul.lo.s64 \09%rd118, %rd92, 6291456;\0A\09mul.lo.s64 \09%rd119, %rd92, 6144;\0A\09setp.ge.s64 \09%p24, %rd91, %rd95;\0A\09@%p5 bra \09$L__BB0_18;\0A\09mul.lo.s64 \09%rd103, %rd91, 6297608;\0A\09mad.lo.s64 \09%rd104, %rd4, 6144, %rd103;\0A\09add.s64 \09%rd127, %rd94, %rd104;\0A\09mov.b64 \09%rd128, %rd91;\0A\09bra.uni \09$L__BB0_7;\0A$L__BB0_17:\0A\09add.s64 \09%rd128, %rd128, %rd95;\0A\09add.s64 \09%rd127, %rd127, %rd117;\0A\09setp.lt.s64 \09%p12, %rd128, %rd96;\0A\09@%p12 bra \09$L__BB0_7;\0A\09bra.uni \09$L__BB0_18;\0A$L__BB0_7:\0A\09@%p1 bra \09$L__BB0_17;\0A\09mov.b64 \09%rd129, %rd127;\0A\09mov.b64 \09%rd130, %rd91;\0A\09bra.uni \09$L__BB0_9;\0A$L__BB0_16:\0A\09add.s64 \09%rd130, %rd130, %rd92;\0A\09add.s64 \09%rd129, %rd129, %rd118;\0A\09setp.lt.s64 \09%p11, %rd130, %rd93;\0A\09@%p11 bra \09$L__BB0_9;\0A\09bra.uni \09$L__BB0_17;\0A$L__BB0_9:\0A\09@%p25 bra \09$L__BB0_16;\0A\09shl.b64 \09%rd105, %rd130, 9;\0A\09add.s64 \09%rd26, %rd5, %rd105;\0A\09mov.b64 \09%rd131, %rd129;\0A\09mov.b64 \09%rd132, %rd91;\0A\09bra.uni \09$L__BB0_11;\0A$L__BB0_15:\0A\09add.s64 \09%rd132, %rd132, %rd92;\0A\09add.s64 \09%rd131, %rd131, %rd119;\0A\09setp.lt.s64 \09%p10, %rd132, %rd90;\0A\09@%p10 bra \09$L__BB0_11;\0A\09bra.uni \09$L__BB0_16;\0A$L__BB0_11:\0A\09@%p24 bra \09$L__BB0_15;\0A\09shl.b64 \09%rd106, %rd132, 2;\0A\09add.s64 \09%rd29, %rd26, %rd106;\0A\09ld.local.b32 \09%r47, [%rd29];\0A\09mov.b64 \09%rd133, %rd131;\0A\09mov.b64 \09%rd134, %rd91;\0A$L__BB0_13:\0A\09ld.global.b32 \09%r16, [%rd133];\0A\09max.f32 \09%r47, %r16, %r47;\0A\09add.s64 \09%rd134, %rd134, %rd92;\0A\09add.s64 \09%rd133, %rd133, %rd122;\0A\09setp.lt.s64 \09%p9, %rd134, %rd95;\0A\09@%p9 bra \09$L__BB0_13;\0A\09st.local.b32 \09[%rd29], %r47;\0A\09bra.uni \09$L__BB0_15;\0A$L__BB0_18:\0A\09ld.param.b32 \09%r14, [main_kernel_param_33];\0A\09ld.global.b32 \09%r51, [%rd1];\0A\09@%p1 bra \09$L__BB0_29;\0A\09ld.param.b64 \09%rd97, [main_kernel_param_27];\0A\09mad.lo.s64 \09%rd138, %rd91, 1032, %rd5;\0A\09shl.b64 \09%rd41, %rd95, 9;\0A\09shl.b64 \09%rd107, %rd4, 2;\0A\09mad.lo.s64 \09%rd108, %rd91, 8200, %rd107;\0A\09add.s64 \09%rd137, %rd2, %rd108;\0A\09shl.b64 \09%rd46, %rd95, 12;\0A\09shl.b64 \09%rd47, %rd92, 12;\0A\09add.s64 \09%rd136, %rd97, %rd108;\0A\09mul.lo.s64 \09%rd109, %rd91, 12595200;\0A\09mad.lo.s64 \09%rd110, %rd4, 6144, %rd109;\0A\09add.s64 \09%rd135, %rd94, %rd110;\0A\09mul.lo.s64 \09%rd50, %rd95, 6291456;\0A\09mul.lo.s64 \09%rd51, %rd95, 6144;\0A\09mov.b64 \09%rd139, %rd91;\0A\09bra.uni \09$L__BB0_20;\0A$L__BB0_28:\0A\09add.s64 \09%rd139, %rd139, %rd95;\0A\09add.s64 \09%rd138, %rd138, %rd41;\0A\09add.s64 \09%rd137, %rd137, %rd46;\0A\09add.s64 \09%rd136, %rd136, %rd46;\0A\09add.s64 \09%rd135, %rd135, %rd50;\0A\09setp.lt.s64 \09%p22, %rd139, %rd93;\0A\09@%p22 bra \09$L__BB0_20;\0A\09bra.uni \09$L__BB0_29;\0A$L__BB0_20:\0A\09@%p25 bra \09$L__BB0_28;\0A\09mov.b64 \09%rd140, %rd135;\0A\09mov.b64 \09%rd141, %rd136;\0A\09mov.b64 \09%rd142, %rd137;\0A\09mov.b64 \09%rd143, %rd138;\0A\09mov.b64 \09%rd144, %rd91;\0A\09bra.uni \09$L__BB0_22;\0A$L__BB0_27:\0A\09add.s64 \09%rd144, %rd144, %rd95;\0A\09add.s64 \09%rd143, %rd143, %rd117;\0A\09add.s64 \09%rd142, %rd142, %rd117;\0A\09add.s64 \09%rd141, %rd141, %rd117;\0A\09add.s64 \09%rd140, %rd140, %rd51;\0A\09setp.lt.s64 \09%p21, %rd144, %rd90;\0A\09@%p21 bra \09$L__BB0_22;\0A\09bra.uni \09$L__BB0_28;\0A$L__BB0_22:\0A\09@%p24 bra \09$L__BB0_27;\0A\09mov.b64 \09%rd145, %rd140;\0A\09mov.b64 \09%rd146, %rd141;\0A\09mov.b64 \09%rd147, %rd142;\0A\09mov.b64 \09%rd148, %rd143;\0A\09mov.b64 \09%rd149, %rd91;\0A$L__BB0_24:\0A\09mov.b64 \09%rd151, 0;\0A\09mov.b64 \09%rd150, %rd145;\0A\09mov.b64 \09%rd152, %rd91;\0A$L__BB0_25:\0A\09add.s64 \09%rd112, %rd147, %rd151;\0A\09ld.global.b32 \09%r17, [%rd112];\0A\09add.s64 \09%rd113, %rd148, %rd151;\0A\09ld.local.b32 \09%r18, [%rd113];\0A\09add.s64 \09%rd114, %rd146, %rd151;\0A\09ld.global.b32 \09%r19, [%rd114];\0A\09mul.wide.s32 \09%rd115, %r19, 4;\0A\09add.s64 \09%rd116, %rd150, %rd115;\0A\09ld.global.b32 \09%r20, [%rd116];\0A\09setp.lt.f32 \09%p16, %r17, 0f00800000;\0A\09mul.rn.f32 \09%r21, %r17, 0f4B000000;\0A\09selp.f32 \09%r22, %r21, %r17, %p16;\0A\09selp.f32 \09%r23, 0fC1B80000, 0f00000000, %p16;\0A\09add.s32 \09%r24, %r22, -1059760811;\0A\09and.b32 \09%r25, %r24, -8388608;\0A\09sub.s32 \09%r26, %r22, %r25;\0A\09cvt.rn.f32.s32 \09%r27, %r25;\0A\09fma.rn.f32 \09%r28, %r27, 0f34000000, %r23;\0A\09add.rn.f32 \09%r29, %r26, 0fBF800000;\0A\09fma.rn.f32 \09%r30, %r29, 0fBE055027, 0f3E1039F6;\0A\09fma.rn.f32 \09%r31, %r30, %r29, 0fBDF8CDCC;\0A\09fma.rn.f32 \09%r32, %r31, %r29, 0f3E0F2955;\0A\09fma.rn.f32 \09%r33, %r32, %r29, 0fBE2AD8B9;\0A\09fma.rn.f32 \09%r34, %r33, %r29, 0f3E4CED0B;\0A\09fma.rn.f32 \09%r35, %r34, %r29, 0fBE7FFF22;\0A\09fma.rn.f32 \09%r36, %r35, %r29, 0f3EAAAA78;\0A\09fma.rn.f32 \09%r37, %r36, %r29, 0fBF000000;\0A\09mul.rn.f32 \09%r38, %r29, %r37;\0A\09fma.rn.f32 \09%r39, %r38, %r29, %r29;\0A\09fma.rn.f32 \09%r40, %r28, 0f3F317218, %r39;\0A\09setp.gt.u32 \09%p17, %r22, 2139095039;\0A\09fma.rn.f32 \09%r41, %r22, 0f7F800000, 0f7F800000;\0A\09selp.f32 \09%r42, %r41, %r40, %p17;\0A\09setp.eq.f32 \09%p18, %r22, 0f00000000;\0A\09selp.f32 \09%r43, 0fFF800000, %r42, %p18;\0A\09add.rn.f32 \09%r44, %r18, %r43;\0A\09sub.rn.f32 \09%r45, %r44, %r20;\0A\09add.rn.f32 \09%r51, %r51, %r45;\0A\09add.s64 \09%rd152, %rd152, %rd92;\0A\09add.s64 \09%rd151, %rd151, %rd122;\0A\09add.s64 \09%rd150, %rd150, %rd119;\0A\09setp.lt.s64 \09%p19, %rd152, %rd95;\0A\09@%p19 bra \09$L__BB0_25;\0A\09add.s64 \09%rd149, %rd149, %rd92;\0A\09add.s64 \09%rd148, %rd148, %rd121;\0A\09add.s64 \09%rd147, %rd147, %rd47;\0A\09add.s64 \09%rd146, %rd146, %rd47;\0A\09add.s64 \09%rd145, %rd145, %rd118;\0A\09setp.lt.s64 \09%p20, %rd149, %rd95;\0A\09@%p20 bra \09$L__BB0_24;\0A\09bra.uni \09$L__BB0_27;\0A$L__BB0_29:\0A\09div.rn.f32 \09%r46, %r51, %r14;\0A\09st.global.b32 \09[%rd3], %r46;\0A\09ret;\0A\0A}\0A">]
}


[GpuRuntimeLowering] Done.
// -----// IR Dump After mlir::nova::GpuRuntimeLoweringPass (gpu-runtime-lowering) //----- //
module attributes {gpu.container_module} {
  llvm.func @cudaMallocAsync(!llvm.ptr, i64, !llvm.ptr) -> i32
  llvm.func @cudaMemcpyAsync(!llvm.ptr, !llvm.ptr, i64, i32, !llvm.ptr) -> i32
  llvm.func @cudaFreeAsync(!llvm.ptr, !llvm.ptr) -> i32
  func.func @main(%arg0: memref<8x1024x1536xf32, 1>, %arg1: memref<8x1024xi32, 1>, %arg2: memref<1xf32, 1> {bufferization.writable = true}) attributes {llvm.emit_c_interface} {
    %0 = llvm.mlir.constant(3 : i32) : i32
    %1 = llvm.mlir.undef : !llvm.struct<(ptr, ptr, i64)>
    %2 = llvm.mlir.constant(1 : i64) : i64
    %3 = llvm.mlir.undef : !llvm.array<2 x i64>
    %4 = llvm.mlir.constant(0 : i64) : i64
    %5 = llvm.mlir.undef : !llvm.struct<(ptr, ptr, i64, array<2 x i64>, array<2 x i64>)>
    %6 = llvm.mlir.constant(1 : i32) : i32
    %7 = llvm.mlir.constant(1024 : i64) : i64
    %8 = llvm.mlir.constant(8 : i64) : i64
    %9 = llvm.mlir.constant(4 : i64) : i64
    %c1 = arith.constant 1 : index
    %cst = arith.constant 0xFF800000 : f32
    %cst_0 = arith.constant 0.000000e+00 : f32
    %cst_1 = arith.constant -3.40282347E+38 : f32
    %c128 = arith.constant 128 : index
    %c8 = arith.constant 8 : index
    %c4 = arith.constant 4 : index
    %c1536 = arith.constant 1536 : index
    %c0 = arith.constant 0 : index
    %cst_2 = arith.constant 8.192000e+03 : f32
    %10 = gpu.wait async
    %11 = llvm.mul %9, %8 : i64
    %12 = llvm.mul %11, %7 : i64
    %13 = llvm.alloca %6 x !llvm.ptr {alignment = 8 : i64} : (i32) -> !llvm.ptr
    %14 = builtin.unrealized_conversion_cast %10 : !gpu.async.token to !llvm.ptr
    %15 = llvm.call @cudaMallocAsync(%13, %12, %14) : (!llvm.ptr, i64, !llvm.ptr) -> i32
    %16 = llvm.load %13 : !llvm.ptr -> !llvm.ptr
    %17 = llvm.insertvalue %16, %5[0] : !llvm.struct<(ptr, ptr, i64, array<2 x i64>, array<2 x i64>)> 
    %18 = llvm.insertvalue %16, %17[1] : !llvm.struct<(ptr, ptr, i64, array<2 x i64>, array<2 x i64>)> 
    %19 = llvm.insertvalue %4, %18[2] : !llvm.struct<(ptr, ptr, i64, array<2 x i64>, array<2 x i64>)> 
    %20 = llvm.insertvalue %8, %3[0] : !llvm.array<2 x i64> 
    %21 = llvm.insertvalue %7, %20[1] : !llvm.array<2 x i64> 
    %22 = llvm.insertvalue %21, %19[3] : !llvm.struct<(ptr, ptr, i64, array<2 x i64>, array<2 x i64>)> 
    %23 = llvm.insertvalue %2, %3[1] : !llvm.array<2 x i64> 
    %24 = llvm.mul %2, %7 : i64
    %25 = llvm.insertvalue %24, %23[0] : !llvm.array<2 x i64> 
    %26 = llvm.insertvalue %25, %22[4] : !llvm.struct<(ptr, ptr, i64, array<2 x i64>, array<2 x i64>)> 
    %27 = builtin.unrealized_conversion_cast %26 : !llvm.struct<(ptr, ptr, i64, array<2 x i64>, array<2 x i64>)> to memref<8x1024xf32>
    %28 = gpu.launch_func async [%10] @main_kernel::@main_kernel blocks in (%c8, %c1, %c1) threads in (%c1, %c1, %c1)  args(%c128 : index, %27 : memref<8x1024xf32>, %cst_1 : f32, %c0 : index, %c1 : index, %c8 : index, %arg0 : memref<8x1024x1536xf32, 1>, %c4 : index, %c1536 : index, %cst_0 : f32)
    %29 = llvm.alloca %6 x !llvm.ptr {alignment = 8 : i64} : (i32) -> !llvm.ptr
    %30 = builtin.unrealized_conversion_cast %28 : !gpu.async.token to !llvm.ptr
    %31 = llvm.call @cudaMallocAsync(%29, %9, %30) : (!llvm.ptr, i64, !llvm.ptr) -> i32
    %32 = llvm.load %29 : !llvm.ptr -> !llvm.ptr
    %33 = llvm.insertvalue %32, %1[0] : !llvm.struct<(ptr, ptr, i64)> 
    %34 = llvm.insertvalue %32, %33[1] : !llvm.struct<(ptr, ptr, i64)> 
    %35 = llvm.insertvalue %4, %34[2] : !llvm.struct<(ptr, ptr, i64)> 
    %36 = builtin.unrealized_conversion_cast %35 : !llvm.struct<(ptr, ptr, i64)> to memref<f32>
    %37 = llvm.alloca %6 x !llvm.ptr {alignment = 8 : i64} : (i32) -> !llvm.ptr
    %38 = llvm.call @cudaMallocAsync(%37, %9, %30) : (!llvm.ptr, i64, !llvm.ptr) -> i32
    %39 = llvm.load %37 : !llvm.ptr -> !llvm.ptr
    %40 = llvm.insertvalue %39, %1[0] : !llvm.struct<(ptr, ptr, i64)> 
    %41 = llvm.insertvalue %39, %40[1] : !llvm.struct<(ptr, ptr, i64)> 
    %42 = llvm.insertvalue %4, %41[2] : !llvm.struct<(ptr, ptr, i64)> 
    %43 = builtin.unrealized_conversion_cast %42 : !llvm.struct<(ptr, ptr, i64)> to memref<f32>
    gpu.wait [%28]
    memref.store %cst_0, %43[] : memref<f32>
    %44 = gpu.wait async
    %45 = gpu.launch_func async [%44] @main_kernel_0::@main_kernel blocks in (%c8, %c1, %c1) threads in (%c1, %c1, %c1)  args(%c128 : index, %cst : f32, %c0 : index, %c1 : index, %c8 : index, %arg0 : memref<8x1024x1536xf32, 1>, %c4 : index, %c1536 : index, %43 : memref<f32>, %27 : memref<8x1024xf32>, %arg1 : memref<8x1024xi32, 1>, %cst_2 : f32, %36 : memref<f32>)
    %expand_shape = memref.expand_shape %36 [] output_shape [1] : memref<f32> into memref<1xf32>
    %46 = builtin.unrealized_conversion_cast %arg2 : memref<1xf32, 1> to !llvm.struct<(ptr<1>, ptr<1>, i64, array<1 x i64>, array<1 x i64>)>
    %47 = llvm.extractvalue %46[1] : !llvm.struct<(ptr<1>, ptr<1>, i64, array<1 x i64>, array<1 x i64>)> 
    %48 = llvm.addrspacecast %47 : !llvm.ptr<1> to !llvm.ptr
    %49 = builtin.unrealized_conversion_cast %expand_shape : memref<1xf32> to !llvm.struct<(ptr, ptr, i64, array<1 x i64>, array<1 x i64>)>
    %50 = llvm.extractvalue %49[1] : !llvm.struct<(ptr, ptr, i64, array<1 x i64>, array<1 x i64>)> 
    %51 = llvm.mul %9, %2 : i64
    %52 = builtin.unrealized_conversion_cast %45 : !gpu.async.token to !llvm.ptr
    %53 = llvm.call @cudaMemcpyAsync(%48, %50, %51, %0, %52) : (!llvm.ptr, !llvm.ptr, i64, i32, !llvm.ptr) -> i32
    %54 = llvm.call @cudaFreeAsync(%16, %52) : (!llvm.ptr, !llvm.ptr) -> i32
    %55 = llvm.call @cudaFreeAsync(%32, %52) : (!llvm.ptr, !llvm.ptr) -> i32
    %56 = llvm.call @cudaFreeAsync(%39, %52) : (!llvm.ptr, !llvm.ptr) -> i32
    gpu.wait [%45]
    return
  }
  gpu.binary @main_kernel  [#gpu.object<#nvvm.target<O = 3, chip = "sm_86", features = "+ptx76", flags = {fast, ftz}>, properties = {LLVMIRToISATimeInMs = 4 : i64, O = 3 : i32}, assembly = "//\0A// Generated by LLVM NVPTX Back-End\0A//\0A\0A.version 7.6\0A.target sm_86\0A.address_size 64\0A\0A\09// .globl\09main_kernel\0A\0A.visible .entry main_kernel(\0A\09.param .u64 main_kernel_param_0,\0A\09.param .u64 .ptr .align 1 main_kernel_param_1,\0A\09.param .u64 .ptr .align 1 main_kernel_param_2,\0A\09.param .u64 main_kernel_param_3,\0A\09.param .u64 main_kernel_param_4,\0A\09.param .u64 main_kernel_param_5,\0A\09.param .u64 main_kernel_param_6,\0A\09.param .u64 main_kernel_param_7,\0A\09.param .f32 main_kernel_param_8,\0A\09.param .u64 main_kernel_param_9,\0A\09.param .u64 main_kernel_param_10,\0A\09.param .u64 main_kernel_param_11,\0A\09.param .u64 .ptr .global .align 1 main_kernel_param_12,\0A\09.param .u64 .ptr .global .align 1 main_kernel_param_13,\0A\09.param .u64 main_kernel_param_14,\0A\09.param .u64 main_kernel_param_15,\0A\09.param .u64 main_kernel_param_16,\0A\09.param .u64 main_kernel_param_17,\0A\09.param .u64 main_kernel_param_18,\0A\09.param .u64 main_kernel_param_19,\0A\09.param .u64 main_kernel_param_20,\0A\09.param .u64 main_kernel_param_21,\0A\09.param .u64 main_kernel_param_22,\0A\09.param .f32 main_kernel_param_23\0A)\0A.maxntid 1, 1, 1\0A{\0A\09.local .align 4 .b8 \09__local_depot0[4096];\0A\09.reg .b64 \09%SP;\0A\09.reg .b64 \09%SPL;\0A\09.reg .pred \09%p<29>;\0A\09.reg .b32 \09%r<28>;\0A\09.reg .b64 \09%rd<129>;\0A\0A\09mov.b64 \09%SPL, __local_depot0;\0A\09ld.param.b64 \09%rd80, [main_kernel_param_22];\0A\09ld.param.b64 \09%rd79, [main_kernel_param_21];\0A\09ld.param.b64 \09%rd77, [main_kernel_param_11];\0A\09ld.param.b64 \09%rd76, [main_kernel_param_10];\0A\09ld.param.b64 \09%rd75, [main_kernel_param_9];\0A\09ld.param.b64 \09%rd74, [main_kernel_param_0];\0A\09ld.param.b64 \09%rd81, [main_kernel_param_2];\0A\09cvta.to.global.u64 \09%rd1, %rd81;\0A\09mov.u32 \09%r10, %ctaid.x;\0A\09cvt.u64.u32 \09%rd82, %r10;\0A\09add.u64 \09%rd3, %SPL, 0;\0A\09setp.ge.s64 \09%p1, %rd75, %rd77;\0A\09shl.b64 \09%rd104, %rd76, 2;\0A\09setp.ge.s64 \09%p28, %rd75, %rd74;\0A\09@%p1 bra \09$L__BB0_5;\0A\09ld.param.b32 \09%r8, [main_kernel_param_8];\0A\09mad.lo.s64 \09%rd105, %rd75, 516, %rd3;\0A\09shl.b64 \09%rd5, %rd76, 9;\0A\09mov.b64 \09%rd106, %rd75;\0A\09bra.uni \09$L__BB0_2;\0A$L__BB0_4:\0A\09add.s64 \09%rd106, %rd106, %rd76;\0A\09add.s64 \09%rd105, %rd105, %rd5;\0A\09setp.lt.s64 \09%p4, %rd106, %rd77;\0A\09@%p4 bra \09$L__BB0_2;\0A\09bra.uni \09$L__BB0_5;\0A$L__BB0_2:\0A\09mov.b64 \09%rd107, %rd105;\0A\09mov.b64 \09%rd108, %rd75;\0A\09@%p28 bra \09$L__BB0_4;\0A$L__BB0_3:\0A\09st.local.b32 \09[%rd107], %r8;\0A\09add.s64 \09%rd108, %rd108, %rd76;\0A\09add.s64 \09%rd107, %rd107, %rd104;\0A\09setp.lt.s64 \09%p3, %rd108, %rd74;\0A\09@%p3 bra \09$L__BB0_3;\0A\09bra.uni \09$L__BB0_4;\0A$L__BB0_5:\0A\09ld.param.b64 \09%rd78, [main_kernel_param_13];\0A\09mul.lo.s64 \09%rd2, %rd74, %rd82;\0A\09setp.ge.s64 \09%p5, %rd75, %rd80;\0A\09mul.lo.s64 \09%rd99, %rd75, 6297608;\0A\09shl.b64 \09%rd100, %rd79, 2;\0A\09mul.lo.s64 \09%rd101, %rd76, 6291456;\0A\09mul.lo.s64 \09%rd102, %rd76, 6144;\0A\09setp.ge.s64 \09%p27, %rd75, %rd79;\0A\09@%p5 bra \09$L__BB0_17;\0A\09mad.lo.s64 \09%rd85, %rd2, 6144, %rd99;\0A\09add.s64 \09%rd109, %rd78, %rd85;\0A\09mov.b64 \09%rd110, %rd75;\0A\09bra.uni \09$L__BB0_7;\0A$L__BB0_16:\0A\09add.s64 \09%rd110, %rd110, %rd79;\0A\09add.s64 \09%rd109, %rd109, %rd100;\0A\09setp.lt.s64 \09%p12, %rd110, %rd80;\0A\09@%p12 bra \09$L__BB0_7;\0A\09bra.uni \09$L__BB0_17;\0A$L__BB0_7:\0A\09mov.b64 \09%rd111, %rd109;\0A\09mov.b64 \09%rd112, %rd75;\0A\09@%p1 bra \09$L__BB0_16;\0A\09bra.uni \09$L__BB0_8;\0A$L__BB0_15:\0A\09add.s64 \09%rd112, %rd112, %rd76;\0A\09add.s64 \09%rd111, %rd111, %rd101;\0A\09setp.lt.s64 \09%p11, %rd112, %rd77;\0A\09@%p11 bra \09$L__BB0_8;\0A\09bra.uni \09$L__BB0_16;\0A$L__BB0_8:\0A\09@%p28 bra \09$L__BB0_15;\0A\09shl.b64 \09%rd86, %rd112, 9;\0A\09add.s64 \09%rd27, %rd3, %rd86;\0A\09mov.b64 \09%rd113, %rd111;\0A\09mov.b64 \09%rd114, %rd75;\0A\09bra.uni \09$L__BB0_10;\0A$L__BB0_14:\0A\09add.s64 \09%rd114, %rd114, %rd76;\0A\09add.s64 \09%rd113, %rd113, %rd102;\0A\09setp.lt.s64 \09%p10, %rd114, %rd74;\0A\09@%p10 bra \09$L__BB0_10;\0A\09bra.uni \09$L__BB0_15;\0A$L__BB0_10:\0A\09@%p27 bra \09$L__BB0_14;\0A\09shl.b64 \09%rd87, %rd114, 2;\0A\09add.s64 \09%rd30, %rd27, %rd87;\0A\09ld.local.b32 \09%r26, [%rd30];\0A\09mov.b64 \09%rd115, %rd113;\0A\09mov.b64 \09%rd116, %rd75;\0A$L__BB0_12:\0A\09ld.global.b32 \09%r11, [%rd115];\0A\09max.NaN.f32 \09%r26, %r11, %r26;\0A\09add.s64 \09%rd116, %rd116, %rd76;\0A\09add.s64 \09%rd115, %rd115, %rd104;\0A\09setp.lt.s64 \09%p9, %rd116, %rd79;\0A\09@%p9 bra \09$L__BB0_12;\0A\09st.local.b32 \09[%rd30], %r26;\0A\09bra.uni \09$L__BB0_14;\0A$L__BB0_17:\0A\09shl.b64 \09%rd97, %rd2, 2;\0A\09@%p1 bra \09$L__BB0_22;\0A\09ld.param.b32 \09%r9, [main_kernel_param_23];\0A\09mad.lo.s64 \09%rd89, %rd75, 4100, %rd97;\0A\09add.s64 \09%rd117, %rd1, %rd89;\0A\09shl.b64 \09%rd23, %rd76, 12;\0A\09mov.b64 \09%rd118, %rd75;\0A\09bra.uni \09$L__BB0_19;\0A$L__BB0_21:\0A\09add.s64 \09%rd118, %rd118, %rd76;\0A\09add.s64 \09%rd117, %rd117, %rd23;\0A\09setp.lt.s64 \09%p16, %rd118, %rd77;\0A\09@%p16 bra \09$L__BB0_19;\0A\09bra.uni \09$L__BB0_22;\0A$L__BB0_19:\0A\09mov.b64 \09%rd119, %rd117;\0A\09mov.b64 \09%rd120, %rd75;\0A\09@%p28 bra \09$L__BB0_21;\0A$L__BB0_20:\0A\09st.global.b32 \09[%rd119], %r9;\0A\09add.s64 \09%rd120, %rd120, %rd76;\0A\09add.s64 \09%rd119, %rd119, %rd104;\0A\09setp.lt.s64 \09%p15, %rd120, %rd74;\0A\09@%p15 bra \09$L__BB0_20;\0A\09bra.uni \09$L__BB0_21;\0A$L__BB0_22:\0A\09@%p5 bra \09$L__BB0_34;\0A\09add.s64 \09%rd43, %rd1, %rd97;\0A\09mad.lo.s64 \09%rd92, %rd2, 6144, %rd99;\0A\09add.s64 \09%rd121, %rd78, %rd92;\0A\09mov.b64 \09%rd122, %rd75;\0A\09bra.uni \09$L__BB0_24;\0A$L__BB0_33:\0A\09add.s64 \09%rd122, %rd122, %rd79;\0A\09add.s64 \09%rd121, %rd121, %rd100;\0A\09setp.lt.s64 \09%p24, %rd122, %rd80;\0A\09@%p24 bra \09$L__BB0_24;\0A\09bra.uni \09$L__BB0_34;\0A$L__BB0_24:\0A\09@%p1 bra \09$L__BB0_33;\0A\09mov.b64 \09%rd123, %rd121;\0A\09mov.b64 \09%rd124, %rd75;\0A\09bra.uni \09$L__BB0_26;\0A$L__BB0_32:\0A\09add.s64 \09%rd124, %rd124, %rd76;\0A\09add.s64 \09%rd123, %rd123, %rd101;\0A\09setp.lt.s64 \09%p23, %rd124, %rd77;\0A\09@%p23 bra \09$L__BB0_26;\0A\09bra.uni \09$L__BB0_33;\0A$L__BB0_26:\0A\09@%p28 bra \09$L__BB0_32;\0A\09shl.b64 \09%rd93, %rd124, 9;\0A\09add.s64 \09%rd59, %rd3, %rd93;\0A\09shl.b64 \09%rd94, %rd124, 12;\0A\09add.s64 \09%rd60, %rd43, %rd94;\0A\09mov.b64 \09%rd125, %rd123;\0A\09mov.b64 \09%rd126, %rd75;\0A\09bra.uni \09$L__BB0_28;\0A$L__BB0_31:\0A\09add.s64 \09%rd126, %rd126, %rd76;\0A\09add.s64 \09%rd125, %rd125, %rd102;\0A\09setp.lt.s64 \09%p22, %rd126, %rd74;\0A\09@%p22 bra \09$L__BB0_28;\0A\09bra.uni \09$L__BB0_32;\0A$L__BB0_28:\0A\09@%p27 bra \09$L__BB0_31;\0A\09shl.b64 \09%rd95, %rd126, 2;\0A\09add.s64 \09%rd96, %rd59, %rd95;\0A\09ld.local.b32 \09%r4, [%rd96];\0A\09add.s64 \09%rd63, %rd60, %rd95;\0A\09ld.global.b32 \09%r27, [%rd63];\0A\09mov.b64 \09%rd127, %rd125;\0A\09mov.b64 \09%rd128, %rd75;\0A$L__BB0_30:\0A\09ld.global.b32 \09%r12, [%rd127];\0A\09sub.rn.f32 \09%r13, %r12, %r4;\0A\09fma.rn.f32 \09%r14, %r13, 0f3BBB989D, 0f3F000000;\0A\09cvt.sat.f32.f32 \09%r15, %r14;\0A\09mov.b32 \09%r16, 0f4B400001;\0A\09mov.b32 \09%r17, 0f437C0000;\0A\09fma.rm.f32 \09%r18, %r15, %r17, %r16;\0A\09add.rn.f32 \09%r19, %r18, 0fCB40007F;\0A\09neg.f32 \09%r20, %r19;\0A\09fma.rn.f32 \09%r21, %r13, 0f3FB8AA3B, %r20;\0A\09fma.rn.f32 \09%r22, %r13, 0f32A57060, %r21;\0A\09shl.b32 \09%r23, %r18, 23;\0A\09ex2.approx.ftz.f32 \09%r24, %r22;\0A\09mul.rn.f32 \09%r25, %r24, %r23;\0A\09add.rn.f32 \09%r27, %r27, %r25;\0A\09st.global.b32 \09[%rd63], %r27;\0A\09add.s64 \09%rd128, %rd128, %rd76;\0A\09add.s64 \09%rd127, %rd127, %rd104;\0A\09setp.lt.s64 \09%p21, %rd128, %rd79;\0A\09@%p21 bra \09$L__BB0_30;\0A\09bra.uni \09$L__BB0_31;\0A$L__BB0_34:\0A\09ret;\0A\0A}\0A">]
  gpu.binary @main_kernel_0  [#gpu.object<#nvvm.target<O = 3, chip = "sm_86", features = "+ptx76", flags = {fast, ftz}>, properties = {LLVMIRToISATimeInMs = 3 : i64, O = 3 : i32}, assembly = "//\0A// Generated by LLVM NVPTX Back-End\0A//\0A\0A.version 7.6\0A.target sm_86\0A.address_size 64\0A\0A\09// .globl\09main_kernel\0A\0A.visible .entry main_kernel(\0A\09.param .u64 main_kernel_param_0,\0A\09.param .f32 main_kernel_param_1,\0A\09.param .u64 main_kernel_param_2,\0A\09.param .u64 main_kernel_param_3,\0A\09.param .u64 main_kernel_param_4,\0A\09.param .u64 .ptr .global .align 1 main_kernel_param_5,\0A\09.param .u64 .ptr .global .align 1 main_kernel_param_6,\0A\09.param .u64 main_kernel_param_7,\0A\09.param .u64 main_kernel_param_8,\0A\09.param .u64 main_kernel_param_9,\0A\09.param .u64 main_kernel_param_10,\0A\09.param .u64 main_kernel_param_11,\0A\09.param .u64 main_kernel_param_12,\0A\09.param .u64 main_kernel_param_13,\0A\09.param .u64 main_kernel_param_14,\0A\09.param .u64 main_kernel_param_15,\0A\09.param .u64 .ptr .align 1 main_kernel_param_16,\0A\09.param .u64 .ptr .align 1 main_kernel_param_17,\0A\09.param .u64 main_kernel_param_18,\0A\09.param .u64 .ptr .align 1 main_kernel_param_19,\0A\09.param .u64 .ptr .align 1 main_kernel_param_20,\0A\09.param .u64 main_kernel_param_21,\0A\09.param .u64 main_kernel_param_22,\0A\09.param .u64 main_kernel_param_23,\0A\09.param .u64 main_kernel_param_24,\0A\09.param .u64 main_kernel_param_25,\0A\09.param .u64 .ptr .global .align 1 main_kernel_param_26,\0A\09.param .u64 .ptr .global .align 1 main_kernel_param_27,\0A\09.param .u64 main_kernel_param_28,\0A\09.param .u64 main_kernel_param_29,\0A\09.param .u64 main_kernel_param_30,\0A\09.param .u64 main_kernel_param_31,\0A\09.param .u64 main_kernel_param_32,\0A\09.param .f32 main_kernel_param_33,\0A\09.param .u64 .ptr .align 1 main_kernel_param_34,\0A\09.param .u64 .ptr .align 1 main_kernel_param_35,\0A\09.param .u64 main_kernel_param_36\0A)\0A.maxntid 1, 1, 1\0A{\0A\09.local .align 4 .b8 \09__local_depot0[4096];\0A\09.reg .b64 \09%SP;\0A\09.reg .b64 \09%SPL;\0A\09.reg .pred \09%p<26>;\0A\09.reg .b32 \09%r<55>;\0A\09.reg .b64 \09%rd<153>;\0A\0A\09mov.b64 \09%SPL, __local_depot0;\0A\09ld.param.b64 \09%rd96, [main_kernel_param_15];\0A\09ld.param.b64 \09%rd95, [main_kernel_param_14];\0A\09ld.param.b64 \09%rd93, [main_kernel_param_4];\0A\09ld.param.b64 \09%rd92, [main_kernel_param_3];\0A\09ld.param.b64 \09%rd91, [main_kernel_param_2];\0A\09ld.param.b64 \09%rd90, [main_kernel_param_0];\0A\09ld.param.b64 \09%rd98, [main_kernel_param_17];\0A\09cvta.to.global.u64 \09%rd1, %rd98;\0A\09ld.param.b64 \09%rd99, [main_kernel_param_20];\0A\09cvta.to.global.u64 \09%rd2, %rd99;\0A\09ld.param.b64 \09%rd100, [main_kernel_param_35];\0A\09cvta.to.global.u64 \09%rd3, %rd100;\0A\09mov.u32 \09%r15, %ctaid.x;\0A\09cvt.u64.u32 \09%rd101, %r15;\0A\09add.u64 \09%rd5, %SPL, 0;\0A\09setp.ge.s64 \09%p1, %rd91, %rd93;\0A\09shl.b64 \09%rd121, %rd92, 9;\0A\09shl.b64 \09%rd122, %rd92, 2;\0A\09setp.ge.s64 \09%p25, %rd91, %rd90;\0A\09@%p1 bra \09$L__BB0_5;\0A\09ld.param.b32 \09%r13, [main_kernel_param_1];\0A\09mad.lo.s64 \09%rd123, %rd91, 516, %rd5;\0A\09mov.b64 \09%rd124, %rd91;\0A\09bra.uni \09$L__BB0_2;\0A$L__BB0_4:\0A\09add.s64 \09%rd124, %rd124, %rd92;\0A\09add.s64 \09%rd123, %rd123, %rd121;\0A\09setp.lt.s64 \09%p4, %rd124, %rd93;\0A\09@%p4 bra \09$L__BB0_2;\0A\09bra.uni \09$L__BB0_5;\0A$L__BB0_2:\0A\09mov.b64 \09%rd125, %rd123;\0A\09mov.b64 \09%rd126, %rd91;\0A\09@%p25 bra \09$L__BB0_4;\0A$L__BB0_3:\0A\09st.local.b32 \09[%rd125], %r13;\0A\09add.s64 \09%rd126, %rd126, %rd92;\0A\09add.s64 \09%rd125, %rd125, %rd122;\0A\09setp.lt.s64 \09%p3, %rd126, %rd90;\0A\09@%p3 bra \09$L__BB0_3;\0A\09bra.uni \09$L__BB0_4;\0A$L__BB0_5:\0A\09ld.param.b64 \09%rd94, [main_kernel_param_6];\0A\09mul.lo.s64 \09%rd4, %rd90, %rd101;\0A\09setp.ge.s64 \09%p5, %rd91, %rd96;\0A\09shl.b64 \09%rd117, %rd95, 2;\0A\09mul.lo.s64 \09%rd118, %rd92, 6291456;\0A\09mul.lo.s64 \09%rd119, %rd92, 6144;\0A\09setp.ge.s64 \09%p24, %rd91, %rd95;\0A\09@%p5 bra \09$L__BB0_18;\0A\09mul.lo.s64 \09%rd103, %rd91, 6297608;\0A\09mad.lo.s64 \09%rd104, %rd4, 6144, %rd103;\0A\09add.s64 \09%rd127, %rd94, %rd104;\0A\09mov.b64 \09%rd128, %rd91;\0A\09bra.uni \09$L__BB0_7;\0A$L__BB0_17:\0A\09add.s64 \09%rd128, %rd128, %rd95;\0A\09add.s64 \09%rd127, %rd127, %rd117;\0A\09setp.lt.s64 \09%p12, %rd128, %rd96;\0A\09@%p12 bra \09$L__BB0_7;\0A\09bra.uni \09$L__BB0_18;\0A$L__BB0_7:\0A\09@%p1 bra \09$L__BB0_17;\0A\09mov.b64 \09%rd129, %rd127;\0A\09mov.b64 \09%rd130, %rd91;\0A\09bra.uni \09$L__BB0_9;\0A$L__BB0_16:\0A\09add.s64 \09%rd130, %rd130, %rd92;\0A\09add.s64 \09%rd129, %rd129, %rd118;\0A\09setp.lt.s64 \09%p11, %rd130, %rd93;\0A\09@%p11 bra \09$L__BB0_9;\0A\09bra.uni \09$L__BB0_17;\0A$L__BB0_9:\0A\09@%p25 bra \09$L__BB0_16;\0A\09shl.b64 \09%rd105, %rd130, 9;\0A\09add.s64 \09%rd26, %rd5, %rd105;\0A\09mov.b64 \09%rd131, %rd129;\0A\09mov.b64 \09%rd132, %rd91;\0A\09bra.uni \09$L__BB0_11;\0A$L__BB0_15:\0A\09add.s64 \09%rd132, %rd132, %rd92;\0A\09add.s64 \09%rd131, %rd131, %rd119;\0A\09setp.lt.s64 \09%p10, %rd132, %rd90;\0A\09@%p10 bra \09$L__BB0_11;\0A\09bra.uni \09$L__BB0_16;\0A$L__BB0_11:\0A\09@%p24 bra \09$L__BB0_15;\0A\09shl.b64 \09%rd106, %rd132, 2;\0A\09add.s64 \09%rd29, %rd26, %rd106;\0A\09ld.local.b32 \09%r47, [%rd29];\0A\09mov.b64 \09%rd133, %rd131;\0A\09mov.b64 \09%rd134, %rd91;\0A$L__BB0_13:\0A\09ld.global.b32 \09%r16, [%rd133];\0A\09max.f32 \09%r47, %r16, %r47;\0A\09add.s64 \09%rd134, %rd134, %rd92;\0A\09add.s64 \09%rd133, %rd133, %rd122;\0A\09setp.lt.s64 \09%p9, %rd134, %rd95;\0A\09@%p9 bra \09$L__BB0_13;\0A\09st.local.b32 \09[%rd29], %r47;\0A\09bra.uni \09$L__BB0_15;\0A$L__BB0_18:\0A\09ld.param.b32 \09%r14, [main_kernel_param_33];\0A\09ld.global.b32 \09%r51, [%rd1];\0A\09@%p1 bra \09$L__BB0_29;\0A\09ld.param.b64 \09%rd97, [main_kernel_param_27];\0A\09mad.lo.s64 \09%rd138, %rd91, 1032, %rd5;\0A\09shl.b64 \09%rd41, %rd95, 9;\0A\09shl.b64 \09%rd107, %rd4, 2;\0A\09mad.lo.s64 \09%rd108, %rd91, 8200, %rd107;\0A\09add.s64 \09%rd137, %rd2, %rd108;\0A\09shl.b64 \09%rd46, %rd95, 12;\0A\09shl.b64 \09%rd47, %rd92, 12;\0A\09add.s64 \09%rd136, %rd97, %rd108;\0A\09mul.lo.s64 \09%rd109, %rd91, 12595200;\0A\09mad.lo.s64 \09%rd110, %rd4, 6144, %rd109;\0A\09add.s64 \09%rd135, %rd94, %rd110;\0A\09mul.lo.s64 \09%rd50, %rd95, 6291456;\0A\09mul.lo.s64 \09%rd51, %rd95, 6144;\0A\09mov.b64 \09%rd139, %rd91;\0A\09bra.uni \09$L__BB0_20;\0A$L__BB0_28:\0A\09add.s64 \09%rd139, %rd139, %rd95;\0A\09add.s64 \09%rd138, %rd138, %rd41;\0A\09add.s64 \09%rd137, %rd137, %rd46;\0A\09add.s64 \09%rd136, %rd136, %rd46;\0A\09add.s64 \09%rd135, %rd135, %rd50;\0A\09setp.lt.s64 \09%p22, %rd139, %rd93;\0A\09@%p22 bra \09$L__BB0_20;\0A\09bra.uni \09$L__BB0_29;\0A$L__BB0_20:\0A\09@%p25 bra \09$L__BB0_28;\0A\09mov.b64 \09%rd140, %rd135;\0A\09mov.b64 \09%rd141, %rd136;\0A\09mov.b64 \09%rd142, %rd137;\0A\09mov.b64 \09%rd143, %rd138;\0A\09mov.b64 \09%rd144, %rd91;\0A\09bra.uni \09$L__BB0_22;\0A$L__BB0_27:\0A\09add.s64 \09%rd144, %rd144, %rd95;\0A\09add.s64 \09%rd143, %rd143, %rd117;\0A\09add.s64 \09%rd142, %rd142, %rd117;\0A\09add.s64 \09%rd141, %rd141, %rd117;\0A\09add.s64 \09%rd140, %rd140, %rd51;\0A\09setp.lt.s64 \09%p21, %rd144, %rd90;\0A\09@%p21 bra \09$L__BB0_22;\0A\09bra.uni \09$L__BB0_28;\0A$L__BB0_22:\0A\09@%p24 bra \09$L__BB0_27;\0A\09mov.b64 \09%rd145, %rd140;\0A\09mov.b64 \09%rd146, %rd141;\0A\09mov.b64 \09%rd147, %rd142;\0A\09mov.b64 \09%rd148, %rd143;\0A\09mov.b64 \09%rd149, %rd91;\0A$L__BB0_24:\0A\09mov.b64 \09%rd151, 0;\0A\09mov.b64 \09%rd150, %rd145;\0A\09mov.b64 \09%rd152, %rd91;\0A$L__BB0_25:\0A\09add.s64 \09%rd112, %rd147, %rd151;\0A\09ld.global.b32 \09%r17, [%rd112];\0A\09add.s64 \09%rd113, %rd148, %rd151;\0A\09ld.local.b32 \09%r18, [%rd113];\0A\09add.s64 \09%rd114, %rd146, %rd151;\0A\09ld.global.b32 \09%r19, [%rd114];\0A\09mul.wide.s32 \09%rd115, %r19, 4;\0A\09add.s64 \09%rd116, %rd150, %rd115;\0A\09ld.global.b32 \09%r20, [%rd116];\0A\09setp.lt.f32 \09%p16, %r17, 0f00800000;\0A\09mul.rn.f32 \09%r21, %r17, 0f4B000000;\0A\09selp.f32 \09%r22, %r21, %r17, %p16;\0A\09selp.f32 \09%r23, 0fC1B80000, 0f00000000, %p16;\0A\09add.s32 \09%r24, %r22, -1059760811;\0A\09and.b32 \09%r25, %r24, -8388608;\0A\09sub.s32 \09%r26, %r22, %r25;\0A\09cvt.rn.f32.s32 \09%r27, %r25;\0A\09fma.rn.f32 \09%r28, %r27, 0f34000000, %r23;\0A\09add.rn.f32 \09%r29, %r26, 0fBF800000;\0A\09fma.rn.f32 \09%r30, %r29, 0fBE055027, 0f3E1039F6;\0A\09fma.rn.f32 \09%r31, %r30, %r29, 0fBDF8CDCC;\0A\09fma.rn.f32 \09%r32, %r31, %r29, 0f3E0F2955;\0A\09fma.rn.f32 \09%r33, %r32, %r29, 0fBE2AD8B9;\0A\09fma.rn.f32 \09%r34, %r33, %r29, 0f3E4CED0B;\0A\09fma.rn.f32 \09%r35, %r34, %r29, 0fBE7FFF22;\0A\09fma.rn.f32 \09%r36, %r35, %r29, 0f3EAAAA78;\0A\09fma.rn.f32 \09%r37, %r36, %r29, 0fBF000000;\0A\09mul.rn.f32 \09%r38, %r29, %r37;\0A\09fma.rn.f32 \09%r39, %r38, %r29, %r29;\0A\09fma.rn.f32 \09%r40, %r28, 0f3F317218, %r39;\0A\09setp.gt.u32 \09%p17, %r22, 2139095039;\0A\09fma.rn.f32 \09%r41, %r22, 0f7F800000, 0f7F800000;\0A\09selp.f32 \09%r42, %r41, %r40, %p17;\0A\09setp.eq.f32 \09%p18, %r22, 0f00000000;\0A\09selp.f32 \09%r43, 0fFF800000, %r42, %p18;\0A\09add.rn.f32 \09%r44, %r18, %r43;\0A\09sub.rn.f32 \09%r45, %r44, %r20;\0A\09add.rn.f32 \09%r51, %r51, %r45;\0A\09add.s64 \09%rd152, %rd152, %rd92;\0A\09add.s64 \09%rd151, %rd151, %rd122;\0A\09add.s64 \09%rd150, %rd150, %rd119;\0A\09setp.lt.s64 \09%p19, %rd152, %rd95;\0A\09@%p19 bra \09$L__BB0_25;\0A\09add.s64 \09%rd149, %rd149, %rd92;\0A\09add.s64 \09%rd148, %rd148, %rd121;\0A\09add.s64 \09%rd147, %rd147, %rd47;\0A\09add.s64 \09%rd146, %rd146, %rd47;\0A\09add.s64 \09%rd145, %rd145, %rd118;\0A\09setp.lt.s64 \09%p20, %rd149, %rd95;\0A\09@%p20 bra \09$L__BB0_24;\0A\09bra.uni \09$L__BB0_27;\0A$L__BB0_29:\0A\09div.rn.f32 \09%r46, %r51, %r14;\0A\09st.global.b32 \09[%rd3], %r46;\0A\09ret;\0A\0A}\0A">]
}


// -----// IR Dump After GpuToLLVMConversionPass (gpu-to-llvm) //----- //
module attributes {gpu.container_module} {
  llvm.func @cudaMallocAsync(!llvm.ptr, i64, !llvm.ptr) -> i32
  llvm.func @cudaMemcpyAsync(!llvm.ptr, !llvm.ptr, i64, i32, !llvm.ptr) -> i32
  llvm.func @cudaFreeAsync(!llvm.ptr, !llvm.ptr) -> i32
  llvm.func @main(%arg0: !llvm.ptr<1>, %arg1: !llvm.ptr<1>, %arg2: i64, %arg3: i64, %arg4: i64, %arg5: i64, %arg6: i64, %arg7: i64, %arg8: i64, %arg9: !llvm.ptr<1>, %arg10: !llvm.ptr<1>, %arg11: i64, %arg12: i64, %arg13: i64, %arg14: i64, %arg15: i64, %arg16: !llvm.ptr<1>, %arg17: !llvm.ptr<1>, %arg18: i64, %arg19: i64, %arg20: i64) attributes {llvm.emit_c_interface} {
    %0 = llvm.mlir.poison : !llvm.struct<(ptr<1>, ptr<1>, i64, array<1 x i64>, array<1 x i64>)>
    %1 = llvm.insertvalue %arg16, %0[0] : !llvm.struct<(ptr<1>, ptr<1>, i64, array<1 x i64>, array<1 x i64>)> 
    %2 = llvm.insertvalue %arg17, %1[1] : !llvm.struct<(ptr<1>, ptr<1>, i64, array<1 x i64>, array<1 x i64>)> 
    %3 = llvm.insertvalue %arg18, %2[2] : !llvm.struct<(ptr<1>, ptr<1>, i64, array<1 x i64>, array<1 x i64>)> 
    %4 = llvm.insertvalue %arg19, %3[3, 0] : !llvm.struct<(ptr<1>, ptr<1>, i64, array<1 x i64>, array<1 x i64>)> 
    %5 = llvm.insertvalue %arg20, %4[4, 0] : !llvm.struct<(ptr<1>, ptr<1>, i64, array<1 x i64>, array<1 x i64>)> 
    %6 = builtin.unrealized_conversion_cast %5 : !llvm.struct<(ptr<1>, ptr<1>, i64, array<1 x i64>, array<1 x i64>)> to memref<1xf32, 1>
    %7 = llvm.mlir.poison : !llvm.struct<(ptr<1>, ptr<1>, i64, array<2 x i64>, array<2 x i64>)>
    %8 = llvm.insertvalue %arg9, %7[0] : !llvm.struct<(ptr<1>, ptr<1>, i64, array<2 x i64>, array<2 x i64>)> 
    %9 = llvm.insertvalue %arg10, %8[1] : !llvm.struct<(ptr<1>, ptr<1>, i64, array<2 x i64>, array<2 x i64>)> 
    %10 = llvm.insertvalue %arg11, %9[2] : !llvm.struct<(ptr<1>, ptr<1>, i64, array<2 x i64>, array<2 x i64>)> 
    %11 = llvm.insertvalue %arg12, %10[3, 0] : !llvm.struct<(ptr<1>, ptr<1>, i64, array<2 x i64>, array<2 x i64>)> 
    %12 = llvm.insertvalue %arg14, %11[4, 0] : !llvm.struct<(ptr<1>, ptr<1>, i64, array<2 x i64>, array<2 x i64>)> 
    %13 = llvm.insertvalue %arg13, %12[3, 1] : !llvm.struct<(ptr<1>, ptr<1>, i64, array<2 x i64>, array<2 x i64>)> 
    %14 = llvm.insertvalue %arg15, %13[4, 1] : !llvm.struct<(ptr<1>, ptr<1>, i64, array<2 x i64>, array<2 x i64>)> 
    %15 = llvm.mlir.poison : !llvm.struct<(ptr<1>, ptr<1>, i64, array<3 x i64>, array<3 x i64>)>
    %16 = llvm.insertvalue %arg0, %15[0] : !llvm.struct<(ptr<1>, ptr<1>, i64, array<3 x i64>, array<3 x i64>)> 
    %17 = llvm.insertvalue %arg1, %16[1] : !llvm.struct<(ptr<1>, ptr<1>, i64, array<3 x i64>, array<3 x i64>)> 
    %18 = llvm.insertvalue %arg2, %17[2] : !llvm.struct<(ptr<1>, ptr<1>, i64, array<3 x i64>, array<3 x i64>)> 
    %19 = llvm.insertvalue %arg3, %18[3, 0] : !llvm.struct<(ptr<1>, ptr<1>, i64, array<3 x i64>, array<3 x i64>)> 
    %20 = llvm.insertvalue %arg6, %19[4, 0] : !llvm.struct<(ptr<1>, ptr<1>, i64, array<3 x i64>, array<3 x i64>)> 
    %21 = llvm.insertvalue %arg4, %20[3, 1] : !llvm.struct<(ptr<1>, ptr<1>, i64, array<3 x i64>, array<3 x i64>)> 
    %22 = llvm.insertvalue %arg7, %21[4, 1] : !llvm.struct<(ptr<1>, ptr<1>, i64, array<3 x i64>, array<3 x i64>)> 
    %23 = llvm.insertvalue %arg5, %22[3, 2] : !llvm.struct<(ptr<1>, ptr<1>, i64, array<3 x i64>, array<3 x i64>)> 
    %24 = llvm.insertvalue %arg8, %23[4, 2] : !llvm.struct<(ptr<1>, ptr<1>, i64, array<3 x i64>, array<3 x i64>)> 
    %25 = llvm.mlir.constant(3 : i32) : i32
    %26 = llvm.mlir.undef : !llvm.struct<(ptr, ptr, i64)>
    %27 = llvm.mlir.constant(1 : i64) : i64
    %28 = llvm.mlir.undef : !llvm.array<2 x i64>
    %29 = llvm.mlir.constant(0 : i64) : i64
    %30 = llvm.mlir.undef : !llvm.struct<(ptr, ptr, i64, array<2 x i64>, array<2 x i64>)>
    %31 = llvm.mlir.constant(1 : i32) : i32
    %32 = llvm.mlir.constant(1024 : i64) : i64
    %33 = llvm.mlir.constant(8 : i64) : i64
    %34 = llvm.mlir.constant(4 : i64) : i64
    %35 = llvm.mlir.constant(1 : index) : i64
    %36 = llvm.mlir.constant(0xFF800000 : f32) : f32
    %37 = llvm.mlir.constant(0.000000e+00 : f32) : f32
    %38 = llvm.mlir.constant(-3.40282347E+38 : f32) : f32
    %39 = llvm.mlir.constant(128 : index) : i64
    %40 = llvm.mlir.constant(8 : index) : i64
    %41 = llvm.mlir.constant(4 : index) : i64
    %42 = llvm.mlir.constant(1536 : index) : i64
    %43 = llvm.mlir.constant(0 : index) : i64
    %44 = llvm.mlir.constant(8.192000e+03 : f32) : f32
    %45 = llvm.call @mgpuStreamCreate() : () -> !llvm.ptr
    %46 = builtin.unrealized_conversion_cast %45 : !llvm.ptr to !gpu.async.token
    %47 = llvm.mul %34, %33 : i64
    %48 = llvm.mul %47, %32 : i64
    %49 = llvm.alloca %31 x !llvm.ptr {alignment = 8 : i64} : (i32) -> !llvm.ptr
    %50 = builtin.unrealized_conversion_cast %46 : !gpu.async.token to !llvm.ptr
    %51 = llvm.call @cudaMallocAsync(%49, %48, %50) : (!llvm.ptr, i64, !llvm.ptr) -> i32
    %52 = llvm.load %49 : !llvm.ptr -> !llvm.ptr
    %53 = llvm.insertvalue %52, %30[0] : !llvm.struct<(ptr, ptr, i64, array<2 x i64>, array<2 x i64>)> 
    %54 = llvm.insertvalue %52, %53[1] : !llvm.struct<(ptr, ptr, i64, array<2 x i64>, array<2 x i64>)> 
    %55 = llvm.insertvalue %29, %54[2] : !llvm.struct<(ptr, ptr, i64, array<2 x i64>, array<2 x i64>)> 
    %56 = llvm.insertvalue %33, %28[0] : !llvm.array<2 x i64> 
    %57 = llvm.insertvalue %32, %56[1] : !llvm.array<2 x i64> 
    %58 = llvm.insertvalue %57, %55[3] : !llvm.struct<(ptr, ptr, i64, array<2 x i64>, array<2 x i64>)> 
    %59 = llvm.insertvalue %27, %28[1] : !llvm.array<2 x i64> 
    %60 = llvm.mul %27, %32 : i64
    %61 = llvm.insertvalue %60, %59[0] : !llvm.array<2 x i64> 
    %62 = llvm.insertvalue %61, %58[4] : !llvm.struct<(ptr, ptr, i64, array<2 x i64>, array<2 x i64>)> 
    %63 = llvm.extractvalue %62[0] : !llvm.struct<(ptr, ptr, i64, array<2 x i64>, array<2 x i64>)> 
    %64 = llvm.extractvalue %62[1] : !llvm.struct<(ptr, ptr, i64, array<2 x i64>, array<2 x i64>)> 
    %65 = llvm.extractvalue %62[2] : !llvm.struct<(ptr, ptr, i64, array<2 x i64>, array<2 x i64>)> 
    %66 = llvm.extractvalue %62[3, 0] : !llvm.struct<(ptr, ptr, i64, array<2 x i64>, array<2 x i64>)> 
    %67 = llvm.extractvalue %62[3, 1] : !llvm.struct<(ptr, ptr, i64, array<2 x i64>, array<2 x i64>)> 
    %68 = llvm.extractvalue %62[4, 0] : !llvm.struct<(ptr, ptr, i64, array<2 x i64>, array<2 x i64>)> 
    %69 = llvm.extractvalue %62[4, 1] : !llvm.struct<(ptr, ptr, i64, array<2 x i64>, array<2 x i64>)> 
    %70 = llvm.extractvalue %24[0] : !llvm.struct<(ptr<1>, ptr<1>, i64, array<3 x i64>, array<3 x i64>)> 
    %71 = llvm.extractvalue %24[1] : !llvm.struct<(ptr<1>, ptr<1>, i64, array<3 x i64>, array<3 x i64>)> 
    %72 = llvm.extractvalue %24[2] : !llvm.struct<(ptr<1>, ptr<1>, i64, array<3 x i64>, array<3 x i64>)> 
    %73 = llvm.extractvalue %24[3, 0] : !llvm.struct<(ptr<1>, ptr<1>, i64, array<3 x i64>, array<3 x i64>)> 
    %74 = llvm.extractvalue %24[3, 1] : !llvm.struct<(ptr<1>, ptr<1>, i64, array<3 x i64>, array<3 x i64>)> 
    %75 = llvm.extractvalue %24[3, 2] : !llvm.struct<(ptr<1>, ptr<1>, i64, array<3 x i64>, array<3 x i64>)> 
    %76 = llvm.extractvalue %24[4, 0] : !llvm.struct<(ptr<1>, ptr<1>, i64, array<3 x i64>, array<3 x i64>)> 
    %77 = llvm.extractvalue %24[4, 1] : !llvm.struct<(ptr<1>, ptr<1>, i64, array<3 x i64>, array<3 x i64>)> 
    %78 = llvm.extractvalue %24[4, 2] : !llvm.struct<(ptr<1>, ptr<1>, i64, array<3 x i64>, array<3 x i64>)> 
    gpu.launch_func <%45 : !llvm.ptr> @main_kernel::@main_kernel blocks in (%40, %35, %35) threads in (%35, %35, %35) : i64 args(%39 : i64, %63 : !llvm.ptr, %64 : !llvm.ptr, %65 : i64, %66 : i64, %67 : i64, %68 : i64, %69 : i64, %38 : f32, %43 : i64, %35 : i64, %40 : i64, %70 : !llvm.ptr<1>, %71 : !llvm.ptr<1>, %72 : i64, %73 : i64, %74 : i64, %75 : i64, %76 : i64, %77 : i64, %78 : i64, %41 : i64, %42 : i64, %37 : f32)
    %79 = llvm.alloca %31 x !llvm.ptr {alignment = 8 : i64} : (i32) -> !llvm.ptr
    %80 = builtin.unrealized_conversion_cast %46 : !gpu.async.token to !llvm.ptr
    %81 = llvm.call @cudaMallocAsync(%79, %34, %80) : (!llvm.ptr, i64, !llvm.ptr) -> i32
    %82 = llvm.load %79 : !llvm.ptr -> !llvm.ptr
    %83 = llvm.insertvalue %82, %26[0] : !llvm.struct<(ptr, ptr, i64)> 
    %84 = llvm.insertvalue %82, %83[1] : !llvm.struct<(ptr, ptr, i64)> 
    %85 = llvm.insertvalue %29, %84[2] : !llvm.struct<(ptr, ptr, i64)> 
    %86 = builtin.unrealized_conversion_cast %85 : !llvm.struct<(ptr, ptr, i64)> to memref<f32>
    %87 = llvm.alloca %31 x !llvm.ptr {alignment = 8 : i64} : (i32) -> !llvm.ptr
    %88 = llvm.call @cudaMallocAsync(%87, %34, %80) : (!llvm.ptr, i64, !llvm.ptr) -> i32
    %89 = llvm.load %87 : !llvm.ptr -> !llvm.ptr
    %90 = llvm.insertvalue %89, %26[0] : !llvm.struct<(ptr, ptr, i64)> 
    %91 = llvm.insertvalue %89, %90[1] : !llvm.struct<(ptr, ptr, i64)> 
    %92 = llvm.insertvalue %29, %91[2] : !llvm.struct<(ptr, ptr, i64)> 
    llvm.call @mgpuStreamSynchronize(%45) : (!llvm.ptr) -> ()
    llvm.call @mgpuStreamDestroy(%45) : (!llvm.ptr) -> ()
    %93 = llvm.extractvalue %92[1] : !llvm.struct<(ptr, ptr, i64)> 
    llvm.store %37, %93 : f32, !llvm.ptr
    %94 = llvm.call @mgpuStreamCreate() : () -> !llvm.ptr
    %95 = builtin.unrealized_conversion_cast %94 : !llvm.ptr to !gpu.async.token
    %96 = llvm.extractvalue %24[0] : !llvm.struct<(ptr<1>, ptr<1>, i64, array<3 x i64>, array<3 x i64>)> 
    %97 = llvm.extractvalue %24[1] : !llvm.struct<(ptr<1>, ptr<1>, i64, array<3 x i64>, array<3 x i64>)> 
    %98 = llvm.extractvalue %24[2] : !llvm.struct<(ptr<1>, ptr<1>, i64, array<3 x i64>, array<3 x i64>)> 
    %99 = llvm.extractvalue %24[3, 0] : !llvm.struct<(ptr<1>, ptr<1>, i64, array<3 x i64>, array<3 x i64>)> 
    %100 = llvm.extractvalue %24[3, 1] : !llvm.struct<(ptr<1>, ptr<1>, i64, array<3 x i64>, array<3 x i64>)> 
    %101 = llvm.extractvalue %24[3, 2] : !llvm.struct<(ptr<1>, ptr<1>, i64, array<3 x i64>, array<3 x i64>)> 
    %102 = llvm.extractvalue %24[4, 0] : !llvm.struct<(ptr<1>, ptr<1>, i64, array<3 x i64>, array<3 x i64>)> 
    %103 = llvm.extractvalue %24[4, 1] : !llvm.struct<(ptr<1>, ptr<1>, i64, array<3 x i64>, array<3 x i64>)> 
    %104 = llvm.extractvalue %24[4, 2] : !llvm.struct<(ptr<1>, ptr<1>, i64, array<3 x i64>, array<3 x i64>)> 
    %105 = llvm.extractvalue %92[0] : !llvm.struct<(ptr, ptr, i64)> 
    %106 = llvm.extractvalue %92[1] : !llvm.struct<(ptr, ptr, i64)> 
    %107 = llvm.extractvalue %92[2] : !llvm.struct<(ptr, ptr, i64)> 
    %108 = llvm.extractvalue %62[0] : !llvm.struct<(ptr, ptr, i64, array<2 x i64>, array<2 x i64>)> 
    %109 = llvm.extractvalue %62[1] : !llvm.struct<(ptr, ptr, i64, array<2 x i64>, array<2 x i64>)> 
    %110 = llvm.extractvalue %62[2] : !llvm.struct<(ptr, ptr, i64, array<2 x i64>, array<2 x i64>)> 
    %111 = llvm.extractvalue %62[3, 0] : !llvm.struct<(ptr, ptr, i64, array<2 x i64>, array<2 x i64>)> 
    %112 = llvm.extractvalue %62[3, 1] : !llvm.struct<(ptr, ptr, i64, array<2 x i64>, array<2 x i64>)> 
    %113 = llvm.extractvalue %62[4, 0] : !llvm.struct<(ptr, ptr, i64, array<2 x i64>, array<2 x i64>)> 
    %114 = llvm.extractvalue %62[4, 1] : !llvm.struct<(ptr, ptr, i64, array<2 x i64>, array<2 x i64>)> 
    %115 = llvm.extractvalue %14[0] : !llvm.struct<(ptr<1>, ptr<1>, i64, array<2 x i64>, array<2 x i64>)> 
    %116 = llvm.extractvalue %14[1] : !llvm.struct<(ptr<1>, ptr<1>, i64, array<2 x i64>, array<2 x i64>)> 
    %117 = llvm.extractvalue %14[2] : !llvm.struct<(ptr<1>, ptr<1>, i64, array<2 x i64>, array<2 x i64>)> 
    %118 = llvm.extractvalue %14[3, 0] : !llvm.struct<(ptr<1>, ptr<1>, i64, array<2 x i64>, array<2 x i64>)> 
    %119 = llvm.extractvalue %14[3, 1] : !llvm.struct<(ptr<1>, ptr<1>, i64, array<2 x i64>, array<2 x i64>)> 
    %120 = llvm.extractvalue %14[4, 0] : !llvm.struct<(ptr<1>, ptr<1>, i64, array<2 x i64>, array<2 x i64>)> 
    %121 = llvm.extractvalue %14[4, 1] : !llvm.struct<(ptr<1>, ptr<1>, i64, array<2 x i64>, array<2 x i64>)> 
    %122 = llvm.extractvalue %85[0] : !llvm.struct<(ptr, ptr, i64)> 
    %123 = llvm.extractvalue %85[1] : !llvm.struct<(ptr, ptr, i64)> 
    %124 = llvm.extractvalue %85[2] : !llvm.struct<(ptr, ptr, i64)> 
    gpu.launch_func <%94 : !llvm.ptr> @main_kernel_0::@main_kernel blocks in (%40, %35, %35) threads in (%35, %35, %35) : i64 args(%39 : i64, %36 : f32, %43 : i64, %35 : i64, %40 : i64, %96 : !llvm.ptr<1>, %97 : !llvm.ptr<1>, %98 : i64, %99 : i64, %100 : i64, %101 : i64, %102 : i64, %103 : i64, %104 : i64, %41 : i64, %42 : i64, %105 : !llvm.ptr, %106 : !llvm.ptr, %107 : i64, %108 : !llvm.ptr, %109 : !llvm.ptr, %110 : i64, %111 : i64, %112 : i64, %113 : i64, %114 : i64, %115 : !llvm.ptr<1>, %116 : !llvm.ptr<1>, %117 : i64, %118 : i64, %119 : i64, %120 : i64, %121 : i64, %44 : f32, %122 : !llvm.ptr, %123 : !llvm.ptr, %124 : i64)
    %expand_shape = memref.expand_shape %86 [] output_shape [1] : memref<f32> into memref<1xf32>
    %125 = builtin.unrealized_conversion_cast %6 : memref<1xf32, 1> to !llvm.struct<(ptr<1>, ptr<1>, i64, array<1 x i64>, array<1 x i64>)>
    %126 = llvm.extractvalue %125[1] : !llvm.struct<(ptr<1>, ptr<1>, i64, array<1 x i64>, array<1 x i64>)> 
    %127 = llvm.addrspacecast %126 : !llvm.ptr<1> to !llvm.ptr
    %128 = builtin.unrealized_conversion_cast %expand_shape : memref<1xf32> to !llvm.struct<(ptr, ptr, i64, array<1 x i64>, array<1 x i64>)>
    %129 = llvm.extractvalue %128[1] : !llvm.struct<(ptr, ptr, i64, array<1 x i64>, array<1 x i64>)> 
    %130 = llvm.mul %34, %27 : i64
    %131 = builtin.unrealized_conversion_cast %95 : !gpu.async.token to !llvm.ptr
    %132 = llvm.call @cudaMemcpyAsync(%127, %129, %130, %25, %131) : (!llvm.ptr, !llvm.ptr, i64, i32, !llvm.ptr) -> i32
    %133 = llvm.call @cudaFreeAsync(%52, %131) : (!llvm.ptr, !llvm.ptr) -> i32
    %134 = llvm.call @cudaFreeAsync(%82, %131) : (!llvm.ptr, !llvm.ptr) -> i32
    %135 = llvm.call @cudaFreeAsync(%89, %131) : (!llvm.ptr, !llvm.ptr) -> i32
    llvm.call @mgpuStreamSynchronize(%94) : (!llvm.ptr) -> ()
    llvm.call @mgpuStreamDestroy(%94) : (!llvm.ptr) -> ()
    llvm.return
  }
  llvm.func @_mlir_ciface_main(%arg0: !llvm.ptr, %arg1: !llvm.ptr, %arg2: !llvm.ptr {bufferization.writable = true}) attributes {llvm.emit_c_interface} {
    %0 = llvm.load %arg0 : !llvm.ptr -> !llvm.struct<(ptr<1>, ptr<1>, i64, array<3 x i64>, array<3 x i64>)>
    %1 = llvm.extractvalue %0[0] : !llvm.struct<(ptr<1>, ptr<1>, i64, array<3 x i64>, array<3 x i64>)> 
    %2 = llvm.extractvalue %0[1] : !llvm.struct<(ptr<1>, ptr<1>, i64, array<3 x i64>, array<3 x i64>)> 
    %3 = llvm.extractvalue %0[2] : !llvm.struct<(ptr<1>, ptr<1>, i64, array<3 x i64>, array<3 x i64>)> 
    %4 = llvm.extractvalue %0[3, 0] : !llvm.struct<(ptr<1>, ptr<1>, i64, array<3 x i64>, array<3 x i64>)> 
    %5 = llvm.extractvalue %0[3, 1] : !llvm.struct<(ptr<1>, ptr<1>, i64, array<3 x i64>, array<3 x i64>)> 
    %6 = llvm.extractvalue %0[3, 2] : !llvm.struct<(ptr<1>, ptr<1>, i64, array<3 x i64>, array<3 x i64>)> 
    %7 = llvm.extractvalue %0[4, 0] : !llvm.struct<(ptr<1>, ptr<1>, i64, array<3 x i64>, array<3 x i64>)> 
    %8 = llvm.extractvalue %0[4, 1] : !llvm.struct<(ptr<1>, ptr<1>, i64, array<3 x i64>, array<3 x i64>)> 
    %9 = llvm.extractvalue %0[4, 2] : !llvm.struct<(ptr<1>, ptr<1>, i64, array<3 x i64>, array<3 x i64>)> 
    %10 = llvm.load %arg1 : !llvm.ptr -> !llvm.struct<(ptr<1>, ptr<1>, i64, array<2 x i64>, array<2 x i64>)>
    %11 = llvm.extractvalue %10[0] : !llvm.struct<(ptr<1>, ptr<1>, i64, array<2 x i64>, array<2 x i64>)> 
    %12 = llvm.extractvalue %10[1] : !llvm.struct<(ptr<1>, ptr<1>, i64, array<2 x i64>, array<2 x i64>)> 
    %13 = llvm.extractvalue %10[2] : !llvm.struct<(ptr<1>, ptr<1>, i64, array<2 x i64>, array<2 x i64>)> 
    %14 = llvm.extractvalue %10[3, 0] : !llvm.struct<(ptr<1>, ptr<1>, i64, array<2 x i64>, array<2 x i64>)> 
    %15 = llvm.extractvalue %10[3, 1] : !llvm.struct<(ptr<1>, ptr<1>, i64, array<2 x i64>, array<2 x i64>)> 
    %16 = llvm.extractvalue %10[4, 0] : !llvm.struct<(ptr<1>, ptr<1>, i64, array<2 x i64>, array<2 x i64>)> 
    %17 = llvm.extractvalue %10[4, 1] : !llvm.struct<(ptr<1>, ptr<1>, i64, array<2 x i64>, array<2 x i64>)> 
    %18 = llvm.load %arg2 : !llvm.ptr -> !llvm.struct<(ptr<1>, ptr<1>, i64, array<1 x i64>, array<1 x i64>)>
    %19 = llvm.extractvalue %18[0] : !llvm.struct<(ptr<1>, ptr<1>, i64, array<1 x i64>, array<1 x i64>)> 
    %20 = llvm.extractvalue %18[1] : !llvm.struct<(ptr<1>, ptr<1>, i64, array<1 x i64>, array<1 x i64>)> 
    %21 = llvm.extractvalue %18[2] : !llvm.struct<(ptr<1>, ptr<1>, i64, array<1 x i64>, array<1 x i64>)> 
    %22 = llvm.extractvalue %18[3, 0] : !llvm.struct<(ptr<1>, ptr<1>, i64, array<1 x i64>, array<1 x i64>)> 
    %23 = llvm.extractvalue %18[4, 0] : !llvm.struct<(ptr<1>, ptr<1>, i64, array<1 x i64>, array<1 x i64>)> 
    llvm.call @main(%1, %2, %3, %4, %5, %6, %7, %8, %9, %11, %12, %13, %14, %15, %16, %17, %19, %20, %21, %22, %23) : (!llvm.ptr<1>, !llvm.ptr<1>, i64, i64, i64, i64, i64, i64, i64, !llvm.ptr<1>, !llvm.ptr<1>, i64, i64, i64, i64, i64, !llvm.ptr<1>, !llvm.ptr<1>, i64, i64, i64) -> ()
    llvm.return
  }
  gpu.binary @main_kernel  [#gpu.object<#nvvm.target<O = 3, chip = "sm_86", features = "+ptx76", flags = {fast, ftz}>, properties = {LLVMIRToISATimeInMs = 4 : i64, O = 3 : i32}, assembly = "//\0A// Generated by LLVM NVPTX Back-End\0A//\0A\0A.version 7.6\0A.target sm_86\0A.address_size 64\0A\0A\09// .globl\09main_kernel\0A\0A.visible .entry main_kernel(\0A\09.param .u64 main_kernel_param_0,\0A\09.param .u64 .ptr .align 1 main_kernel_param_1,\0A\09.param .u64 .ptr .align 1 main_kernel_param_2,\0A\09.param .u64 main_kernel_param_3,\0A\09.param .u64 main_kernel_param_4,\0A\09.param .u64 main_kernel_param_5,\0A\09.param .u64 main_kernel_param_6,\0A\09.param .u64 main_kernel_param_7,\0A\09.param .f32 main_kernel_param_8,\0A\09.param .u64 main_kernel_param_9,\0A\09.param .u64 main_kernel_param_10,\0A\09.param .u64 main_kernel_param_11,\0A\09.param .u64 .ptr .global .align 1 main_kernel_param_12,\0A\09.param .u64 .ptr .global .align 1 main_kernel_param_13,\0A\09.param .u64 main_kernel_param_14,\0A\09.param .u64 main_kernel_param_15,\0A\09.param .u64 main_kernel_param_16,\0A\09.param .u64 main_kernel_param_17,\0A\09.param .u64 main_kernel_param_18,\0A\09.param .u64 main_kernel_param_19,\0A\09.param .u64 main_kernel_param_20,\0A\09.param .u64 main_kernel_param_21,\0A\09.param .u64 main_kernel_param_22,\0A\09.param .f32 main_kernel_param_23\0A)\0A.maxntid 1, 1, 1\0A{\0A\09.local .align 4 .b8 \09__local_depot0[4096];\0A\09.reg .b64 \09%SP;\0A\09.reg .b64 \09%SPL;\0A\09.reg .pred \09%p<29>;\0A\09.reg .b32 \09%r<28>;\0A\09.reg .b64 \09%rd<129>;\0A\0A\09mov.b64 \09%SPL, __local_depot0;\0A\09ld.param.b64 \09%rd80, [main_kernel_param_22];\0A\09ld.param.b64 \09%rd79, [main_kernel_param_21];\0A\09ld.param.b64 \09%rd77, [main_kernel_param_11];\0A\09ld.param.b64 \09%rd76, [main_kernel_param_10];\0A\09ld.param.b64 \09%rd75, [main_kernel_param_9];\0A\09ld.param.b64 \09%rd74, [main_kernel_param_0];\0A\09ld.param.b64 \09%rd81, [main_kernel_param_2];\0A\09cvta.to.global.u64 \09%rd1, %rd81;\0A\09mov.u32 \09%r10, %ctaid.x;\0A\09cvt.u64.u32 \09%rd82, %r10;\0A\09add.u64 \09%rd3, %SPL, 0;\0A\09setp.ge.s64 \09%p1, %rd75, %rd77;\0A\09shl.b64 \09%rd104, %rd76, 2;\0A\09setp.ge.s64 \09%p28, %rd75, %rd74;\0A\09@%p1 bra \09$L__BB0_5;\0A\09ld.param.b32 \09%r8, [main_kernel_param_8];\0A\09mad.lo.s64 \09%rd105, %rd75, 516, %rd3;\0A\09shl.b64 \09%rd5, %rd76, 9;\0A\09mov.b64 \09%rd106, %rd75;\0A\09bra.uni \09$L__BB0_2;\0A$L__BB0_4:\0A\09add.s64 \09%rd106, %rd106, %rd76;\0A\09add.s64 \09%rd105, %rd105, %rd5;\0A\09setp.lt.s64 \09%p4, %rd106, %rd77;\0A\09@%p4 bra \09$L__BB0_2;\0A\09bra.uni \09$L__BB0_5;\0A$L__BB0_2:\0A\09mov.b64 \09%rd107, %rd105;\0A\09mov.b64 \09%rd108, %rd75;\0A\09@%p28 bra \09$L__BB0_4;\0A$L__BB0_3:\0A\09st.local.b32 \09[%rd107], %r8;\0A\09add.s64 \09%rd108, %rd108, %rd76;\0A\09add.s64 \09%rd107, %rd107, %rd104;\0A\09setp.lt.s64 \09%p3, %rd108, %rd74;\0A\09@%p3 bra \09$L__BB0_3;\0A\09bra.uni \09$L__BB0_4;\0A$L__BB0_5:\0A\09ld.param.b64 \09%rd78, [main_kernel_param_13];\0A\09mul.lo.s64 \09%rd2, %rd74, %rd82;\0A\09setp.ge.s64 \09%p5, %rd75, %rd80;\0A\09mul.lo.s64 \09%rd99, %rd75, 6297608;\0A\09shl.b64 \09%rd100, %rd79, 2;\0A\09mul.lo.s64 \09%rd101, %rd76, 6291456;\0A\09mul.lo.s64 \09%rd102, %rd76, 6144;\0A\09setp.ge.s64 \09%p27, %rd75, %rd79;\0A\09@%p5 bra \09$L__BB0_17;\0A\09mad.lo.s64 \09%rd85, %rd2, 6144, %rd99;\0A\09add.s64 \09%rd109, %rd78, %rd85;\0A\09mov.b64 \09%rd110, %rd75;\0A\09bra.uni \09$L__BB0_7;\0A$L__BB0_16:\0A\09add.s64 \09%rd110, %rd110, %rd79;\0A\09add.s64 \09%rd109, %rd109, %rd100;\0A\09setp.lt.s64 \09%p12, %rd110, %rd80;\0A\09@%p12 bra \09$L__BB0_7;\0A\09bra.uni \09$L__BB0_17;\0A$L__BB0_7:\0A\09mov.b64 \09%rd111, %rd109;\0A\09mov.b64 \09%rd112, %rd75;\0A\09@%p1 bra \09$L__BB0_16;\0A\09bra.uni \09$L__BB0_8;\0A$L__BB0_15:\0A\09add.s64 \09%rd112, %rd112, %rd76;\0A\09add.s64 \09%rd111, %rd111, %rd101;\0A\09setp.lt.s64 \09%p11, %rd112, %rd77;\0A\09@%p11 bra \09$L__BB0_8;\0A\09bra.uni \09$L__BB0_16;\0A$L__BB0_8:\0A\09@%p28 bra \09$L__BB0_15;\0A\09shl.b64 \09%rd86, %rd112, 9;\0A\09add.s64 \09%rd27, %rd3, %rd86;\0A\09mov.b64 \09%rd113, %rd111;\0A\09mov.b64 \09%rd114, %rd75;\0A\09bra.uni \09$L__BB0_10;\0A$L__BB0_14:\0A\09add.s64 \09%rd114, %rd114, %rd76;\0A\09add.s64 \09%rd113, %rd113, %rd102;\0A\09setp.lt.s64 \09%p10, %rd114, %rd74;\0A\09@%p10 bra \09$L__BB0_10;\0A\09bra.uni \09$L__BB0_15;\0A$L__BB0_10:\0A\09@%p27 bra \09$L__BB0_14;\0A\09shl.b64 \09%rd87, %rd114, 2;\0A\09add.s64 \09%rd30, %rd27, %rd87;\0A\09ld.local.b32 \09%r26, [%rd30];\0A\09mov.b64 \09%rd115, %rd113;\0A\09mov.b64 \09%rd116, %rd75;\0A$L__BB0_12:\0A\09ld.global.b32 \09%r11, [%rd115];\0A\09max.NaN.f32 \09%r26, %r11, %r26;\0A\09add.s64 \09%rd116, %rd116, %rd76;\0A\09add.s64 \09%rd115, %rd115, %rd104;\0A\09setp.lt.s64 \09%p9, %rd116, %rd79;\0A\09@%p9 bra \09$L__BB0_12;\0A\09st.local.b32 \09[%rd30], %r26;\0A\09bra.uni \09$L__BB0_14;\0A$L__BB0_17:\0A\09shl.b64 \09%rd97, %rd2, 2;\0A\09@%p1 bra \09$L__BB0_22;\0A\09ld.param.b32 \09%r9, [main_kernel_param_23];\0A\09mad.lo.s64 \09%rd89, %rd75, 4100, %rd97;\0A\09add.s64 \09%rd117, %rd1, %rd89;\0A\09shl.b64 \09%rd23, %rd76, 12;\0A\09mov.b64 \09%rd118, %rd75;\0A\09bra.uni \09$L__BB0_19;\0A$L__BB0_21:\0A\09add.s64 \09%rd118, %rd118, %rd76;\0A\09add.s64 \09%rd117, %rd117, %rd23;\0A\09setp.lt.s64 \09%p16, %rd118, %rd77;\0A\09@%p16 bra \09$L__BB0_19;\0A\09bra.uni \09$L__BB0_22;\0A$L__BB0_19:\0A\09mov.b64 \09%rd119, %rd117;\0A\09mov.b64 \09%rd120, %rd75;\0A\09@%p28 bra \09$L__BB0_21;\0A$L__BB0_20:\0A\09st.global.b32 \09[%rd119], %r9;\0A\09add.s64 \09%rd120, %rd120, %rd76;\0A\09add.s64 \09%rd119, %rd119, %rd104;\0A\09setp.lt.s64 \09%p15, %rd120, %rd74;\0A\09@%p15 bra \09$L__BB0_20;\0A\09bra.uni \09$L__BB0_21;\0A$L__BB0_22:\0A\09@%p5 bra \09$L__BB0_34;\0A\09add.s64 \09%rd43, %rd1, %rd97;\0A\09mad.lo.s64 \09%rd92, %rd2, 6144, %rd99;\0A\09add.s64 \09%rd121, %rd78, %rd92;\0A\09mov.b64 \09%rd122, %rd75;\0A\09bra.uni \09$L__BB0_24;\0A$L__BB0_33:\0A\09add.s64 \09%rd122, %rd122, %rd79;\0A\09add.s64 \09%rd121, %rd121, %rd100;\0A\09setp.lt.s64 \09%p24, %rd122, %rd80;\0A\09@%p24 bra \09$L__BB0_24;\0A\09bra.uni \09$L__BB0_34;\0A$L__BB0_24:\0A\09@%p1 bra \09$L__BB0_33;\0A\09mov.b64 \09%rd123, %rd121;\0A\09mov.b64 \09%rd124, %rd75;\0A\09bra.uni \09$L__BB0_26;\0A$L__BB0_32:\0A\09add.s64 \09%rd124, %rd124, %rd76;\0A\09add.s64 \09%rd123, %rd123, %rd101;\0A\09setp.lt.s64 \09%p23, %rd124, %rd77;\0A\09@%p23 bra \09$L__BB0_26;\0A\09bra.uni \09$L__BB0_33;\0A$L__BB0_26:\0A\09@%p28 bra \09$L__BB0_32;\0A\09shl.b64 \09%rd93, %rd124, 9;\0A\09add.s64 \09%rd59, %rd3, %rd93;\0A\09shl.b64 \09%rd94, %rd124, 12;\0A\09add.s64 \09%rd60, %rd43, %rd94;\0A\09mov.b64 \09%rd125, %rd123;\0A\09mov.b64 \09%rd126, %rd75;\0A\09bra.uni \09$L__BB0_28;\0A$L__BB0_31:\0A\09add.s64 \09%rd126, %rd126, %rd76;\0A\09add.s64 \09%rd125, %rd125, %rd102;\0A\09setp.lt.s64 \09%p22, %rd126, %rd74;\0A\09@%p22 bra \09$L__BB0_28;\0A\09bra.uni \09$L__BB0_32;\0A$L__BB0_28:\0A\09@%p27 bra \09$L__BB0_31;\0A\09shl.b64 \09%rd95, %rd126, 2;\0A\09add.s64 \09%rd96, %rd59, %rd95;\0A\09ld.local.b32 \09%r4, [%rd96];\0A\09add.s64 \09%rd63, %rd60, %rd95;\0A\09ld.global.b32 \09%r27, [%rd63];\0A\09mov.b64 \09%rd127, %rd125;\0A\09mov.b64 \09%rd128, %rd75;\0A$L__BB0_30:\0A\09ld.global.b32 \09%r12, [%rd127];\0A\09sub.rn.f32 \09%r13, %r12, %r4;\0A\09fma.rn.f32 \09%r14, %r13, 0f3BBB989D, 0f3F000000;\0A\09cvt.sat.f32.f32 \09%r15, %r14;\0A\09mov.b32 \09%r16, 0f4B400001;\0A\09mov.b32 \09%r17, 0f437C0000;\0A\09fma.rm.f32 \09%r18, %r15, %r17, %r16;\0A\09add.rn.f32 \09%r19, %r18, 0fCB40007F;\0A\09neg.f32 \09%r20, %r19;\0A\09fma.rn.f32 \09%r21, %r13, 0f3FB8AA3B, %r20;\0A\09fma.rn.f32 \09%r22, %r13, 0f32A57060, %r21;\0A\09shl.b32 \09%r23, %r18, 23;\0A\09ex2.approx.ftz.f32 \09%r24, %r22;\0A\09mul.rn.f32 \09%r25, %r24, %r23;\0A\09add.rn.f32 \09%r27, %r27, %r25;\0A\09st.global.b32 \09[%rd63], %r27;\0A\09add.s64 \09%rd128, %rd128, %rd76;\0A\09add.s64 \09%rd127, %rd127, %rd104;\0A\09setp.lt.s64 \09%p21, %rd128, %rd79;\0A\09@%p21 bra \09$L__BB0_30;\0A\09bra.uni \09$L__BB0_31;\0A$L__BB0_34:\0A\09ret;\0A\0A}\0A">]
  gpu.binary @main_kernel_0  [#gpu.object<#nvvm.target<O = 3, chip = "sm_86", features = "+ptx76", flags = {fast, ftz}>, properties = {LLVMIRToISATimeInMs = 3 : i64, O = 3 : i32}, assembly = "//\0A// Generated by LLVM NVPTX Back-End\0A//\0A\0A.version 7.6\0A.target sm_86\0A.address_size 64\0A\0A\09// .globl\09main_kernel\0A\0A.visible .entry main_kernel(\0A\09.param .u64 main_kernel_param_0,\0A\09.param .f32 main_kernel_param_1,\0A\09.param .u64 main_kernel_param_2,\0A\09.param .u64 main_kernel_param_3,\0A\09.param .u64 main_kernel_param_4,\0A\09.param .u64 .ptr .global .align 1 main_kernel_param_5,\0A\09.param .u64 .ptr .global .align 1 main_kernel_param_6,\0A\09.param .u64 main_kernel_param_7,\0A\09.param .u64 main_kernel_param_8,\0A\09.param .u64 main_kernel_param_9,\0A\09.param .u64 main_kernel_param_10,\0A\09.param .u64 main_kernel_param_11,\0A\09.param .u64 main_kernel_param_12,\0A\09.param .u64 main_kernel_param_13,\0A\09.param .u64 main_kernel_param_14,\0A\09.param .u64 main_kernel_param_15,\0A\09.param .u64 .ptr .align 1 main_kernel_param_16,\0A\09.param .u64 .ptr .align 1 main_kernel_param_17,\0A\09.param .u64 main_kernel_param_18,\0A\09.param .u64 .ptr .align 1 main_kernel_param_19,\0A\09.param .u64 .ptr .align 1 main_kernel_param_20,\0A\09.param .u64 main_kernel_param_21,\0A\09.param .u64 main_kernel_param_22,\0A\09.param .u64 main_kernel_param_23,\0A\09.param .u64 main_kernel_param_24,\0A\09.param .u64 main_kernel_param_25,\0A\09.param .u64 .ptr .global .align 1 main_kernel_param_26,\0A\09.param .u64 .ptr .global .align 1 main_kernel_param_27,\0A\09.param .u64 main_kernel_param_28,\0A\09.param .u64 main_kernel_param_29,\0A\09.param .u64 main_kernel_param_30,\0A\09.param .u64 main_kernel_param_31,\0A\09.param .u64 main_kernel_param_32,\0A\09.param .f32 main_kernel_param_33,\0A\09.param .u64 .ptr .align 1 main_kernel_param_34,\0A\09.param .u64 .ptr .align 1 main_kernel_param_35,\0A\09.param .u64 main_kernel_param_36\0A)\0A.maxntid 1, 1, 1\0A{\0A\09.local .align 4 .b8 \09__local_depot0[4096];\0A\09.reg .b64 \09%SP;\0A\09.reg .b64 \09%SPL;\0A\09.reg .pred \09%p<26>;\0A\09.reg .b32 \09%r<55>;\0A\09.reg .b64 \09%rd<153>;\0A\0A\09mov.b64 \09%SPL, __local_depot0;\0A\09ld.param.b64 \09%rd96, [main_kernel_param_15];\0A\09ld.param.b64 \09%rd95, [main_kernel_param_14];\0A\09ld.param.b64 \09%rd93, [main_kernel_param_4];\0A\09ld.param.b64 \09%rd92, [main_kernel_param_3];\0A\09ld.param.b64 \09%rd91, [main_kernel_param_2];\0A\09ld.param.b64 \09%rd90, [main_kernel_param_0];\0A\09ld.param.b64 \09%rd98, [main_kernel_param_17];\0A\09cvta.to.global.u64 \09%rd1, %rd98;\0A\09ld.param.b64 \09%rd99, [main_kernel_param_20];\0A\09cvta.to.global.u64 \09%rd2, %rd99;\0A\09ld.param.b64 \09%rd100, [main_kernel_param_35];\0A\09cvta.to.global.u64 \09%rd3, %rd100;\0A\09mov.u32 \09%r15, %ctaid.x;\0A\09cvt.u64.u32 \09%rd101, %r15;\0A\09add.u64 \09%rd5, %SPL, 0;\0A\09setp.ge.s64 \09%p1, %rd91, %rd93;\0A\09shl.b64 \09%rd121, %rd92, 9;\0A\09shl.b64 \09%rd122, %rd92, 2;\0A\09setp.ge.s64 \09%p25, %rd91, %rd90;\0A\09@%p1 bra \09$L__BB0_5;\0A\09ld.param.b32 \09%r13, [main_kernel_param_1];\0A\09mad.lo.s64 \09%rd123, %rd91, 516, %rd5;\0A\09mov.b64 \09%rd124, %rd91;\0A\09bra.uni \09$L__BB0_2;\0A$L__BB0_4:\0A\09add.s64 \09%rd124, %rd124, %rd92;\0A\09add.s64 \09%rd123, %rd123, %rd121;\0A\09setp.lt.s64 \09%p4, %rd124, %rd93;\0A\09@%p4 bra \09$L__BB0_2;\0A\09bra.uni \09$L__BB0_5;\0A$L__BB0_2:\0A\09mov.b64 \09%rd125, %rd123;\0A\09mov.b64 \09%rd126, %rd91;\0A\09@%p25 bra \09$L__BB0_4;\0A$L__BB0_3:\0A\09st.local.b32 \09[%rd125], %r13;\0A\09add.s64 \09%rd126, %rd126, %rd92;\0A\09add.s64 \09%rd125, %rd125, %rd122;\0A\09setp.lt.s64 \09%p3, %rd126, %rd90;\0A\09@%p3 bra \09$L__BB0_3;\0A\09bra.uni \09$L__BB0_4;\0A$L__BB0_5:\0A\09ld.param.b64 \09%rd94, [main_kernel_param_6];\0A\09mul.lo.s64 \09%rd4, %rd90, %rd101;\0A\09setp.ge.s64 \09%p5, %rd91, %rd96;\0A\09shl.b64 \09%rd117, %rd95, 2;\0A\09mul.lo.s64 \09%rd118, %rd92, 6291456;\0A\09mul.lo.s64 \09%rd119, %rd92, 6144;\0A\09setp.ge.s64 \09%p24, %rd91, %rd95;\0A\09@%p5 bra \09$L__BB0_18;\0A\09mul.lo.s64 \09%rd103, %rd91, 6297608;\0A\09mad.lo.s64 \09%rd104, %rd4, 6144, %rd103;\0A\09add.s64 \09%rd127, %rd94, %rd104;\0A\09mov.b64 \09%rd128, %rd91;\0A\09bra.uni \09$L__BB0_7;\0A$L__BB0_17:\0A\09add.s64 \09%rd128, %rd128, %rd95;\0A\09add.s64 \09%rd127, %rd127, %rd117;\0A\09setp.lt.s64 \09%p12, %rd128, %rd96;\0A\09@%p12 bra \09$L__BB0_7;\0A\09bra.uni \09$L__BB0_18;\0A$L__BB0_7:\0A\09@%p1 bra \09$L__BB0_17;\0A\09mov.b64 \09%rd129, %rd127;\0A\09mov.b64 \09%rd130, %rd91;\0A\09bra.uni \09$L__BB0_9;\0A$L__BB0_16:\0A\09add.s64 \09%rd130, %rd130, %rd92;\0A\09add.s64 \09%rd129, %rd129, %rd118;\0A\09setp.lt.s64 \09%p11, %rd130, %rd93;\0A\09@%p11 bra \09$L__BB0_9;\0A\09bra.uni \09$L__BB0_17;\0A$L__BB0_9:\0A\09@%p25 bra \09$L__BB0_16;\0A\09shl.b64 \09%rd105, %rd130, 9;\0A\09add.s64 \09%rd26, %rd5, %rd105;\0A\09mov.b64 \09%rd131, %rd129;\0A\09mov.b64 \09%rd132, %rd91;\0A\09bra.uni \09$L__BB0_11;\0A$L__BB0_15:\0A\09add.s64 \09%rd132, %rd132, %rd92;\0A\09add.s64 \09%rd131, %rd131, %rd119;\0A\09setp.lt.s64 \09%p10, %rd132, %rd90;\0A\09@%p10 bra \09$L__BB0_11;\0A\09bra.uni \09$L__BB0_16;\0A$L__BB0_11:\0A\09@%p24 bra \09$L__BB0_15;\0A\09shl.b64 \09%rd106, %rd132, 2;\0A\09add.s64 \09%rd29, %rd26, %rd106;\0A\09ld.local.b32 \09%r47, [%rd29];\0A\09mov.b64 \09%rd133, %rd131;\0A\09mov.b64 \09%rd134, %rd91;\0A$L__BB0_13:\0A\09ld.global.b32 \09%r16, [%rd133];\0A\09max.f32 \09%r47, %r16, %r47;\0A\09add.s64 \09%rd134, %rd134, %rd92;\0A\09add.s64 \09%rd133, %rd133, %rd122;\0A\09setp.lt.s64 \09%p9, %rd134, %rd95;\0A\09@%p9 bra \09$L__BB0_13;\0A\09st.local.b32 \09[%rd29], %r47;\0A\09bra.uni \09$L__BB0_15;\0A$L__BB0_18:\0A\09ld.param.b32 \09%r14, [main_kernel_param_33];\0A\09ld.global.b32 \09%r51, [%rd1];\0A\09@%p1 bra \09$L__BB0_29;\0A\09ld.param.b64 \09%rd97, [main_kernel_param_27];\0A\09mad.lo.s64 \09%rd138, %rd91, 1032, %rd5;\0A\09shl.b64 \09%rd41, %rd95, 9;\0A\09shl.b64 \09%rd107, %rd4, 2;\0A\09mad.lo.s64 \09%rd108, %rd91, 8200, %rd107;\0A\09add.s64 \09%rd137, %rd2, %rd108;\0A\09shl.b64 \09%rd46, %rd95, 12;\0A\09shl.b64 \09%rd47, %rd92, 12;\0A\09add.s64 \09%rd136, %rd97, %rd108;\0A\09mul.lo.s64 \09%rd109, %rd91, 12595200;\0A\09mad.lo.s64 \09%rd110, %rd4, 6144, %rd109;\0A\09add.s64 \09%rd135, %rd94, %rd110;\0A\09mul.lo.s64 \09%rd50, %rd95, 6291456;\0A\09mul.lo.s64 \09%rd51, %rd95, 6144;\0A\09mov.b64 \09%rd139, %rd91;\0A\09bra.uni \09$L__BB0_20;\0A$L__BB0_28:\0A\09add.s64 \09%rd139, %rd139, %rd95;\0A\09add.s64 \09%rd138, %rd138, %rd41;\0A\09add.s64 \09%rd137, %rd137, %rd46;\0A\09add.s64 \09%rd136, %rd136, %rd46;\0A\09add.s64 \09%rd135, %rd135, %rd50;\0A\09setp.lt.s64 \09%p22, %rd139, %rd93;\0A\09@%p22 bra \09$L__BB0_20;\0A\09bra.uni \09$L__BB0_29;\0A$L__BB0_20:\0A\09@%p25 bra \09$L__BB0_28;\0A\09mov.b64 \09%rd140, %rd135;\0A\09mov.b64 \09%rd141, %rd136;\0A\09mov.b64 \09%rd142, %rd137;\0A\09mov.b64 \09%rd143, %rd138;\0A\09mov.b64 \09%rd144, %rd91;\0A\09bra.uni \09$L__BB0_22;\0A$L__BB0_27:\0A\09add.s64 \09%rd144, %rd144, %rd95;\0A\09add.s64 \09%rd143, %rd143, %rd117;\0A\09add.s64 \09%rd142, %rd142, %rd117;\0A\09add.s64 \09%rd141, %rd141, %rd117;\0A\09add.s64 \09%rd140, %rd140, %rd51;\0A\09setp.lt.s64 \09%p21, %rd144, %rd90;\0A\09@%p21 bra \09$L__BB0_22;\0A\09bra.uni \09$L__BB0_28;\0A$L__BB0_22:\0A\09@%p24 bra \09$L__BB0_27;\0A\09mov.b64 \09%rd145, %rd140;\0A\09mov.b64 \09%rd146, %rd141;\0A\09mov.b64 \09%rd147, %rd142;\0A\09mov.b64 \09%rd148, %rd143;\0A\09mov.b64 \09%rd149, %rd91;\0A$L__BB0_24:\0A\09mov.b64 \09%rd151, 0;\0A\09mov.b64 \09%rd150, %rd145;\0A\09mov.b64 \09%rd152, %rd91;\0A$L__BB0_25:\0A\09add.s64 \09%rd112, %rd147, %rd151;\0A\09ld.global.b32 \09%r17, [%rd112];\0A\09add.s64 \09%rd113, %rd148, %rd151;\0A\09ld.local.b32 \09%r18, [%rd113];\0A\09add.s64 \09%rd114, %rd146, %rd151;\0A\09ld.global.b32 \09%r19, [%rd114];\0A\09mul.wide.s32 \09%rd115, %r19, 4;\0A\09add.s64 \09%rd116, %rd150, %rd115;\0A\09ld.global.b32 \09%r20, [%rd116];\0A\09setp.lt.f32 \09%p16, %r17, 0f00800000;\0A\09mul.rn.f32 \09%r21, %r17, 0f4B000000;\0A\09selp.f32 \09%r22, %r21, %r17, %p16;\0A\09selp.f32 \09%r23, 0fC1B80000, 0f00000000, %p16;\0A\09add.s32 \09%r24, %r22, -1059760811;\0A\09and.b32 \09%r25, %r24, -8388608;\0A\09sub.s32 \09%r26, %r22, %r25;\0A\09cvt.rn.f32.s32 \09%r27, %r25;\0A\09fma.rn.f32 \09%r28, %r27, 0f34000000, %r23;\0A\09add.rn.f32 \09%r29, %r26, 0fBF800000;\0A\09fma.rn.f32 \09%r30, %r29, 0fBE055027, 0f3E1039F6;\0A\09fma.rn.f32 \09%r31, %r30, %r29, 0fBDF8CDCC;\0A\09fma.rn.f32 \09%r32, %r31, %r29, 0f3E0F2955;\0A\09fma.rn.f32 \09%r33, %r32, %r29, 0fBE2AD8B9;\0A\09fma.rn.f32 \09%r34, %r33, %r29, 0f3E4CED0B;\0A\09fma.rn.f32 \09%r35, %r34, %r29, 0fBE7FFF22;\0A\09fma.rn.f32 \09%r36, %r35, %r29, 0f3EAAAA78;\0A\09fma.rn.f32 \09%r37, %r36, %r29, 0fBF000000;\0A\09mul.rn.f32 \09%r38, %r29, %r37;\0A\09fma.rn.f32 \09%r39, %r38, %r29, %r29;\0A\09fma.rn.f32 \09%r40, %r28, 0f3F317218, %r39;\0A\09setp.gt.u32 \09%p17, %r22, 2139095039;\0A\09fma.rn.f32 \09%r41, %r22, 0f7F800000, 0f7F800000;\0A\09selp.f32 \09%r42, %r41, %r40, %p17;\0A\09setp.eq.f32 \09%p18, %r22, 0f00000000;\0A\09selp.f32 \09%r43, 0fFF800000, %r42, %p18;\0A\09add.rn.f32 \09%r44, %r18, %r43;\0A\09sub.rn.f32 \09%r45, %r44, %r20;\0A\09add.rn.f32 \09%r51, %r51, %r45;\0A\09add.s64 \09%rd152, %rd152, %rd92;\0A\09add.s64 \09%rd151, %rd151, %rd122;\0A\09add.s64 \09%rd150, %rd150, %rd119;\0A\09setp.lt.s64 \09%p19, %rd152, %rd95;\0A\09@%p19 bra \09$L__BB0_25;\0A\09add.s64 \09%rd149, %rd149, %rd92;\0A\09add.s64 \09%rd148, %rd148, %rd121;\0A\09add.s64 \09%rd147, %rd147, %rd47;\0A\09add.s64 \09%rd146, %rd146, %rd47;\0A\09add.s64 \09%rd145, %rd145, %rd118;\0A\09setp.lt.s64 \09%p20, %rd149, %rd95;\0A\09@%p20 bra \09$L__BB0_24;\0A\09bra.uni \09$L__BB0_27;\0A$L__BB0_29:\0A\09div.rn.f32 \09%r46, %r51, %r14;\0A\09st.global.b32 \09[%rd3], %r46;\0A\09ret;\0A\0A}\0A">]
  llvm.func @mgpuStreamCreate() -> !llvm.ptr
  llvm.func @mgpuStreamSynchronize(!llvm.ptr)
  llvm.func @mgpuStreamDestroy(!llvm.ptr)
}


// -----// IR Dump After ReconcileUnrealizedCastsPass (reconcile-unrealized-casts) //----- //
module attributes {gpu.container_module} {
  llvm.func @cudaMallocAsync(!llvm.ptr, i64, !llvm.ptr) -> i32
  llvm.func @cudaMemcpyAsync(!llvm.ptr, !llvm.ptr, i64, i32, !llvm.ptr) -> i32
  llvm.func @cudaFreeAsync(!llvm.ptr, !llvm.ptr) -> i32
  llvm.func @main(%arg0: !llvm.ptr<1>, %arg1: !llvm.ptr<1>, %arg2: i64, %arg3: i64, %arg4: i64, %arg5: i64, %arg6: i64, %arg7: i64, %arg8: i64, %arg9: !llvm.ptr<1>, %arg10: !llvm.ptr<1>, %arg11: i64, %arg12: i64, %arg13: i64, %arg14: i64, %arg15: i64, %arg16: !llvm.ptr<1>, %arg17: !llvm.ptr<1>, %arg18: i64, %arg19: i64, %arg20: i64) attributes {llvm.emit_c_interface} {
    %0 = llvm.mlir.poison : !llvm.struct<(ptr<1>, ptr<1>, i64, array<1 x i64>, array<1 x i64>)>
    %1 = llvm.insertvalue %arg16, %0[0] : !llvm.struct<(ptr<1>, ptr<1>, i64, array<1 x i64>, array<1 x i64>)> 
    %2 = llvm.insertvalue %arg17, %1[1] : !llvm.struct<(ptr<1>, ptr<1>, i64, array<1 x i64>, array<1 x i64>)> 
    %3 = llvm.insertvalue %arg18, %2[2] : !llvm.struct<(ptr<1>, ptr<1>, i64, array<1 x i64>, array<1 x i64>)> 
    %4 = llvm.insertvalue %arg19, %3[3, 0] : !llvm.struct<(ptr<1>, ptr<1>, i64, array<1 x i64>, array<1 x i64>)> 
    %5 = llvm.insertvalue %arg20, %4[4, 0] : !llvm.struct<(ptr<1>, ptr<1>, i64, array<1 x i64>, array<1 x i64>)> 
    %6 = llvm.mlir.poison : !llvm.struct<(ptr<1>, ptr<1>, i64, array<2 x i64>, array<2 x i64>)>
    %7 = llvm.insertvalue %arg9, %6[0] : !llvm.struct<(ptr<1>, ptr<1>, i64, array<2 x i64>, array<2 x i64>)> 
    %8 = llvm.insertvalue %arg10, %7[1] : !llvm.struct<(ptr<1>, ptr<1>, i64, array<2 x i64>, array<2 x i64>)> 
    %9 = llvm.insertvalue %arg11, %8[2] : !llvm.struct<(ptr<1>, ptr<1>, i64, array<2 x i64>, array<2 x i64>)> 
    %10 = llvm.insertvalue %arg12, %9[3, 0] : !llvm.struct<(ptr<1>, ptr<1>, i64, array<2 x i64>, array<2 x i64>)> 
    %11 = llvm.insertvalue %arg14, %10[4, 0] : !llvm.struct<(ptr<1>, ptr<1>, i64, array<2 x i64>, array<2 x i64>)> 
    %12 = llvm.insertvalue %arg13, %11[3, 1] : !llvm.struct<(ptr<1>, ptr<1>, i64, array<2 x i64>, array<2 x i64>)> 
    %13 = llvm.insertvalue %arg15, %12[4, 1] : !llvm.struct<(ptr<1>, ptr<1>, i64, array<2 x i64>, array<2 x i64>)> 
    %14 = llvm.mlir.poison : !llvm.struct<(ptr<1>, ptr<1>, i64, array<3 x i64>, array<3 x i64>)>
    %15 = llvm.insertvalue %arg0, %14[0] : !llvm.struct<(ptr<1>, ptr<1>, i64, array<3 x i64>, array<3 x i64>)> 
    %16 = llvm.insertvalue %arg1, %15[1] : !llvm.struct<(ptr<1>, ptr<1>, i64, array<3 x i64>, array<3 x i64>)> 
    %17 = llvm.insertvalue %arg2, %16[2] : !llvm.struct<(ptr<1>, ptr<1>, i64, array<3 x i64>, array<3 x i64>)> 
    %18 = llvm.insertvalue %arg3, %17[3, 0] : !llvm.struct<(ptr<1>, ptr<1>, i64, array<3 x i64>, array<3 x i64>)> 
    %19 = llvm.insertvalue %arg6, %18[4, 0] : !llvm.struct<(ptr<1>, ptr<1>, i64, array<3 x i64>, array<3 x i64>)> 
    %20 = llvm.insertvalue %arg4, %19[3, 1] : !llvm.struct<(ptr<1>, ptr<1>, i64, array<3 x i64>, array<3 x i64>)> 
    %21 = llvm.insertvalue %arg7, %20[4, 1] : !llvm.struct<(ptr<1>, ptr<1>, i64, array<3 x i64>, array<3 x i64>)> 
    %22 = llvm.insertvalue %arg5, %21[3, 2] : !llvm.struct<(ptr<1>, ptr<1>, i64, array<3 x i64>, array<3 x i64>)> 
    %23 = llvm.insertvalue %arg8, %22[4, 2] : !llvm.struct<(ptr<1>, ptr<1>, i64, array<3 x i64>, array<3 x i64>)> 
    %24 = llvm.mlir.constant(3 : i32) : i32
    %25 = llvm.mlir.undef : !llvm.struct<(ptr, ptr, i64)>
    %26 = llvm.mlir.constant(1 : i64) : i64
    %27 = llvm.mlir.undef : !llvm.array<2 x i64>
    %28 = llvm.mlir.constant(0 : i64) : i64
    %29 = llvm.mlir.undef : !llvm.struct<(ptr, ptr, i64, array<2 x i64>, array<2 x i64>)>
    %30 = llvm.mlir.constant(1 : i32) : i32
    %31 = llvm.mlir.constant(1024 : i64) : i64
    %32 = llvm.mlir.constant(8 : i64) : i64
    %33 = llvm.mlir.constant(4 : i64) : i64
    %34 = llvm.mlir.constant(1 : index) : i64
    %35 = llvm.mlir.constant(0xFF800000 : f32) : f32
    %36 = llvm.mlir.constant(0.000000e+00 : f32) : f32
    %37 = llvm.mlir.constant(-3.40282347E+38 : f32) : f32
    %38 = llvm.mlir.constant(128 : index) : i64
    %39 = llvm.mlir.constant(8 : index) : i64
    %40 = llvm.mlir.constant(4 : index) : i64
    %41 = llvm.mlir.constant(1536 : index) : i64
    %42 = llvm.mlir.constant(0 : index) : i64
    %43 = llvm.mlir.constant(8.192000e+03 : f32) : f32
    %44 = llvm.call @mgpuStreamCreate() : () -> !llvm.ptr
    %45 = llvm.mul %33, %32 : i64
    %46 = llvm.mul %45, %31 : i64
    %47 = llvm.alloca %30 x !llvm.ptr {alignment = 8 : i64} : (i32) -> !llvm.ptr
    %48 = llvm.call @cudaMallocAsync(%47, %46, %44) : (!llvm.ptr, i64, !llvm.ptr) -> i32
    %49 = llvm.load %47 : !llvm.ptr -> !llvm.ptr
    %50 = llvm.insertvalue %49, %29[0] : !llvm.struct<(ptr, ptr, i64, array<2 x i64>, array<2 x i64>)> 
    %51 = llvm.insertvalue %49, %50[1] : !llvm.struct<(ptr, ptr, i64, array<2 x i64>, array<2 x i64>)> 
    %52 = llvm.insertvalue %28, %51[2] : !llvm.struct<(ptr, ptr, i64, array<2 x i64>, array<2 x i64>)> 
    %53 = llvm.insertvalue %32, %27[0] : !llvm.array<2 x i64> 
    %54 = llvm.insertvalue %31, %53[1] : !llvm.array<2 x i64> 
    %55 = llvm.insertvalue %54, %52[3] : !llvm.struct<(ptr, ptr, i64, array<2 x i64>, array<2 x i64>)> 
    %56 = llvm.insertvalue %26, %27[1] : !llvm.array<2 x i64> 
    %57 = llvm.mul %26, %31 : i64
    %58 = llvm.insertvalue %57, %56[0] : !llvm.array<2 x i64> 
    %59 = llvm.insertvalue %58, %55[4] : !llvm.struct<(ptr, ptr, i64, array<2 x i64>, array<2 x i64>)> 
    %60 = llvm.extractvalue %59[0] : !llvm.struct<(ptr, ptr, i64, array<2 x i64>, array<2 x i64>)> 
    %61 = llvm.extractvalue %59[1] : !llvm.struct<(ptr, ptr, i64, array<2 x i64>, array<2 x i64>)> 
    %62 = llvm.extractvalue %59[2] : !llvm.struct<(ptr, ptr, i64, array<2 x i64>, array<2 x i64>)> 
    %63 = llvm.extractvalue %59[3, 0] : !llvm.struct<(ptr, ptr, i64, array<2 x i64>, array<2 x i64>)> 
    %64 = llvm.extractvalue %59[3, 1] : !llvm.struct<(ptr, ptr, i64, array<2 x i64>, array<2 x i64>)> 
    %65 = llvm.extractvalue %59[4, 0] : !llvm.struct<(ptr, ptr, i64, array<2 x i64>, array<2 x i64>)> 
    %66 = llvm.extractvalue %59[4, 1] : !llvm.struct<(ptr, ptr, i64, array<2 x i64>, array<2 x i64>)> 
    %67 = llvm.extractvalue %23[0] : !llvm.struct<(ptr<1>, ptr<1>, i64, array<3 x i64>, array<3 x i64>)> 
    %68 = llvm.extractvalue %23[1] : !llvm.struct<(ptr<1>, ptr<1>, i64, array<3 x i64>, array<3 x i64>)> 
    %69 = llvm.extractvalue %23[2] : !llvm.struct<(ptr<1>, ptr<1>, i64, array<3 x i64>, array<3 x i64>)> 
    %70 = llvm.extractvalue %23[3, 0] : !llvm.struct<(ptr<1>, ptr<1>, i64, array<3 x i64>, array<3 x i64>)> 
    %71 = llvm.extractvalue %23[3, 1] : !llvm.struct<(ptr<1>, ptr<1>, i64, array<3 x i64>, array<3 x i64>)> 
    %72 = llvm.extractvalue %23[3, 2] : !llvm.struct<(ptr<1>, ptr<1>, i64, array<3 x i64>, array<3 x i64>)> 
    %73 = llvm.extractvalue %23[4, 0] : !llvm.struct<(ptr<1>, ptr<1>, i64, array<3 x i64>, array<3 x i64>)> 
    %74 = llvm.extractvalue %23[4, 1] : !llvm.struct<(ptr<1>, ptr<1>, i64, array<3 x i64>, array<3 x i64>)> 
    %75 = llvm.extractvalue %23[4, 2] : !llvm.struct<(ptr<1>, ptr<1>, i64, array<3 x i64>, array<3 x i64>)> 
    gpu.launch_func <%44 : !llvm.ptr> @main_kernel::@main_kernel blocks in (%39, %34, %34) threads in (%34, %34, %34) : i64 args(%38 : i64, %60 : !llvm.ptr, %61 : !llvm.ptr, %62 : i64, %63 : i64, %64 : i64, %65 : i64, %66 : i64, %37 : f32, %42 : i64, %34 : i64, %39 : i64, %67 : !llvm.ptr<1>, %68 : !llvm.ptr<1>, %69 : i64, %70 : i64, %71 : i64, %72 : i64, %73 : i64, %74 : i64, %75 : i64, %40 : i64, %41 : i64, %36 : f32)
    %76 = llvm.alloca %30 x !llvm.ptr {alignment = 8 : i64} : (i32) -> !llvm.ptr
    %77 = llvm.call @cudaMallocAsync(%76, %33, %44) : (!llvm.ptr, i64, !llvm.ptr) -> i32
    %78 = llvm.load %76 : !llvm.ptr -> !llvm.ptr
    %79 = llvm.insertvalue %78, %25[0] : !llvm.struct<(ptr, ptr, i64)> 
    %80 = llvm.insertvalue %78, %79[1] : !llvm.struct<(ptr, ptr, i64)> 
    %81 = llvm.insertvalue %28, %80[2] : !llvm.struct<(ptr, ptr, i64)> 
    %82 = builtin.unrealized_conversion_cast %81 : !llvm.struct<(ptr, ptr, i64)> to memref<f32>
    %83 = llvm.alloca %30 x !llvm.ptr {alignment = 8 : i64} : (i32) -> !llvm.ptr
    %84 = llvm.call @cudaMallocAsync(%83, %33, %44) : (!llvm.ptr, i64, !llvm.ptr) -> i32
    %85 = llvm.load %83 : !llvm.ptr -> !llvm.ptr
    %86 = llvm.insertvalue %85, %25[0] : !llvm.struct<(ptr, ptr, i64)> 
    %87 = llvm.insertvalue %85, %86[1] : !llvm.struct<(ptr, ptr, i64)> 
    %88 = llvm.insertvalue %28, %87[2] : !llvm.struct<(ptr, ptr, i64)> 
    llvm.call @mgpuStreamSynchronize(%44) : (!llvm.ptr) -> ()
    llvm.call @mgpuStreamDestroy(%44) : (!llvm.ptr) -> ()
    %89 = llvm.extractvalue %88[1] : !llvm.struct<(ptr, ptr, i64)> 
    llvm.store %36, %89 : f32, !llvm.ptr
    %90 = llvm.call @mgpuStreamCreate() : () -> !llvm.ptr
    %91 = llvm.extractvalue %23[0] : !llvm.struct<(ptr<1>, ptr<1>, i64, array<3 x i64>, array<3 x i64>)> 
    %92 = llvm.extractvalue %23[1] : !llvm.struct<(ptr<1>, ptr<1>, i64, array<3 x i64>, array<3 x i64>)> 
    %93 = llvm.extractvalue %23[2] : !llvm.struct<(ptr<1>, ptr<1>, i64, array<3 x i64>, array<3 x i64>)> 
    %94 = llvm.extractvalue %23[3, 0] : !llvm.struct<(ptr<1>, ptr<1>, i64, array<3 x i64>, array<3 x i64>)> 
    %95 = llvm.extractvalue %23[3, 1] : !llvm.struct<(ptr<1>, ptr<1>, i64, array<3 x i64>, array<3 x i64>)> 
    %96 = llvm.extractvalue %23[3, 2] : !llvm.struct<(ptr<1>, ptr<1>, i64, array<3 x i64>, array<3 x i64>)> 
    %97 = llvm.extractvalue %23[4, 0] : !llvm.struct<(ptr<1>, ptr<1>, i64, array<3 x i64>, array<3 x i64>)> 
    %98 = llvm.extractvalue %23[4, 1] : !llvm.struct<(ptr<1>, ptr<1>, i64, array<3 x i64>, array<3 x i64>)> 
    %99 = llvm.extractvalue %23[4, 2] : !llvm.struct<(ptr<1>, ptr<1>, i64, array<3 x i64>, array<3 x i64>)> 
    %100 = llvm.extractvalue %88[0] : !llvm.struct<(ptr, ptr, i64)> 
    %101 = llvm.extractvalue %88[1] : !llvm.struct<(ptr, ptr, i64)> 
    %102 = llvm.extractvalue %88[2] : !llvm.struct<(ptr, ptr, i64)> 
    %103 = llvm.extractvalue %59[0] : !llvm.struct<(ptr, ptr, i64, array<2 x i64>, array<2 x i64>)> 
    %104 = llvm.extractvalue %59[1] : !llvm.struct<(ptr, ptr, i64, array<2 x i64>, array<2 x i64>)> 
    %105 = llvm.extractvalue %59[2] : !llvm.struct<(ptr, ptr, i64, array<2 x i64>, array<2 x i64>)> 
    %106 = llvm.extractvalue %59[3, 0] : !llvm.struct<(ptr, ptr, i64, array<2 x i64>, array<2 x i64>)> 
    %107 = llvm.extractvalue %59[3, 1] : !llvm.struct<(ptr, ptr, i64, array<2 x i64>, array<2 x i64>)> 
    %108 = llvm.extractvalue %59[4, 0] : !llvm.struct<(ptr, ptr, i64, array<2 x i64>, array<2 x i64>)> 
    %109 = llvm.extractvalue %59[4, 1] : !llvm.struct<(ptr, ptr, i64, array<2 x i64>, array<2 x i64>)> 
    %110 = llvm.extractvalue %13[0] : !llvm.struct<(ptr<1>, ptr<1>, i64, array<2 x i64>, array<2 x i64>)> 
    %111 = llvm.extractvalue %13[1] : !llvm.struct<(ptr<1>, ptr<1>, i64, array<2 x i64>, array<2 x i64>)> 
    %112 = llvm.extractvalue %13[2] : !llvm.struct<(ptr<1>, ptr<1>, i64, array<2 x i64>, array<2 x i64>)> 
    %113 = llvm.extractvalue %13[3, 0] : !llvm.struct<(ptr<1>, ptr<1>, i64, array<2 x i64>, array<2 x i64>)> 
    %114 = llvm.extractvalue %13[3, 1] : !llvm.struct<(ptr<1>, ptr<1>, i64, array<2 x i64>, array<2 x i64>)> 
    %115 = llvm.extractvalue %13[4, 0] : !llvm.struct<(ptr<1>, ptr<1>, i64, array<2 x i64>, array<2 x i64>)> 
    %116 = llvm.extractvalue %13[4, 1] : !llvm.struct<(ptr<1>, ptr<1>, i64, array<2 x i64>, array<2 x i64>)> 
    %117 = llvm.extractvalue %81[0] : !llvm.struct<(ptr, ptr, i64)> 
    %118 = llvm.extractvalue %81[1] : !llvm.struct<(ptr, ptr, i64)> 
    %119 = llvm.extractvalue %81[2] : !llvm.struct<(ptr, ptr, i64)> 
    gpu.launch_func <%90 : !llvm.ptr> @main_kernel_0::@main_kernel blocks in (%39, %34, %34) threads in (%34, %34, %34) : i64 args(%38 : i64, %35 : f32, %42 : i64, %34 : i64, %39 : i64, %91 : !llvm.ptr<1>, %92 : !llvm.ptr<1>, %93 : i64, %94 : i64, %95 : i64, %96 : i64, %97 : i64, %98 : i64, %99 : i64, %40 : i64, %41 : i64, %100 : !llvm.ptr, %101 : !llvm.ptr, %102 : i64, %103 : !llvm.ptr, %104 : !llvm.ptr, %105 : i64, %106 : i64, %107 : i64, %108 : i64, %109 : i64, %110 : !llvm.ptr<1>, %111 : !llvm.ptr<1>, %112 : i64, %113 : i64, %114 : i64, %115 : i64, %116 : i64, %43 : f32, %117 : !llvm.ptr, %118 : !llvm.ptr, %119 : i64)
    %expand_shape = memref.expand_shape %82 [] output_shape [1] : memref<f32> into memref<1xf32>
    %120 = llvm.extractvalue %5[1] : !llvm.struct<(ptr<1>, ptr<1>, i64, array<1 x i64>, array<1 x i64>)> 
    %121 = llvm.addrspacecast %120 : !llvm.ptr<1> to !llvm.ptr
    %122 = builtin.unrealized_conversion_cast %expand_shape : memref<1xf32> to !llvm.struct<(ptr, ptr, i64, array<1 x i64>, array<1 x i64>)>
    %123 = llvm.extractvalue %122[1] : !llvm.struct<(ptr, ptr, i64, array<1 x i64>, array<1 x i64>)> 
    %124 = llvm.mul %33, %26 : i64
    %125 = llvm.call @cudaMemcpyAsync(%121, %123, %124, %24, %90) : (!llvm.ptr, !llvm.ptr, i64, i32, !llvm.ptr) -> i32
    %126 = llvm.call @cudaFreeAsync(%49, %90) : (!llvm.ptr, !llvm.ptr) -> i32
    %127 = llvm.call @cudaFreeAsync(%78, %90) : (!llvm.ptr, !llvm.ptr) -> i32
    %128 = llvm.call @cudaFreeAsync(%85, %90) : (!llvm.ptr, !llvm.ptr) -> i32
    llvm.call @mgpuStreamSynchronize(%90) : (!llvm.ptr) -> ()
    llvm.call @mgpuStreamDestroy(%90) : (!llvm.ptr) -> ()
    llvm.return
  }
  llvm.func @_mlir_ciface_main(%arg0: !llvm.ptr, %arg1: !llvm.ptr, %arg2: !llvm.ptr {bufferization.writable = true}) attributes {llvm.emit_c_interface} {
    %0 = llvm.load %arg0 : !llvm.ptr -> !llvm.struct<(ptr<1>, ptr<1>, i64, array<3 x i64>, array<3 x i64>)>
    %1 = llvm.extractvalue %0[0] : !llvm.struct<(ptr<1>, ptr<1>, i64, array<3 x i64>, array<3 x i64>)> 
    %2 = llvm.extractvalue %0[1] : !llvm.struct<(ptr<1>, ptr<1>, i64, array<3 x i64>, array<3 x i64>)> 
    %3 = llvm.extractvalue %0[2] : !llvm.struct<(ptr<1>, ptr<1>, i64, array<3 x i64>, array<3 x i64>)> 
    %4 = llvm.extractvalue %0[3, 0] : !llvm.struct<(ptr<1>, ptr<1>, i64, array<3 x i64>, array<3 x i64>)> 
    %5 = llvm.extractvalue %0[3, 1] : !llvm.struct<(ptr<1>, ptr<1>, i64, array<3 x i64>, array<3 x i64>)> 
    %6 = llvm.extractvalue %0[3, 2] : !llvm.struct<(ptr<1>, ptr<1>, i64, array<3 x i64>, array<3 x i64>)> 
    %7 = llvm.extractvalue %0[4, 0] : !llvm.struct<(ptr<1>, ptr<1>, i64, array<3 x i64>, array<3 x i64>)> 
    %8 = llvm.extractvalue %0[4, 1] : !llvm.struct<(ptr<1>, ptr<1>, i64, array<3 x i64>, array<3 x i64>)> 
    %9 = llvm.extractvalue %0[4, 2] : !llvm.struct<(ptr<1>, ptr<1>, i64, array<3 x i64>, array<3 x i64>)> 
    %10 = llvm.load %arg1 : !llvm.ptr -> !llvm.struct<(ptr<1>, ptr<1>, i64, array<2 x i64>, array<2 x i64>)>
    %11 = llvm.extractvalue %10[0] : !llvm.struct<(ptr<1>, ptr<1>, i64, array<2 x i64>, array<2 x i64>)> 
    %12 = llvm.extractvalue %10[1] : !llvm.struct<(ptr<1>, ptr<1>, i64, array<2 x i64>, array<2 x i64>)> 
    %13 = llvm.extractvalue %10[2] : !llvm.struct<(ptr<1>, ptr<1>, i64, array<2 x i64>, array<2 x i64>)> 
    %14 = llvm.extractvalue %10[3, 0] : !llvm.struct<(ptr<1>, ptr<1>, i64, array<2 x i64>, array<2 x i64>)> 
    %15 = llvm.extractvalue %10[3, 1] : !llvm.struct<(ptr<1>, ptr<1>, i64, array<2 x i64>, array<2 x i64>)> 
    %16 = llvm.extractvalue %10[4, 0] : !llvm.struct<(ptr<1>, ptr<1>, i64, array<2 x i64>, array<2 x i64>)> 
    %17 = llvm.extractvalue %10[4, 1] : !llvm.struct<(ptr<1>, ptr<1>, i64, array<2 x i64>, array<2 x i64>)> 
    %18 = llvm.load %arg2 : !llvm.ptr -> !llvm.struct<(ptr<1>, ptr<1>, i64, array<1 x i64>, array<1 x i64>)>
    %19 = llvm.extractvalue %18[0] : !llvm.struct<(ptr<1>, ptr<1>, i64, array<1 x i64>, array<1 x i64>)> 
    %20 = llvm.extractvalue %18[1] : !llvm.struct<(ptr<1>, ptr<1>, i64, array<1 x i64>, array<1 x i64>)> 
    %21 = llvm.extractvalue %18[2] : !llvm.struct<(ptr<1>, ptr<1>, i64, array<1 x i64>, array<1 x i64>)> 
    %22 = llvm.extractvalue %18[3, 0] : !llvm.struct<(ptr<1>, ptr<1>, i64, array<1 x i64>, array<1 x i64>)> 
    %23 = llvm.extractvalue %18[4, 0] : !llvm.struct<(ptr<1>, ptr<1>, i64, array<1 x i64>, array<1 x i64>)> 
    llvm.call @main(%1, %2, %3, %4, %5, %6, %7, %8, %9, %11, %12, %13, %14, %15, %16, %17, %19, %20, %21, %22, %23) : (!llvm.ptr<1>, !llvm.ptr<1>, i64, i64, i64, i64, i64, i64, i64, !llvm.ptr<1>, !llvm.ptr<1>, i64, i64, i64, i64, i64, !llvm.ptr<1>, !llvm.ptr<1>, i64, i64, i64) -> ()
    llvm.return
  }
  gpu.binary @main_kernel  [#gpu.object<#nvvm.target<O = 3, chip = "sm_86", features = "+ptx76", flags = {fast, ftz}>, properties = {LLVMIRToISATimeInMs = 4 : i64, O = 3 : i32}, assembly = "//\0A// Generated by LLVM NVPTX Back-End\0A//\0A\0A.version 7.6\0A.target sm_86\0A.address_size 64\0A\0A\09// .globl\09main_kernel\0A\0A.visible .entry main_kernel(\0A\09.param .u64 main_kernel_param_0,\0A\09.param .u64 .ptr .align 1 main_kernel_param_1,\0A\09.param .u64 .ptr .align 1 main_kernel_param_2,\0A\09.param .u64 main_kernel_param_3,\0A\09.param .u64 main_kernel_param_4,\0A\09.param .u64 main_kernel_param_5,\0A\09.param .u64 main_kernel_param_6,\0A\09.param .u64 main_kernel_param_7,\0A\09.param .f32 main_kernel_param_8,\0A\09.param .u64 main_kernel_param_9,\0A\09.param .u64 main_kernel_param_10,\0A\09.param .u64 main_kernel_param_11,\0A\09.param .u64 .ptr .global .align 1 main_kernel_param_12,\0A\09.param .u64 .ptr .global .align 1 main_kernel_param_13,\0A\09.param .u64 main_kernel_param_14,\0A\09.param .u64 main_kernel_param_15,\0A\09.param .u64 main_kernel_param_16,\0A\09.param .u64 main_kernel_param_17,\0A\09.param .u64 main_kernel_param_18,\0A\09.param .u64 main_kernel_param_19,\0A\09.param .u64 main_kernel_param_20,\0A\09.param .u64 main_kernel_param_21,\0A\09.param .u64 main_kernel_param_22,\0A\09.param .f32 main_kernel_param_23\0A)\0A.maxntid 1, 1, 1\0A{\0A\09.local .align 4 .b8 \09__local_depot0[4096];\0A\09.reg .b64 \09%SP;\0A\09.reg .b64 \09%SPL;\0A\09.reg .pred \09%p<29>;\0A\09.reg .b32 \09%r<28>;\0A\09.reg .b64 \09%rd<129>;\0A\0A\09mov.b64 \09%SPL, __local_depot0;\0A\09ld.param.b64 \09%rd80, [main_kernel_param_22];\0A\09ld.param.b64 \09%rd79, [main_kernel_param_21];\0A\09ld.param.b64 \09%rd77, [main_kernel_param_11];\0A\09ld.param.b64 \09%rd76, [main_kernel_param_10];\0A\09ld.param.b64 \09%rd75, [main_kernel_param_9];\0A\09ld.param.b64 \09%rd74, [main_kernel_param_0];\0A\09ld.param.b64 \09%rd81, [main_kernel_param_2];\0A\09cvta.to.global.u64 \09%rd1, %rd81;\0A\09mov.u32 \09%r10, %ctaid.x;\0A\09cvt.u64.u32 \09%rd82, %r10;\0A\09add.u64 \09%rd3, %SPL, 0;\0A\09setp.ge.s64 \09%p1, %rd75, %rd77;\0A\09shl.b64 \09%rd104, %rd76, 2;\0A\09setp.ge.s64 \09%p28, %rd75, %rd74;\0A\09@%p1 bra \09$L__BB0_5;\0A\09ld.param.b32 \09%r8, [main_kernel_param_8];\0A\09mad.lo.s64 \09%rd105, %rd75, 516, %rd3;\0A\09shl.b64 \09%rd5, %rd76, 9;\0A\09mov.b64 \09%rd106, %rd75;\0A\09bra.uni \09$L__BB0_2;\0A$L__BB0_4:\0A\09add.s64 \09%rd106, %rd106, %rd76;\0A\09add.s64 \09%rd105, %rd105, %rd5;\0A\09setp.lt.s64 \09%p4, %rd106, %rd77;\0A\09@%p4 bra \09$L__BB0_2;\0A\09bra.uni \09$L__BB0_5;\0A$L__BB0_2:\0A\09mov.b64 \09%rd107, %rd105;\0A\09mov.b64 \09%rd108, %rd75;\0A\09@%p28 bra \09$L__BB0_4;\0A$L__BB0_3:\0A\09st.local.b32 \09[%rd107], %r8;\0A\09add.s64 \09%rd108, %rd108, %rd76;\0A\09add.s64 \09%rd107, %rd107, %rd104;\0A\09setp.lt.s64 \09%p3, %rd108, %rd74;\0A\09@%p3 bra \09$L__BB0_3;\0A\09bra.uni \09$L__BB0_4;\0A$L__BB0_5:\0A\09ld.param.b64 \09%rd78, [main_kernel_param_13];\0A\09mul.lo.s64 \09%rd2, %rd74, %rd82;\0A\09setp.ge.s64 \09%p5, %rd75, %rd80;\0A\09mul.lo.s64 \09%rd99, %rd75, 6297608;\0A\09shl.b64 \09%rd100, %rd79, 2;\0A\09mul.lo.s64 \09%rd101, %rd76, 6291456;\0A\09mul.lo.s64 \09%rd102, %rd76, 6144;\0A\09setp.ge.s64 \09%p27, %rd75, %rd79;\0A\09@%p5 bra \09$L__BB0_17;\0A\09mad.lo.s64 \09%rd85, %rd2, 6144, %rd99;\0A\09add.s64 \09%rd109, %rd78, %rd85;\0A\09mov.b64 \09%rd110, %rd75;\0A\09bra.uni \09$L__BB0_7;\0A$L__BB0_16:\0A\09add.s64 \09%rd110, %rd110, %rd79;\0A\09add.s64 \09%rd109, %rd109, %rd100;\0A\09setp.lt.s64 \09%p12, %rd110, %rd80;\0A\09@%p12 bra \09$L__BB0_7;\0A\09bra.uni \09$L__BB0_17;\0A$L__BB0_7:\0A\09mov.b64 \09%rd111, %rd109;\0A\09mov.b64 \09%rd112, %rd75;\0A\09@%p1 bra \09$L__BB0_16;\0A\09bra.uni \09$L__BB0_8;\0A$L__BB0_15:\0A\09add.s64 \09%rd112, %rd112, %rd76;\0A\09add.s64 \09%rd111, %rd111, %rd101;\0A\09setp.lt.s64 \09%p11, %rd112, %rd77;\0A\09@%p11 bra \09$L__BB0_8;\0A\09bra.uni \09$L__BB0_16;\0A$L__BB0_8:\0A\09@%p28 bra \09$L__BB0_15;\0A\09shl.b64 \09%rd86, %rd112, 9;\0A\09add.s64 \09%rd27, %rd3, %rd86;\0A\09mov.b64 \09%rd113, %rd111;\0A\09mov.b64 \09%rd114, %rd75;\0A\09bra.uni \09$L__BB0_10;\0A$L__BB0_14:\0A\09add.s64 \09%rd114, %rd114, %rd76;\0A\09add.s64 \09%rd113, %rd113, %rd102;\0A\09setp.lt.s64 \09%p10, %rd114, %rd74;\0A\09@%p10 bra \09$L__BB0_10;\0A\09bra.uni \09$L__BB0_15;\0A$L__BB0_10:\0A\09@%p27 bra \09$L__BB0_14;\0A\09shl.b64 \09%rd87, %rd114, 2;\0A\09add.s64 \09%rd30, %rd27, %rd87;\0A\09ld.local.b32 \09%r26, [%rd30];\0A\09mov.b64 \09%rd115, %rd113;\0A\09mov.b64 \09%rd116, %rd75;\0A$L__BB0_12:\0A\09ld.global.b32 \09%r11, [%rd115];\0A\09max.NaN.f32 \09%r26, %r11, %r26;\0A\09add.s64 \09%rd116, %rd116, %rd76;\0A\09add.s64 \09%rd115, %rd115, %rd104;\0A\09setp.lt.s64 \09%p9, %rd116, %rd79;\0A\09@%p9 bra \09$L__BB0_12;\0A\09st.local.b32 \09[%rd30], %r26;\0A\09bra.uni \09$L__BB0_14;\0A$L__BB0_17:\0A\09shl.b64 \09%rd97, %rd2, 2;\0A\09@%p1 bra \09$L__BB0_22;\0A\09ld.param.b32 \09%r9, [main_kernel_param_23];\0A\09mad.lo.s64 \09%rd89, %rd75, 4100, %rd97;\0A\09add.s64 \09%rd117, %rd1, %rd89;\0A\09shl.b64 \09%rd23, %rd76, 12;\0A\09mov.b64 \09%rd118, %rd75;\0A\09bra.uni \09$L__BB0_19;\0A$L__BB0_21:\0A\09add.s64 \09%rd118, %rd118, %rd76;\0A\09add.s64 \09%rd117, %rd117, %rd23;\0A\09setp.lt.s64 \09%p16, %rd118, %rd77;\0A\09@%p16 bra \09$L__BB0_19;\0A\09bra.uni \09$L__BB0_22;\0A$L__BB0_19:\0A\09mov.b64 \09%rd119, %rd117;\0A\09mov.b64 \09%rd120, %rd75;\0A\09@%p28 bra \09$L__BB0_21;\0A$L__BB0_20:\0A\09st.global.b32 \09[%rd119], %r9;\0A\09add.s64 \09%rd120, %rd120, %rd76;\0A\09add.s64 \09%rd119, %rd119, %rd104;\0A\09setp.lt.s64 \09%p15, %rd120, %rd74;\0A\09@%p15 bra \09$L__BB0_20;\0A\09bra.uni \09$L__BB0_21;\0A$L__BB0_22:\0A\09@%p5 bra \09$L__BB0_34;\0A\09add.s64 \09%rd43, %rd1, %rd97;\0A\09mad.lo.s64 \09%rd92, %rd2, 6144, %rd99;\0A\09add.s64 \09%rd121, %rd78, %rd92;\0A\09mov.b64 \09%rd122, %rd75;\0A\09bra.uni \09$L__BB0_24;\0A$L__BB0_33:\0A\09add.s64 \09%rd122, %rd122, %rd79;\0A\09add.s64 \09%rd121, %rd121, %rd100;\0A\09setp.lt.s64 \09%p24, %rd122, %rd80;\0A\09@%p24 bra \09$L__BB0_24;\0A\09bra.uni \09$L__BB0_34;\0A$L__BB0_24:\0A\09@%p1 bra \09$L__BB0_33;\0A\09mov.b64 \09%rd123, %rd121;\0A\09mov.b64 \09%rd124, %rd75;\0A\09bra.uni \09$L__BB0_26;\0A$L__BB0_32:\0A\09add.s64 \09%rd124, %rd124, %rd76;\0A\09add.s64 \09%rd123, %rd123, %rd101;\0A\09setp.lt.s64 \09%p23, %rd124, %rd77;\0A\09@%p23 bra \09$L__BB0_26;\0A\09bra.uni \09$L__BB0_33;\0A$L__BB0_26:\0A\09@%p28 bra \09$L__BB0_32;\0A\09shl.b64 \09%rd93, %rd124, 9;\0A\09add.s64 \09%rd59, %rd3, %rd93;\0A\09shl.b64 \09%rd94, %rd124, 12;\0A\09add.s64 \09%rd60, %rd43, %rd94;\0A\09mov.b64 \09%rd125, %rd123;\0A\09mov.b64 \09%rd126, %rd75;\0A\09bra.uni \09$L__BB0_28;\0A$L__BB0_31:\0A\09add.s64 \09%rd126, %rd126, %rd76;\0A\09add.s64 \09%rd125, %rd125, %rd102;\0A\09setp.lt.s64 \09%p22, %rd126, %rd74;\0A\09@%p22 bra \09$L__BB0_28;\0A\09bra.uni \09$L__BB0_32;\0A$L__BB0_28:\0A\09@%p27 bra \09$L__BB0_31;\0A\09shl.b64 \09%rd95, %rd126, 2;\0A\09add.s64 \09%rd96, %rd59, %rd95;\0A\09ld.local.b32 \09%r4, [%rd96];\0A\09add.s64 \09%rd63, %rd60, %rd95;\0A\09ld.global.b32 \09%r27, [%rd63];\0A\09mov.b64 \09%rd127, %rd125;\0A\09mov.b64 \09%rd128, %rd75;\0A$L__BB0_30:\0A\09ld.global.b32 \09%r12, [%rd127];\0A\09sub.rn.f32 \09%r13, %r12, %r4;\0A\09fma.rn.f32 \09%r14, %r13, 0f3BBB989D, 0f3F000000;\0A\09cvt.sat.f32.f32 \09%r15, %r14;\0A\09mov.b32 \09%r16, 0f4B400001;\0A\09mov.b32 \09%r17, 0f437C0000;\0A\09fma.rm.f32 \09%r18, %r15, %r17, %r16;\0A\09add.rn.f32 \09%r19, %r18, 0fCB40007F;\0A\09neg.f32 \09%r20, %r19;\0A\09fma.rn.f32 \09%r21, %r13, 0f3FB8AA3B, %r20;\0A\09fma.rn.f32 \09%r22, %r13, 0f32A57060, %r21;\0A\09shl.b32 \09%r23, %r18, 23;\0A\09ex2.approx.ftz.f32 \09%r24, %r22;\0A\09mul.rn.f32 \09%r25, %r24, %r23;\0A\09add.rn.f32 \09%r27, %r27, %r25;\0A\09st.global.b32 \09[%rd63], %r27;\0A\09add.s64 \09%rd128, %rd128, %rd76;\0A\09add.s64 \09%rd127, %rd127, %rd104;\0A\09setp.lt.s64 \09%p21, %rd128, %rd79;\0A\09@%p21 bra \09$L__BB0_30;\0A\09bra.uni \09$L__BB0_31;\0A$L__BB0_34:\0A\09ret;\0A\0A}\0A">]
  gpu.binary @main_kernel_0  [#gpu.object<#nvvm.target<O = 3, chip = "sm_86", features = "+ptx76", flags = {fast, ftz}>, properties = {LLVMIRToISATimeInMs = 3 : i64, O = 3 : i32}, assembly = "//\0A// Generated by LLVM NVPTX Back-End\0A//\0A\0A.version 7.6\0A.target sm_86\0A.address_size 64\0A\0A\09// .globl\09main_kernel\0A\0A.visible .entry main_kernel(\0A\09.param .u64 main_kernel_param_0,\0A\09.param .f32 main_kernel_param_1,\0A\09.param .u64 main_kernel_param_2,\0A\09.param .u64 main_kernel_param_3,\0A\09.param .u64 main_kernel_param_4,\0A\09.param .u64 .ptr .global .align 1 main_kernel_param_5,\0A\09.param .u64 .ptr .global .align 1 main_kernel_param_6,\0A\09.param .u64 main_kernel_param_7,\0A\09.param .u64 main_kernel_param_8,\0A\09.param .u64 main_kernel_param_9,\0A\09.param .u64 main_kernel_param_10,\0A\09.param .u64 main_kernel_param_11,\0A\09.param .u64 main_kernel_param_12,\0A\09.param .u64 main_kernel_param_13,\0A\09.param .u64 main_kernel_param_14,\0A\09.param .u64 main_kernel_param_15,\0A\09.param .u64 .ptr .align 1 main_kernel_param_16,\0A\09.param .u64 .ptr .align 1 main_kernel_param_17,\0A\09.param .u64 main_kernel_param_18,\0A\09.param .u64 .ptr .align 1 main_kernel_param_19,\0A\09.param .u64 .ptr .align 1 main_kernel_param_20,\0A\09.param .u64 main_kernel_param_21,\0A\09.param .u64 main_kernel_param_22,\0A\09.param .u64 main_kernel_param_23,\0A\09.param .u64 main_kernel_param_24,\0A\09.param .u64 main_kernel_param_25,\0A\09.param .u64 .ptr .global .align 1 main_kernel_param_26,\0A\09.param .u64 .ptr .global .align 1 main_kernel_param_27,\0A\09.param .u64 main_kernel_param_28,\0A\09.param .u64 main_kernel_param_29,\0A\09.param .u64 main_kernel_param_30,\0A\09.param .u64 main_kernel_param_31,\0A\09.param .u64 main_kernel_param_32,\0A\09.param .f32 main_kernel_param_33,\0A\09.param .u64 .ptr .align 1 main_kernel_param_34,\0A\09.param .u64 .ptr .align 1 main_kernel_param_35,\0A\09.param .u64 main_kernel_param_36\0A)\0A.maxntid 1, 1, 1\0A{\0A\09.local .align 4 .b8 \09__local_depot0[4096];\0A\09.reg .b64 \09%SP;\0A\09.reg .b64 \09%SPL;\0A\09.reg .pred \09%p<26>;\0A\09.reg .b32 \09%r<55>;\0A\09.reg .b64 \09%rd<153>;\0A\0A\09mov.b64 \09%SPL, __local_depot0;\0A\09ld.param.b64 \09%rd96, [main_kernel_param_15];\0A\09ld.param.b64 \09%rd95, [main_kernel_param_14];\0A\09ld.param.b64 \09%rd93, [main_kernel_param_4];\0A\09ld.param.b64 \09%rd92, [main_kernel_param_3];\0A\09ld.param.b64 \09%rd91, [main_kernel_param_2];\0A\09ld.param.b64 \09%rd90, [main_kernel_param_0];\0A\09ld.param.b64 \09%rd98, [main_kernel_param_17];\0A\09cvta.to.global.u64 \09%rd1, %rd98;\0A\09ld.param.b64 \09%rd99, [main_kernel_param_20];\0A\09cvta.to.global.u64 \09%rd2, %rd99;\0A\09ld.param.b64 \09%rd100, [main_kernel_param_35];\0A\09cvta.to.global.u64 \09%rd3, %rd100;\0A\09mov.u32 \09%r15, %ctaid.x;\0A\09cvt.u64.u32 \09%rd101, %r15;\0A\09add.u64 \09%rd5, %SPL, 0;\0A\09setp.ge.s64 \09%p1, %rd91, %rd93;\0A\09shl.b64 \09%rd121, %rd92, 9;\0A\09shl.b64 \09%rd122, %rd92, 2;\0A\09setp.ge.s64 \09%p25, %rd91, %rd90;\0A\09@%p1 bra \09$L__BB0_5;\0A\09ld.param.b32 \09%r13, [main_kernel_param_1];\0A\09mad.lo.s64 \09%rd123, %rd91, 516, %rd5;\0A\09mov.b64 \09%rd124, %rd91;\0A\09bra.uni \09$L__BB0_2;\0A$L__BB0_4:\0A\09add.s64 \09%rd124, %rd124, %rd92;\0A\09add.s64 \09%rd123, %rd123, %rd121;\0A\09setp.lt.s64 \09%p4, %rd124, %rd93;\0A\09@%p4 bra \09$L__BB0_2;\0A\09bra.uni \09$L__BB0_5;\0A$L__BB0_2:\0A\09mov.b64 \09%rd125, %rd123;\0A\09mov.b64 \09%rd126, %rd91;\0A\09@%p25 bra \09$L__BB0_4;\0A$L__BB0_3:\0A\09st.local.b32 \09[%rd125], %r13;\0A\09add.s64 \09%rd126, %rd126, %rd92;\0A\09add.s64 \09%rd125, %rd125, %rd122;\0A\09setp.lt.s64 \09%p3, %rd126, %rd90;\0A\09@%p3 bra \09$L__BB0_3;\0A\09bra.uni \09$L__BB0_4;\0A$L__BB0_5:\0A\09ld.param.b64 \09%rd94, [main_kernel_param_6];\0A\09mul.lo.s64 \09%rd4, %rd90, %rd101;\0A\09setp.ge.s64 \09%p5, %rd91, %rd96;\0A\09shl.b64 \09%rd117, %rd95, 2;\0A\09mul.lo.s64 \09%rd118, %rd92, 6291456;\0A\09mul.lo.s64 \09%rd119, %rd92, 6144;\0A\09setp.ge.s64 \09%p24, %rd91, %rd95;\0A\09@%p5 bra \09$L__BB0_18;\0A\09mul.lo.s64 \09%rd103, %rd91, 6297608;\0A\09mad.lo.s64 \09%rd104, %rd4, 6144, %rd103;\0A\09add.s64 \09%rd127, %rd94, %rd104;\0A\09mov.b64 \09%rd128, %rd91;\0A\09bra.uni \09$L__BB0_7;\0A$L__BB0_17:\0A\09add.s64 \09%rd128, %rd128, %rd95;\0A\09add.s64 \09%rd127, %rd127, %rd117;\0A\09setp.lt.s64 \09%p12, %rd128, %rd96;\0A\09@%p12 bra \09$L__BB0_7;\0A\09bra.uni \09$L__BB0_18;\0A$L__BB0_7:\0A\09@%p1 bra \09$L__BB0_17;\0A\09mov.b64 \09%rd129, %rd127;\0A\09mov.b64 \09%rd130, %rd91;\0A\09bra.uni \09$L__BB0_9;\0A$L__BB0_16:\0A\09add.s64 \09%rd130, %rd130, %rd92;\0A\09add.s64 \09%rd129, %rd129, %rd118;\0A\09setp.lt.s64 \09%p11, %rd130, %rd93;\0A\09@%p11 bra \09$L__BB0_9;\0A\09bra.uni \09$L__BB0_17;\0A$L__BB0_9:\0A\09@%p25 bra \09$L__BB0_16;\0A\09shl.b64 \09%rd105, %rd130, 9;\0A\09add.s64 \09%rd26, %rd5, %rd105;\0A\09mov.b64 \09%rd131, %rd129;\0A\09mov.b64 \09%rd132, %rd91;\0A\09bra.uni \09$L__BB0_11;\0A$L__BB0_15:\0A\09add.s64 \09%rd132, %rd132, %rd92;\0A\09add.s64 \09%rd131, %rd131, %rd119;\0A\09setp.lt.s64 \09%p10, %rd132, %rd90;\0A\09@%p10 bra \09$L__BB0_11;\0A\09bra.uni \09$L__BB0_16;\0A$L__BB0_11:\0A\09@%p24 bra \09$L__BB0_15;\0A\09shl.b64 \09%rd106, %rd132, 2;\0A\09add.s64 \09%rd29, %rd26, %rd106;\0A\09ld.local.b32 \09%r47, [%rd29];\0A\09mov.b64 \09%rd133, %rd131;\0A\09mov.b64 \09%rd134, %rd91;\0A$L__BB0_13:\0A\09ld.global.b32 \09%r16, [%rd133];\0A\09max.f32 \09%r47, %r16, %r47;\0A\09add.s64 \09%rd134, %rd134, %rd92;\0A\09add.s64 \09%rd133, %rd133, %rd122;\0A\09setp.lt.s64 \09%p9, %rd134, %rd95;\0A\09@%p9 bra \09$L__BB0_13;\0A\09st.local.b32 \09[%rd29], %r47;\0A\09bra.uni \09$L__BB0_15;\0A$L__BB0_18:\0A\09ld.param.b32 \09%r14, [main_kernel_param_33];\0A\09ld.global.b32 \09%r51, [%rd1];\0A\09@%p1 bra \09$L__BB0_29;\0A\09ld.param.b64 \09%rd97, [main_kernel_param_27];\0A\09mad.lo.s64 \09%rd138, %rd91, 1032, %rd5;\0A\09shl.b64 \09%rd41, %rd95, 9;\0A\09shl.b64 \09%rd107, %rd4, 2;\0A\09mad.lo.s64 \09%rd108, %rd91, 8200, %rd107;\0A\09add.s64 \09%rd137, %rd2, %rd108;\0A\09shl.b64 \09%rd46, %rd95, 12;\0A\09shl.b64 \09%rd47, %rd92, 12;\0A\09add.s64 \09%rd136, %rd97, %rd108;\0A\09mul.lo.s64 \09%rd109, %rd91, 12595200;\0A\09mad.lo.s64 \09%rd110, %rd4, 6144, %rd109;\0A\09add.s64 \09%rd135, %rd94, %rd110;\0A\09mul.lo.s64 \09%rd50, %rd95, 6291456;\0A\09mul.lo.s64 \09%rd51, %rd95, 6144;\0A\09mov.b64 \09%rd139, %rd91;\0A\09bra.uni \09$L__BB0_20;\0A$L__BB0_28:\0A\09add.s64 \09%rd139, %rd139, %rd95;\0A\09add.s64 \09%rd138, %rd138, %rd41;\0A\09add.s64 \09%rd137, %rd137, %rd46;\0A\09add.s64 \09%rd136, %rd136, %rd46;\0A\09add.s64 \09%rd135, %rd135, %rd50;\0A\09setp.lt.s64 \09%p22, %rd139, %rd93;\0A\09@%p22 bra \09$L__BB0_20;\0A\09bra.uni \09$L__BB0_29;\0A$L__BB0_20:\0A\09@%p25 bra \09$L__BB0_28;\0A\09mov.b64 \09%rd140, %rd135;\0A\09mov.b64 \09%rd141, %rd136;\0A\09mov.b64 \09%rd142, %rd137;\0A\09mov.b64 \09%rd143, %rd138;\0A\09mov.b64 \09%rd144, %rd91;\0A\09bra.uni \09$L__BB0_22;\0A$L__BB0_27:\0A\09add.s64 \09%rd144, %rd144, %rd95;\0A\09add.s64 \09%rd143, %rd143, %rd117;\0A\09add.s64 \09%rd142, %rd142, %rd117;\0A\09add.s64 \09%rd141, %rd141, %rd117;\0A\09add.s64 \09%rd140, %rd140, %rd51;\0A\09setp.lt.s64 \09%p21, %rd144, %rd90;\0A\09@%p21 bra \09$L__BB0_22;\0A\09bra.uni \09$L__BB0_28;\0A$L__BB0_22:\0A\09@%p24 bra \09$L__BB0_27;\0A\09mov.b64 \09%rd145, %rd140;\0A\09mov.b64 \09%rd146, %rd141;\0A\09mov.b64 \09%rd147, %rd142;\0A\09mov.b64 \09%rd148, %rd143;\0A\09mov.b64 \09%rd149, %rd91;\0A$L__BB0_24:\0A\09mov.b64 \09%rd151, 0;\0A\09mov.b64 \09%rd150, %rd145;\0A\09mov.b64 \09%rd152, %rd91;\0A$L__BB0_25:\0A\09add.s64 \09%rd112, %rd147, %rd151;\0A\09ld.global.b32 \09%r17, [%rd112];\0A\09add.s64 \09%rd113, %rd148, %rd151;\0A\09ld.local.b32 \09%r18, [%rd113];\0A\09add.s64 \09%rd114, %rd146, %rd151;\0A\09ld.global.b32 \09%r19, [%rd114];\0A\09mul.wide.s32 \09%rd115, %r19, 4;\0A\09add.s64 \09%rd116, %rd150, %rd115;\0A\09ld.global.b32 \09%r20, [%rd116];\0A\09setp.lt.f32 \09%p16, %r17, 0f00800000;\0A\09mul.rn.f32 \09%r21, %r17, 0f4B000000;\0A\09selp.f32 \09%r22, %r21, %r17, %p16;\0A\09selp.f32 \09%r23, 0fC1B80000, 0f00000000, %p16;\0A\09add.s32 \09%r24, %r22, -1059760811;\0A\09and.b32 \09%r25, %r24, -8388608;\0A\09sub.s32 \09%r26, %r22, %r25;\0A\09cvt.rn.f32.s32 \09%r27, %r25;\0A\09fma.rn.f32 \09%r28, %r27, 0f34000000, %r23;\0A\09add.rn.f32 \09%r29, %r26, 0fBF800000;\0A\09fma.rn.f32 \09%r30, %r29, 0fBE055027, 0f3E1039F6;\0A\09fma.rn.f32 \09%r31, %r30, %r29, 0fBDF8CDCC;\0A\09fma.rn.f32 \09%r32, %r31, %r29, 0f3E0F2955;\0A\09fma.rn.f32 \09%r33, %r32, %r29, 0fBE2AD8B9;\0A\09fma.rn.f32 \09%r34, %r33, %r29, 0f3E4CED0B;\0A\09fma.rn.f32 \09%r35, %r34, %r29, 0fBE7FFF22;\0A\09fma.rn.f32 \09%r36, %r35, %r29, 0f3EAAAA78;\0A\09fma.rn.f32 \09%r37, %r36, %r29, 0fBF000000;\0A\09mul.rn.f32 \09%r38, %r29, %r37;\0A\09fma.rn.f32 \09%r39, %r38, %r29, %r29;\0A\09fma.rn.f32 \09%r40, %r28, 0f3F317218, %r39;\0A\09setp.gt.u32 \09%p17, %r22, 2139095039;\0A\09fma.rn.f32 \09%r41, %r22, 0f7F800000, 0f7F800000;\0A\09selp.f32 \09%r42, %r41, %r40, %p17;\0A\09setp.eq.f32 \09%p18, %r22, 0f00000000;\0A\09selp.f32 \09%r43, 0fFF800000, %r42, %p18;\0A\09add.rn.f32 \09%r44, %r18, %r43;\0A\09sub.rn.f32 \09%r45, %r44, %r20;\0A\09add.rn.f32 \09%r51, %r51, %r45;\0A\09add.s64 \09%rd152, %rd152, %rd92;\0A\09add.s64 \09%rd151, %rd151, %rd122;\0A\09add.s64 \09%rd150, %rd150, %rd119;\0A\09setp.lt.s64 \09%p19, %rd152, %rd95;\0A\09@%p19 bra \09$L__BB0_25;\0A\09add.s64 \09%rd149, %rd149, %rd92;\0A\09add.s64 \09%rd148, %rd148, %rd121;\0A\09add.s64 \09%rd147, %rd147, %rd47;\0A\09add.s64 \09%rd146, %rd146, %rd47;\0A\09add.s64 \09%rd145, %rd145, %rd118;\0A\09setp.lt.s64 \09%p20, %rd149, %rd95;\0A\09@%p20 bra \09$L__BB0_24;\0A\09bra.uni \09$L__BB0_27;\0A$L__BB0_29:\0A\09div.rn.f32 \09%r46, %r51, %r14;\0A\09st.global.b32 \09[%rd3], %r46;\0A\09ret;\0A\0A}\0A">]
  llvm.func @mgpuStreamCreate() -> !llvm.ptr
  llvm.func @mgpuStreamSynchronize(!llvm.ptr)
  llvm.func @mgpuStreamDestroy(!llvm.ptr)
}

// -----// IR Dump After SCFToControlFlowPass (convert-scf-to-cf) //----- //
module attributes {gpu.container_module} {
  llvm.func @cudaMallocAsync(!llvm.ptr, i64, !llvm.ptr) -> i32
  llvm.func @cudaMemcpyAsync(!llvm.ptr, !llvm.ptr, i64, i32, !llvm.ptr) -> i32
  llvm.func @cudaFreeAsync(!llvm.ptr, !llvm.ptr) -> i32
  llvm.func @main(%arg0: !llvm.ptr<1>, %arg1: !llvm.ptr<1>, %arg2: i64, %arg3: i64, %arg4: i64, %arg5: i64, %arg6: i64, %arg7: i64, %arg8: i64, %arg9: !llvm.ptr<1>, %arg10: !llvm.ptr<1>, %arg11: i64, %arg12: i64, %arg13: i64, %arg14: i64, %arg15: i64, %arg16: !llvm.ptr<1>, %arg17: !llvm.ptr<1>, %arg18: i64, %arg19: i64, %arg20: i64) attributes {llvm.emit_c_interface} {
    %0 = llvm.mlir.constant(8.192000e+03 : f32) : f32
    %1 = llvm.mlir.constant(0 : index) : i64
    %2 = llvm.mlir.constant(1536 : index) : i64
    %3 = llvm.mlir.constant(4 : index) : i64
    %4 = llvm.mlir.constant(8 : index) : i64
    %5 = llvm.mlir.constant(128 : index) : i64
    %6 = llvm.mlir.constant(-3.40282347E+38 : f32) : f32
    %7 = llvm.mlir.constant(0.000000e+00 : f32) : f32
    %8 = llvm.mlir.constant(0xFF800000 : f32) : f32
    %9 = llvm.mlir.constant(1 : index) : i64
    %10 = llvm.mlir.constant(4 : i64) : i64
    %11 = llvm.mlir.constant(8 : i64) : i64
    %12 = llvm.mlir.constant(1024 : i64) : i64
    %13 = llvm.mlir.constant(1 : i32) : i32
    %14 = llvm.mlir.constant(0 : i64) : i64
    %15 = llvm.mlir.constant(1 : i64) : i64
    %16 = llvm.mlir.undef : !llvm.struct<(ptr, ptr, i64)>
    %17 = llvm.mlir.constant(3 : i32) : i32
    %18 = llvm.call @mgpuStreamCreate() : () -> !llvm.ptr
    %19 = llvm.mul %10, %11 : i64
    %20 = llvm.mul %19, %12 : i64
    %21 = llvm.alloca %13 x !llvm.ptr {alignment = 8 : i64} : (i32) -> !llvm.ptr
    %22 = llvm.call @cudaMallocAsync(%21, %20, %18) : (!llvm.ptr, i64, !llvm.ptr) -> i32
    %23 = llvm.load %21 : !llvm.ptr -> !llvm.ptr
    %24 = llvm.mul %15, %12 : i64
    gpu.launch_func <%18 : !llvm.ptr> @main_kernel::@main_kernel blocks in (%4, %9, %9) threads in (%9, %9, %9) : i64 args(%5 : i64, %23 : !llvm.ptr, %23 : !llvm.ptr, %14 : i64, %11 : i64, %12 : i64, %24 : i64, %15 : i64, %6 : f32, %1 : i64, %9 : i64, %4 : i64, %arg0 : !llvm.ptr<1>, %arg1 : !llvm.ptr<1>, %arg2 : i64, %arg3 : i64, %arg4 : i64, %arg5 : i64, %arg6 : i64, %arg7 : i64, %arg8 : i64, %3 : i64, %2 : i64, %7 : f32)
    %25 = llvm.alloca %13 x !llvm.ptr {alignment = 8 : i64} : (i32) -> !llvm.ptr
    %26 = llvm.call @cudaMallocAsync(%25, %10, %18) : (!llvm.ptr, i64, !llvm.ptr) -> i32
    %27 = llvm.load %25 : !llvm.ptr -> !llvm.ptr
    %28 = llvm.insertvalue %27, %16[0] : !llvm.struct<(ptr, ptr, i64)> 
    %29 = llvm.insertvalue %27, %28[1] : !llvm.struct<(ptr, ptr, i64)> 
    %30 = llvm.insertvalue %14, %29[2] : !llvm.struct<(ptr, ptr, i64)> 
    %31 = builtin.unrealized_conversion_cast %30 : !llvm.struct<(ptr, ptr, i64)> to memref<f32>
    %32 = llvm.alloca %13 x !llvm.ptr {alignment = 8 : i64} : (i32) -> !llvm.ptr
    %33 = llvm.call @cudaMallocAsync(%32, %10, %18) : (!llvm.ptr, i64, !llvm.ptr) -> i32
    %34 = llvm.load %32 : !llvm.ptr -> !llvm.ptr
    llvm.call @mgpuStreamSynchronize(%18) : (!llvm.ptr) -> ()
    llvm.call @mgpuStreamDestroy(%18) : (!llvm.ptr) -> ()
    llvm.store %7, %34 : f32, !llvm.ptr
    %35 = llvm.call @mgpuStreamCreate() : () -> !llvm.ptr
    gpu.launch_func <%35 : !llvm.ptr> @main_kernel_0::@main_kernel blocks in (%4, %9, %9) threads in (%9, %9, %9) : i64 args(%5 : i64, %8 : f32, %1 : i64, %9 : i64, %4 : i64, %arg0 : !llvm.ptr<1>, %arg1 : !llvm.ptr<1>, %arg2 : i64, %arg3 : i64, %arg4 : i64, %arg5 : i64, %arg6 : i64, %arg7 : i64, %arg8 : i64, %3 : i64, %2 : i64, %34 : !llvm.ptr, %34 : !llvm.ptr, %14 : i64, %23 : !llvm.ptr, %23 : !llvm.ptr, %14 : i64, %11 : i64, %12 : i64, %24 : i64, %15 : i64, %arg9 : !llvm.ptr<1>, %arg10 : !llvm.ptr<1>, %arg11 : i64, %arg12 : i64, %arg13 : i64, %arg14 : i64, %arg15 : i64, %0 : f32, %27 : !llvm.ptr, %27 : !llvm.ptr, %14 : i64)
    %expand_shape = memref.expand_shape %31 [] output_shape [1] : memref<f32> into memref<1xf32>
    %36 = llvm.addrspacecast %arg17 : !llvm.ptr<1> to !llvm.ptr
    %37 = builtin.unrealized_conversion_cast %expand_shape : memref<1xf32> to !llvm.struct<(ptr, ptr, i64, array<1 x i64>, array<1 x i64>)>
    %38 = llvm.extractvalue %37[1] : !llvm.struct<(ptr, ptr, i64, array<1 x i64>, array<1 x i64>)> 
    %39 = llvm.mul %10, %15 : i64
    %40 = llvm.call @cudaMemcpyAsync(%36, %38, %39, %17, %35) : (!llvm.ptr, !llvm.ptr, i64, i32, !llvm.ptr) -> i32
    %41 = llvm.call @cudaFreeAsync(%23, %35) : (!llvm.ptr, !llvm.ptr) -> i32
    %42 = llvm.call @cudaFreeAsync(%27, %35) : (!llvm.ptr, !llvm.ptr) -> i32
    %43 = llvm.call @cudaFreeAsync(%34, %35) : (!llvm.ptr, !llvm.ptr) -> i32
    llvm.call @mgpuStreamSynchronize(%35) : (!llvm.ptr) -> ()
    llvm.call @mgpuStreamDestroy(%35) : (!llvm.ptr) -> ()
    llvm.return
  }
  llvm.func @_mlir_ciface_main(%arg0: !llvm.ptr, %arg1: !llvm.ptr, %arg2: !llvm.ptr {bufferization.writable = true}) attributes {llvm.emit_c_interface} {
    %0 = llvm.load %arg0 : !llvm.ptr -> !llvm.struct<(ptr<1>, ptr<1>, i64, array<3 x i64>, array<3 x i64>)>
    %1 = llvm.extractvalue %0[0] : !llvm.struct<(ptr<1>, ptr<1>, i64, array<3 x i64>, array<3 x i64>)> 
    %2 = llvm.extractvalue %0[1] : !llvm.struct<(ptr<1>, ptr<1>, i64, array<3 x i64>, array<3 x i64>)> 
    %3 = llvm.extractvalue %0[2] : !llvm.struct<(ptr<1>, ptr<1>, i64, array<3 x i64>, array<3 x i64>)> 
    %4 = llvm.extractvalue %0[3, 0] : !llvm.struct<(ptr<1>, ptr<1>, i64, array<3 x i64>, array<3 x i64>)> 
    %5 = llvm.extractvalue %0[3, 1] : !llvm.struct<(ptr<1>, ptr<1>, i64, array<3 x i64>, array<3 x i64>)> 
    %6 = llvm.extractvalue %0[3, 2] : !llvm.struct<(ptr<1>, ptr<1>, i64, array<3 x i64>, array<3 x i64>)> 
    %7 = llvm.extractvalue %0[4, 0] : !llvm.struct<(ptr<1>, ptr<1>, i64, array<3 x i64>, array<3 x i64>)> 
    %8 = llvm.extractvalue %0[4, 1] : !llvm.struct<(ptr<1>, ptr<1>, i64, array<3 x i64>, array<3 x i64>)> 
    %9 = llvm.extractvalue %0[4, 2] : !llvm.struct<(ptr<1>, ptr<1>, i64, array<3 x i64>, array<3 x i64>)> 
    %10 = llvm.load %arg1 : !llvm.ptr -> !llvm.struct<(ptr<1>, ptr<1>, i64, array<2 x i64>, array<2 x i64>)>
    %11 = llvm.extractvalue %10[0] : !llvm.struct<(ptr<1>, ptr<1>, i64, array<2 x i64>, array<2 x i64>)> 
    %12 = llvm.extractvalue %10[1] : !llvm.struct<(ptr<1>, ptr<1>, i64, array<2 x i64>, array<2 x i64>)> 
    %13 = llvm.extractvalue %10[2] : !llvm.struct<(ptr<1>, ptr<1>, i64, array<2 x i64>, array<2 x i64>)> 
    %14 = llvm.extractvalue %10[3, 0] : !llvm.struct<(ptr<1>, ptr<1>, i64, array<2 x i64>, array<2 x i64>)> 
    %15 = llvm.extractvalue %10[3, 1] : !llvm.struct<(ptr<1>, ptr<1>, i64, array<2 x i64>, array<2 x i64>)> 
    %16 = llvm.extractvalue %10[4, 0] : !llvm.struct<(ptr<1>, ptr<1>, i64, array<2 x i64>, array<2 x i64>)> 
    %17 = llvm.extractvalue %10[4, 1] : !llvm.struct<(ptr<1>, ptr<1>, i64, array<2 x i64>, array<2 x i64>)> 
    %18 = llvm.load %arg2 : !llvm.ptr -> !llvm.struct<(ptr<1>, ptr<1>, i64, array<1 x i64>, array<1 x i64>)>
    %19 = llvm.extractvalue %18[0] : !llvm.struct<(ptr<1>, ptr<1>, i64, array<1 x i64>, array<1 x i64>)> 
    %20 = llvm.extractvalue %18[1] : !llvm.struct<(ptr<1>, ptr<1>, i64, array<1 x i64>, array<1 x i64>)> 
    %21 = llvm.extractvalue %18[2] : !llvm.struct<(ptr<1>, ptr<1>, i64, array<1 x i64>, array<1 x i64>)> 
    %22 = llvm.extractvalue %18[3, 0] : !llvm.struct<(ptr<1>, ptr<1>, i64, array<1 x i64>, array<1 x i64>)> 
    %23 = llvm.extractvalue %18[4, 0] : !llvm.struct<(ptr<1>, ptr<1>, i64, array<1 x i64>, array<1 x i64>)> 
    llvm.call @main(%1, %2, %3, %4, %5, %6, %7, %8, %9, %11, %12, %13, %14, %15, %16, %17, %19, %20, %21, %22, %23) : (!llvm.ptr<1>, !llvm.ptr<1>, i64, i64, i64, i64, i64, i64, i64, !llvm.ptr<1>, !llvm.ptr<1>, i64, i64, i64, i64, i64, !llvm.ptr<1>, !llvm.ptr<1>, i64, i64, i64) -> ()
    llvm.return
  }
  gpu.binary @main_kernel  [#gpu.object<#nvvm.target<O = 3, chip = "sm_86", features = "+ptx76", flags = {fast, ftz}>, properties = {LLVMIRToISATimeInMs = 4 : i64, O = 3 : i32}, assembly = "//\0A// Generated by LLVM NVPTX Back-End\0A//\0A\0A.version 7.6\0A.target sm_86\0A.address_size 64\0A\0A\09// .globl\09main_kernel\0A\0A.visible .entry main_kernel(\0A\09.param .u64 main_kernel_param_0,\0A\09.param .u64 .ptr .align 1 main_kernel_param_1,\0A\09.param .u64 .ptr .align 1 main_kernel_param_2,\0A\09.param .u64 main_kernel_param_3,\0A\09.param .u64 main_kernel_param_4,\0A\09.param .u64 main_kernel_param_5,\0A\09.param .u64 main_kernel_param_6,\0A\09.param .u64 main_kernel_param_7,\0A\09.param .f32 main_kernel_param_8,\0A\09.param .u64 main_kernel_param_9,\0A\09.param .u64 main_kernel_param_10,\0A\09.param .u64 main_kernel_param_11,\0A\09.param .u64 .ptr .global .align 1 main_kernel_param_12,\0A\09.param .u64 .ptr .global .align 1 main_kernel_param_13,\0A\09.param .u64 main_kernel_param_14,\0A\09.param .u64 main_kernel_param_15,\0A\09.param .u64 main_kernel_param_16,\0A\09.param .u64 main_kernel_param_17,\0A\09.param .u64 main_kernel_param_18,\0A\09.param .u64 main_kernel_param_19,\0A\09.param .u64 main_kernel_param_20,\0A\09.param .u64 main_kernel_param_21,\0A\09.param .u64 main_kernel_param_22,\0A\09.param .f32 main_kernel_param_23\0A)\0A.maxntid 1, 1, 1\0A{\0A\09.local .align 4 .b8 \09__local_depot0[4096];\0A\09.reg .b64 \09%SP;\0A\09.reg .b64 \09%SPL;\0A\09.reg .pred \09%p<29>;\0A\09.reg .b32 \09%r<28>;\0A\09.reg .b64 \09%rd<129>;\0A\0A\09mov.b64 \09%SPL, __local_depot0;\0A\09ld.param.b64 \09%rd80, [main_kernel_param_22];\0A\09ld.param.b64 \09%rd79, [main_kernel_param_21];\0A\09ld.param.b64 \09%rd77, [main_kernel_param_11];\0A\09ld.param.b64 \09%rd76, [main_kernel_param_10];\0A\09ld.param.b64 \09%rd75, [main_kernel_param_9];\0A\09ld.param.b64 \09%rd74, [main_kernel_param_0];\0A\09ld.param.b64 \09%rd81, [main_kernel_param_2];\0A\09cvta.to.global.u64 \09%rd1, %rd81;\0A\09mov.u32 \09%r10, %ctaid.x;\0A\09cvt.u64.u32 \09%rd82, %r10;\0A\09add.u64 \09%rd3, %SPL, 0;\0A\09setp.ge.s64 \09%p1, %rd75, %rd77;\0A\09shl.b64 \09%rd104, %rd76, 2;\0A\09setp.ge.s64 \09%p28, %rd75, %rd74;\0A\09@%p1 bra \09$L__BB0_5;\0A\09ld.param.b32 \09%r8, [main_kernel_param_8];\0A\09mad.lo.s64 \09%rd105, %rd75, 516, %rd3;\0A\09shl.b64 \09%rd5, %rd76, 9;\0A\09mov.b64 \09%rd106, %rd75;\0A\09bra.uni \09$L__BB0_2;\0A$L__BB0_4:\0A\09add.s64 \09%rd106, %rd106, %rd76;\0A\09add.s64 \09%rd105, %rd105, %rd5;\0A\09setp.lt.s64 \09%p4, %rd106, %rd77;\0A\09@%p4 bra \09$L__BB0_2;\0A\09bra.uni \09$L__BB0_5;\0A$L__BB0_2:\0A\09mov.b64 \09%rd107, %rd105;\0A\09mov.b64 \09%rd108, %rd75;\0A\09@%p28 bra \09$L__BB0_4;\0A$L__BB0_3:\0A\09st.local.b32 \09[%rd107], %r8;\0A\09add.s64 \09%rd108, %rd108, %rd76;\0A\09add.s64 \09%rd107, %rd107, %rd104;\0A\09setp.lt.s64 \09%p3, %rd108, %rd74;\0A\09@%p3 bra \09$L__BB0_3;\0A\09bra.uni \09$L__BB0_4;\0A$L__BB0_5:\0A\09ld.param.b64 \09%rd78, [main_kernel_param_13];\0A\09mul.lo.s64 \09%rd2, %rd74, %rd82;\0A\09setp.ge.s64 \09%p5, %rd75, %rd80;\0A\09mul.lo.s64 \09%rd99, %rd75, 6297608;\0A\09shl.b64 \09%rd100, %rd79, 2;\0A\09mul.lo.s64 \09%rd101, %rd76, 6291456;\0A\09mul.lo.s64 \09%rd102, %rd76, 6144;\0A\09setp.ge.s64 \09%p27, %rd75, %rd79;\0A\09@%p5 bra \09$L__BB0_17;\0A\09mad.lo.s64 \09%rd85, %rd2, 6144, %rd99;\0A\09add.s64 \09%rd109, %rd78, %rd85;\0A\09mov.b64 \09%rd110, %rd75;\0A\09bra.uni \09$L__BB0_7;\0A$L__BB0_16:\0A\09add.s64 \09%rd110, %rd110, %rd79;\0A\09add.s64 \09%rd109, %rd109, %rd100;\0A\09setp.lt.s64 \09%p12, %rd110, %rd80;\0A\09@%p12 bra \09$L__BB0_7;\0A\09bra.uni \09$L__BB0_17;\0A$L__BB0_7:\0A\09mov.b64 \09%rd111, %rd109;\0A\09mov.b64 \09%rd112, %rd75;\0A\09@%p1 bra \09$L__BB0_16;\0A\09bra.uni \09$L__BB0_8;\0A$L__BB0_15:\0A\09add.s64 \09%rd112, %rd112, %rd76;\0A\09add.s64 \09%rd111, %rd111, %rd101;\0A\09setp.lt.s64 \09%p11, %rd112, %rd77;\0A\09@%p11 bra \09$L__BB0_8;\0A\09bra.uni \09$L__BB0_16;\0A$L__BB0_8:\0A\09@%p28 bra \09$L__BB0_15;\0A\09shl.b64 \09%rd86, %rd112, 9;\0A\09add.s64 \09%rd27, %rd3, %rd86;\0A\09mov.b64 \09%rd113, %rd111;\0A\09mov.b64 \09%rd114, %rd75;\0A\09bra.uni \09$L__BB0_10;\0A$L__BB0_14:\0A\09add.s64 \09%rd114, %rd114, %rd76;\0A\09add.s64 \09%rd113, %rd113, %rd102;\0A\09setp.lt.s64 \09%p10, %rd114, %rd74;\0A\09@%p10 bra \09$L__BB0_10;\0A\09bra.uni \09$L__BB0_15;\0A$L__BB0_10:\0A\09@%p27 bra \09$L__BB0_14;\0A\09shl.b64 \09%rd87, %rd114, 2;\0A\09add.s64 \09%rd30, %rd27, %rd87;\0A\09ld.local.b32 \09%r26, [%rd30];\0A\09mov.b64 \09%rd115, %rd113;\0A\09mov.b64 \09%rd116, %rd75;\0A$L__BB0_12:\0A\09ld.global.b32 \09%r11, [%rd115];\0A\09max.NaN.f32 \09%r26, %r11, %r26;\0A\09add.s64 \09%rd116, %rd116, %rd76;\0A\09add.s64 \09%rd115, %rd115, %rd104;\0A\09setp.lt.s64 \09%p9, %rd116, %rd79;\0A\09@%p9 bra \09$L__BB0_12;\0A\09st.local.b32 \09[%rd30], %r26;\0A\09bra.uni \09$L__BB0_14;\0A$L__BB0_17:\0A\09shl.b64 \09%rd97, %rd2, 2;\0A\09@%p1 bra \09$L__BB0_22;\0A\09ld.param.b32 \09%r9, [main_kernel_param_23];\0A\09mad.lo.s64 \09%rd89, %rd75, 4100, %rd97;\0A\09add.s64 \09%rd117, %rd1, %rd89;\0A\09shl.b64 \09%rd23, %rd76, 12;\0A\09mov.b64 \09%rd118, %rd75;\0A\09bra.uni \09$L__BB0_19;\0A$L__BB0_21:\0A\09add.s64 \09%rd118, %rd118, %rd76;\0A\09add.s64 \09%rd117, %rd117, %rd23;\0A\09setp.lt.s64 \09%p16, %rd118, %rd77;\0A\09@%p16 bra \09$L__BB0_19;\0A\09bra.uni \09$L__BB0_22;\0A$L__BB0_19:\0A\09mov.b64 \09%rd119, %rd117;\0A\09mov.b64 \09%rd120, %rd75;\0A\09@%p28 bra \09$L__BB0_21;\0A$L__BB0_20:\0A\09st.global.b32 \09[%rd119], %r9;\0A\09add.s64 \09%rd120, %rd120, %rd76;\0A\09add.s64 \09%rd119, %rd119, %rd104;\0A\09setp.lt.s64 \09%p15, %rd120, %rd74;\0A\09@%p15 bra \09$L__BB0_20;\0A\09bra.uni \09$L__BB0_21;\0A$L__BB0_22:\0A\09@%p5 bra \09$L__BB0_34;\0A\09add.s64 \09%rd43, %rd1, %rd97;\0A\09mad.lo.s64 \09%rd92, %rd2, 6144, %rd99;\0A\09add.s64 \09%rd121, %rd78, %rd92;\0A\09mov.b64 \09%rd122, %rd75;\0A\09bra.uni \09$L__BB0_24;\0A$L__BB0_33:\0A\09add.s64 \09%rd122, %rd122, %rd79;\0A\09add.s64 \09%rd121, %rd121, %rd100;\0A\09setp.lt.s64 \09%p24, %rd122, %rd80;\0A\09@%p24 bra \09$L__BB0_24;\0A\09bra.uni \09$L__BB0_34;\0A$L__BB0_24:\0A\09@%p1 bra \09$L__BB0_33;\0A\09mov.b64 \09%rd123, %rd121;\0A\09mov.b64 \09%rd124, %rd75;\0A\09bra.uni \09$L__BB0_26;\0A$L__BB0_32:\0A\09add.s64 \09%rd124, %rd124, %rd76;\0A\09add.s64 \09%rd123, %rd123, %rd101;\0A\09setp.lt.s64 \09%p23, %rd124, %rd77;\0A\09@%p23 bra \09$L__BB0_26;\0A\09bra.uni \09$L__BB0_33;\0A$L__BB0_26:\0A\09@%p28 bra \09$L__BB0_32;\0A\09shl.b64 \09%rd93, %rd124, 9;\0A\09add.s64 \09%rd59, %rd3, %rd93;\0A\09shl.b64 \09%rd94, %rd124, 12;\0A\09add.s64 \09%rd60, %rd43, %rd94;\0A\09mov.b64 \09%rd125, %rd123;\0A\09mov.b64 \09%rd126, %rd75;\0A\09bra.uni \09$L__BB0_28;\0A$L__BB0_31:\0A\09add.s64 \09%rd126, %rd126, %rd76;\0A\09add.s64 \09%rd125, %rd125, %rd102;\0A\09setp.lt.s64 \09%p22, %rd126, %rd74;\0A\09@%p22 bra \09$L__BB0_28;\0A\09bra.uni \09$L__BB0_32;\0A$L__BB0_28:\0A\09@%p27 bra \09$L__BB0_31;\0A\09shl.b64 \09%rd95, %rd126, 2;\0A\09add.s64 \09%rd96, %rd59, %rd95;\0A\09ld.local.b32 \09%r4, [%rd96];\0A\09add.s64 \09%rd63, %rd60, %rd95;\0A\09ld.global.b32 \09%r27, [%rd63];\0A\09mov.b64 \09%rd127, %rd125;\0A\09mov.b64 \09%rd128, %rd75;\0A$L__BB0_30:\0A\09ld.global.b32 \09%r12, [%rd127];\0A\09sub.rn.f32 \09%r13, %r12, %r4;\0A\09fma.rn.f32 \09%r14, %r13, 0f3BBB989D, 0f3F000000;\0A\09cvt.sat.f32.f32 \09%r15, %r14;\0A\09mov.b32 \09%r16, 0f4B400001;\0A\09mov.b32 \09%r17, 0f437C0000;\0A\09fma.rm.f32 \09%r18, %r15, %r17, %r16;\0A\09add.rn.f32 \09%r19, %r18, 0fCB40007F;\0A\09neg.f32 \09%r20, %r19;\0A\09fma.rn.f32 \09%r21, %r13, 0f3FB8AA3B, %r20;\0A\09fma.rn.f32 \09%r22, %r13, 0f32A57060, %r21;\0A\09shl.b32 \09%r23, %r18, 23;\0A\09ex2.approx.ftz.f32 \09%r24, %r22;\0A\09mul.rn.f32 \09%r25, %r24, %r23;\0A\09add.rn.f32 \09%r27, %r27, %r25;\0A\09st.global.b32 \09[%rd63], %r27;\0A\09add.s64 \09%rd128, %rd128, %rd76;\0A\09add.s64 \09%rd127, %rd127, %rd104;\0A\09setp.lt.s64 \09%p21, %rd128, %rd79;\0A\09@%p21 bra \09$L__BB0_30;\0A\09bra.uni \09$L__BB0_31;\0A$L__BB0_34:\0A\09ret;\0A\0A}\0A">]
  gpu.binary @main_kernel_0  [#gpu.object<#nvvm.target<O = 3, chip = "sm_86", features = "+ptx76", flags = {fast, ftz}>, properties = {LLVMIRToISATimeInMs = 3 : i64, O = 3 : i32}, assembly = "//\0A// Generated by LLVM NVPTX Back-End\0A//\0A\0A.version 7.6\0A.target sm_86\0A.address_size 64\0A\0A\09// .globl\09main_kernel\0A\0A.visible .entry main_kernel(\0A\09.param .u64 main_kernel_param_0,\0A\09.param .f32 main_kernel_param_1,\0A\09.param .u64 main_kernel_param_2,\0A\09.param .u64 main_kernel_param_3,\0A\09.param .u64 main_kernel_param_4,\0A\09.param .u64 .ptr .global .align 1 main_kernel_param_5,\0A\09.param .u64 .ptr .global .align 1 main_kernel_param_6,\0A\09.param .u64 main_kernel_param_7,\0A\09.param .u64 main_kernel_param_8,\0A\09.param .u64 main_kernel_param_9,\0A\09.param .u64 main_kernel_param_10,\0A\09.param .u64 main_kernel_param_11,\0A\09.param .u64 main_kernel_param_12,\0A\09.param .u64 main_kernel_param_13,\0A\09.param .u64 main_kernel_param_14,\0A\09.param .u64 main_kernel_param_15,\0A\09.param .u64 .ptr .align 1 main_kernel_param_16,\0A\09.param .u64 .ptr .align 1 main_kernel_param_17,\0A\09.param .u64 main_kernel_param_18,\0A\09.param .u64 .ptr .align 1 main_kernel_param_19,\0A\09.param .u64 .ptr .align 1 main_kernel_param_20,\0A\09.param .u64 main_kernel_param_21,\0A\09.param .u64 main_kernel_param_22,\0A\09.param .u64 main_kernel_param_23,\0A\09.param .u64 main_kernel_param_24,\0A\09.param .u64 main_kernel_param_25,\0A\09.param .u64 .ptr .global .align 1 main_kernel_param_26,\0A\09.param .u64 .ptr .global .align 1 main_kernel_param_27,\0A\09.param .u64 main_kernel_param_28,\0A\09.param .u64 main_kernel_param_29,\0A\09.param .u64 main_kernel_param_30,\0A\09.param .u64 main_kernel_param_31,\0A\09.param .u64 main_kernel_param_32,\0A\09.param .f32 main_kernel_param_33,\0A\09.param .u64 .ptr .align 1 main_kernel_param_34,\0A\09.param .u64 .ptr .align 1 main_kernel_param_35,\0A\09.param .u64 main_kernel_param_36\0A)\0A.maxntid 1, 1, 1\0A{\0A\09.local .align 4 .b8 \09__local_depot0[4096];\0A\09.reg .b64 \09%SP;\0A\09.reg .b64 \09%SPL;\0A\09.reg .pred \09%p<26>;\0A\09.reg .b32 \09%r<55>;\0A\09.reg .b64 \09%rd<153>;\0A\0A\09mov.b64 \09%SPL, __local_depot0;\0A\09ld.param.b64 \09%rd96, [main_kernel_param_15];\0A\09ld.param.b64 \09%rd95, [main_kernel_param_14];\0A\09ld.param.b64 \09%rd93, [main_kernel_param_4];\0A\09ld.param.b64 \09%rd92, [main_kernel_param_3];\0A\09ld.param.b64 \09%rd91, [main_kernel_param_2];\0A\09ld.param.b64 \09%rd90, [main_kernel_param_0];\0A\09ld.param.b64 \09%rd98, [main_kernel_param_17];\0A\09cvta.to.global.u64 \09%rd1, %rd98;\0A\09ld.param.b64 \09%rd99, [main_kernel_param_20];\0A\09cvta.to.global.u64 \09%rd2, %rd99;\0A\09ld.param.b64 \09%rd100, [main_kernel_param_35];\0A\09cvta.to.global.u64 \09%rd3, %rd100;\0A\09mov.u32 \09%r15, %ctaid.x;\0A\09cvt.u64.u32 \09%rd101, %r15;\0A\09add.u64 \09%rd5, %SPL, 0;\0A\09setp.ge.s64 \09%p1, %rd91, %rd93;\0A\09shl.b64 \09%rd121, %rd92, 9;\0A\09shl.b64 \09%rd122, %rd92, 2;\0A\09setp.ge.s64 \09%p25, %rd91, %rd90;\0A\09@%p1 bra \09$L__BB0_5;\0A\09ld.param.b32 \09%r13, [main_kernel_param_1];\0A\09mad.lo.s64 \09%rd123, %rd91, 516, %rd5;\0A\09mov.b64 \09%rd124, %rd91;\0A\09bra.uni \09$L__BB0_2;\0A$L__BB0_4:\0A\09add.s64 \09%rd124, %rd124, %rd92;\0A\09add.s64 \09%rd123, %rd123, %rd121;\0A\09setp.lt.s64 \09%p4, %rd124, %rd93;\0A\09@%p4 bra \09$L__BB0_2;\0A\09bra.uni \09$L__BB0_5;\0A$L__BB0_2:\0A\09mov.b64 \09%rd125, %rd123;\0A\09mov.b64 \09%rd126, %rd91;\0A\09@%p25 bra \09$L__BB0_4;\0A$L__BB0_3:\0A\09st.local.b32 \09[%rd125], %r13;\0A\09add.s64 \09%rd126, %rd126, %rd92;\0A\09add.s64 \09%rd125, %rd125, %rd122;\0A\09setp.lt.s64 \09%p3, %rd126, %rd90;\0A\09@%p3 bra \09$L__BB0_3;\0A\09bra.uni \09$L__BB0_4;\0A$L__BB0_5:\0A\09ld.param.b64 \09%rd94, [main_kernel_param_6];\0A\09mul.lo.s64 \09%rd4, %rd90, %rd101;\0A\09setp.ge.s64 \09%p5, %rd91, %rd96;\0A\09shl.b64 \09%rd117, %rd95, 2;\0A\09mul.lo.s64 \09%rd118, %rd92, 6291456;\0A\09mul.lo.s64 \09%rd119, %rd92, 6144;\0A\09setp.ge.s64 \09%p24, %rd91, %rd95;\0A\09@%p5 bra \09$L__BB0_18;\0A\09mul.lo.s64 \09%rd103, %rd91, 6297608;\0A\09mad.lo.s64 \09%rd104, %rd4, 6144, %rd103;\0A\09add.s64 \09%rd127, %rd94, %rd104;\0A\09mov.b64 \09%rd128, %rd91;\0A\09bra.uni \09$L__BB0_7;\0A$L__BB0_17:\0A\09add.s64 \09%rd128, %rd128, %rd95;\0A\09add.s64 \09%rd127, %rd127, %rd117;\0A\09setp.lt.s64 \09%p12, %rd128, %rd96;\0A\09@%p12 bra \09$L__BB0_7;\0A\09bra.uni \09$L__BB0_18;\0A$L__BB0_7:\0A\09@%p1 bra \09$L__BB0_17;\0A\09mov.b64 \09%rd129, %rd127;\0A\09mov.b64 \09%rd130, %rd91;\0A\09bra.uni \09$L__BB0_9;\0A$L__BB0_16:\0A\09add.s64 \09%rd130, %rd130, %rd92;\0A\09add.s64 \09%rd129, %rd129, %rd118;\0A\09setp.lt.s64 \09%p11, %rd130, %rd93;\0A\09@%p11 bra \09$L__BB0_9;\0A\09bra.uni \09$L__BB0_17;\0A$L__BB0_9:\0A\09@%p25 bra \09$L__BB0_16;\0A\09shl.b64 \09%rd105, %rd130, 9;\0A\09add.s64 \09%rd26, %rd5, %rd105;\0A\09mov.b64 \09%rd131, %rd129;\0A\09mov.b64 \09%rd132, %rd91;\0A\09bra.uni \09$L__BB0_11;\0A$L__BB0_15:\0A\09add.s64 \09%rd132, %rd132, %rd92;\0A\09add.s64 \09%rd131, %rd131, %rd119;\0A\09setp.lt.s64 \09%p10, %rd132, %rd90;\0A\09@%p10 bra \09$L__BB0_11;\0A\09bra.uni \09$L__BB0_16;\0A$L__BB0_11:\0A\09@%p24 bra \09$L__BB0_15;\0A\09shl.b64 \09%rd106, %rd132, 2;\0A\09add.s64 \09%rd29, %rd26, %rd106;\0A\09ld.local.b32 \09%r47, [%rd29];\0A\09mov.b64 \09%rd133, %rd131;\0A\09mov.b64 \09%rd134, %rd91;\0A$L__BB0_13:\0A\09ld.global.b32 \09%r16, [%rd133];\0A\09max.f32 \09%r47, %r16, %r47;\0A\09add.s64 \09%rd134, %rd134, %rd92;\0A\09add.s64 \09%rd133, %rd133, %rd122;\0A\09setp.lt.s64 \09%p9, %rd134, %rd95;\0A\09@%p9 bra \09$L__BB0_13;\0A\09st.local.b32 \09[%rd29], %r47;\0A\09bra.uni \09$L__BB0_15;\0A$L__BB0_18:\0A\09ld.param.b32 \09%r14, [main_kernel_param_33];\0A\09ld.global.b32 \09%r51, [%rd1];\0A\09@%p1 bra \09$L__BB0_29;\0A\09ld.param.b64 \09%rd97, [main_kernel_param_27];\0A\09mad.lo.s64 \09%rd138, %rd91, 1032, %rd5;\0A\09shl.b64 \09%rd41, %rd95, 9;\0A\09shl.b64 \09%rd107, %rd4, 2;\0A\09mad.lo.s64 \09%rd108, %rd91, 8200, %rd107;\0A\09add.s64 \09%rd137, %rd2, %rd108;\0A\09shl.b64 \09%rd46, %rd95, 12;\0A\09shl.b64 \09%rd47, %rd92, 12;\0A\09add.s64 \09%rd136, %rd97, %rd108;\0A\09mul.lo.s64 \09%rd109, %rd91, 12595200;\0A\09mad.lo.s64 \09%rd110, %rd4, 6144, %rd109;\0A\09add.s64 \09%rd135, %rd94, %rd110;\0A\09mul.lo.s64 \09%rd50, %rd95, 6291456;\0A\09mul.lo.s64 \09%rd51, %rd95, 6144;\0A\09mov.b64 \09%rd139, %rd91;\0A\09bra.uni \09$L__BB0_20;\0A$L__BB0_28:\0A\09add.s64 \09%rd139, %rd139, %rd95;\0A\09add.s64 \09%rd138, %rd138, %rd41;\0A\09add.s64 \09%rd137, %rd137, %rd46;\0A\09add.s64 \09%rd136, %rd136, %rd46;\0A\09add.s64 \09%rd135, %rd135, %rd50;\0A\09setp.lt.s64 \09%p22, %rd139, %rd93;\0A\09@%p22 bra \09$L__BB0_20;\0A\09bra.uni \09$L__BB0_29;\0A$L__BB0_20:\0A\09@%p25 bra \09$L__BB0_28;\0A\09mov.b64 \09%rd140, %rd135;\0A\09mov.b64 \09%rd141, %rd136;\0A\09mov.b64 \09%rd142, %rd137;\0A\09mov.b64 \09%rd143, %rd138;\0A\09mov.b64 \09%rd144, %rd91;\0A\09bra.uni \09$L__BB0_22;\0A$L__BB0_27:\0A\09add.s64 \09%rd144, %rd144, %rd95;\0A\09add.s64 \09%rd143, %rd143, %rd117;\0A\09add.s64 \09%rd142, %rd142, %rd117;\0A\09add.s64 \09%rd141, %rd141, %rd117;\0A\09add.s64 \09%rd140, %rd140, %rd51;\0A\09setp.lt.s64 \09%p21, %rd144, %rd90;\0A\09@%p21 bra \09$L__BB0_22;\0A\09bra.uni \09$L__BB0_28;\0A$L__BB0_22:\0A\09@%p24 bra \09$L__BB0_27;\0A\09mov.b64 \09%rd145, %rd140;\0A\09mov.b64 \09%rd146, %rd141;\0A\09mov.b64 \09%rd147, %rd142;\0A\09mov.b64 \09%rd148, %rd143;\0A\09mov.b64 \09%rd149, %rd91;\0A$L__BB0_24:\0A\09mov.b64 \09%rd151, 0;\0A\09mov.b64 \09%rd150, %rd145;\0A\09mov.b64 \09%rd152, %rd91;\0A$L__BB0_25:\0A\09add.s64 \09%rd112, %rd147, %rd151;\0A\09ld.global.b32 \09%r17, [%rd112];\0A\09add.s64 \09%rd113, %rd148, %rd151;\0A\09ld.local.b32 \09%r18, [%rd113];\0A\09add.s64 \09%rd114, %rd146, %rd151;\0A\09ld.global.b32 \09%r19, [%rd114];\0A\09mul.wide.s32 \09%rd115, %r19, 4;\0A\09add.s64 \09%rd116, %rd150, %rd115;\0A\09ld.global.b32 \09%r20, [%rd116];\0A\09setp.lt.f32 \09%p16, %r17, 0f00800000;\0A\09mul.rn.f32 \09%r21, %r17, 0f4B000000;\0A\09selp.f32 \09%r22, %r21, %r17, %p16;\0A\09selp.f32 \09%r23, 0fC1B80000, 0f00000000, %p16;\0A\09add.s32 \09%r24, %r22, -1059760811;\0A\09and.b32 \09%r25, %r24, -8388608;\0A\09sub.s32 \09%r26, %r22, %r25;\0A\09cvt.rn.f32.s32 \09%r27, %r25;\0A\09fma.rn.f32 \09%r28, %r27, 0f34000000, %r23;\0A\09add.rn.f32 \09%r29, %r26, 0fBF800000;\0A\09fma.rn.f32 \09%r30, %r29, 0fBE055027, 0f3E1039F6;\0A\09fma.rn.f32 \09%r31, %r30, %r29, 0fBDF8CDCC;\0A\09fma.rn.f32 \09%r32, %r31, %r29, 0f3E0F2955;\0A\09fma.rn.f32 \09%r33, %r32, %r29, 0fBE2AD8B9;\0A\09fma.rn.f32 \09%r34, %r33, %r29, 0f3E4CED0B;\0A\09fma.rn.f32 \09%r35, %r34, %r29, 0fBE7FFF22;\0A\09fma.rn.f32 \09%r36, %r35, %r29, 0f3EAAAA78;\0A\09fma.rn.f32 \09%r37, %r36, %r29, 0fBF000000;\0A\09mul.rn.f32 \09%r38, %r29, %r37;\0A\09fma.rn.f32 \09%r39, %r38, %r29, %r29;\0A\09fma.rn.f32 \09%r40, %r28, 0f3F317218, %r39;\0A\09setp.gt.u32 \09%p17, %r22, 2139095039;\0A\09fma.rn.f32 \09%r41, %r22, 0f7F800000, 0f7F800000;\0A\09selp.f32 \09%r42, %r41, %r40, %p17;\0A\09setp.eq.f32 \09%p18, %r22, 0f00000000;\0A\09selp.f32 \09%r43, 0fFF800000, %r42, %p18;\0A\09add.rn.f32 \09%r44, %r18, %r43;\0A\09sub.rn.f32 \09%r45, %r44, %r20;\0A\09add.rn.f32 \09%r51, %r51, %r45;\0A\09add.s64 \09%rd152, %rd152, %rd92;\0A\09add.s64 \09%rd151, %rd151, %rd122;\0A\09add.s64 \09%rd150, %rd150, %rd119;\0A\09setp.lt.s64 \09%p19, %rd152, %rd95;\0A\09@%p19 bra \09$L__BB0_25;\0A\09add.s64 \09%rd149, %rd149, %rd92;\0A\09add.s64 \09%rd148, %rd148, %rd121;\0A\09add.s64 \09%rd147, %rd147, %rd47;\0A\09add.s64 \09%rd146, %rd146, %rd47;\0A\09add.s64 \09%rd145, %rd145, %rd118;\0A\09setp.lt.s64 \09%p20, %rd149, %rd95;\0A\09@%p20 bra \09$L__BB0_24;\0A\09bra.uni \09$L__BB0_27;\0A$L__BB0_29:\0A\09div.rn.f32 \09%r46, %r51, %r14;\0A\09st.global.b32 \09[%rd3], %r46;\0A\09ret;\0A\0A}\0A">]
  llvm.func @mgpuStreamCreate() -> !llvm.ptr
  llvm.func @mgpuStreamSynchronize(!llvm.ptr)
  llvm.func @mgpuStreamDestroy(!llvm.ptr)
}


// -----// IR Dump After ConvertControlFlowToLLVMPass (convert-cf-to-llvm) //----- //
module attributes {gpu.container_module} {
  llvm.func @cudaMallocAsync(!llvm.ptr, i64, !llvm.ptr) -> i32
  llvm.func @cudaMemcpyAsync(!llvm.ptr, !llvm.ptr, i64, i32, !llvm.ptr) -> i32
  llvm.func @cudaFreeAsync(!llvm.ptr, !llvm.ptr) -> i32
  llvm.func @main(%arg0: !llvm.ptr<1>, %arg1: !llvm.ptr<1>, %arg2: i64, %arg3: i64, %arg4: i64, %arg5: i64, %arg6: i64, %arg7: i64, %arg8: i64, %arg9: !llvm.ptr<1>, %arg10: !llvm.ptr<1>, %arg11: i64, %arg12: i64, %arg13: i64, %arg14: i64, %arg15: i64, %arg16: !llvm.ptr<1>, %arg17: !llvm.ptr<1>, %arg18: i64, %arg19: i64, %arg20: i64) attributes {llvm.emit_c_interface} {
    %0 = llvm.mlir.constant(8.192000e+03 : f32) : f32
    %1 = llvm.mlir.constant(0 : index) : i64
    %2 = llvm.mlir.constant(1536 : index) : i64
    %3 = llvm.mlir.constant(4 : index) : i64
    %4 = llvm.mlir.constant(8 : index) : i64
    %5 = llvm.mlir.constant(128 : index) : i64
    %6 = llvm.mlir.constant(-3.40282347E+38 : f32) : f32
    %7 = llvm.mlir.constant(0.000000e+00 : f32) : f32
    %8 = llvm.mlir.constant(0xFF800000 : f32) : f32
    %9 = llvm.mlir.constant(1 : index) : i64
    %10 = llvm.mlir.constant(4 : i64) : i64
    %11 = llvm.mlir.constant(8 : i64) : i64
    %12 = llvm.mlir.constant(1024 : i64) : i64
    %13 = llvm.mlir.constant(1 : i32) : i32
    %14 = llvm.mlir.constant(0 : i64) : i64
    %15 = llvm.mlir.constant(1 : i64) : i64
    %16 = llvm.mlir.undef : !llvm.struct<(ptr, ptr, i64)>
    %17 = llvm.mlir.constant(3 : i32) : i32
    %18 = llvm.call @mgpuStreamCreate() : () -> !llvm.ptr
    %19 = llvm.mul %10, %11 : i64
    %20 = llvm.mul %19, %12 : i64
    %21 = llvm.alloca %13 x !llvm.ptr {alignment = 8 : i64} : (i32) -> !llvm.ptr
    %22 = llvm.call @cudaMallocAsync(%21, %20, %18) : (!llvm.ptr, i64, !llvm.ptr) -> i32
    %23 = llvm.load %21 : !llvm.ptr -> !llvm.ptr
    %24 = llvm.mul %15, %12 : i64
    gpu.launch_func <%18 : !llvm.ptr> @main_kernel::@main_kernel blocks in (%4, %9, %9) threads in (%9, %9, %9) : i64 args(%5 : i64, %23 : !llvm.ptr, %23 : !llvm.ptr, %14 : i64, %11 : i64, %12 : i64, %24 : i64, %15 : i64, %6 : f32, %1 : i64, %9 : i64, %4 : i64, %arg0 : !llvm.ptr<1>, %arg1 : !llvm.ptr<1>, %arg2 : i64, %arg3 : i64, %arg4 : i64, %arg5 : i64, %arg6 : i64, %arg7 : i64, %arg8 : i64, %3 : i64, %2 : i64, %7 : f32)
    %25 = llvm.alloca %13 x !llvm.ptr {alignment = 8 : i64} : (i32) -> !llvm.ptr
    %26 = llvm.call @cudaMallocAsync(%25, %10, %18) : (!llvm.ptr, i64, !llvm.ptr) -> i32
    %27 = llvm.load %25 : !llvm.ptr -> !llvm.ptr
    %28 = llvm.insertvalue %27, %16[0] : !llvm.struct<(ptr, ptr, i64)> 
    %29 = llvm.insertvalue %27, %28[1] : !llvm.struct<(ptr, ptr, i64)> 
    %30 = llvm.insertvalue %14, %29[2] : !llvm.struct<(ptr, ptr, i64)> 
    %31 = builtin.unrealized_conversion_cast %30 : !llvm.struct<(ptr, ptr, i64)> to memref<f32>
    %32 = llvm.alloca %13 x !llvm.ptr {alignment = 8 : i64} : (i32) -> !llvm.ptr
    %33 = llvm.call @cudaMallocAsync(%32, %10, %18) : (!llvm.ptr, i64, !llvm.ptr) -> i32
    %34 = llvm.load %32 : !llvm.ptr -> !llvm.ptr
    llvm.call @mgpuStreamSynchronize(%18) : (!llvm.ptr) -> ()
    llvm.call @mgpuStreamDestroy(%18) : (!llvm.ptr) -> ()
    llvm.store %7, %34 : f32, !llvm.ptr
    %35 = llvm.call @mgpuStreamCreate() : () -> !llvm.ptr
    gpu.launch_func <%35 : !llvm.ptr> @main_kernel_0::@main_kernel blocks in (%4, %9, %9) threads in (%9, %9, %9) : i64 args(%5 : i64, %8 : f32, %1 : i64, %9 : i64, %4 : i64, %arg0 : !llvm.ptr<1>, %arg1 : !llvm.ptr<1>, %arg2 : i64, %arg3 : i64, %arg4 : i64, %arg5 : i64, %arg6 : i64, %arg7 : i64, %arg8 : i64, %3 : i64, %2 : i64, %34 : !llvm.ptr, %34 : !llvm.ptr, %14 : i64, %23 : !llvm.ptr, %23 : !llvm.ptr, %14 : i64, %11 : i64, %12 : i64, %24 : i64, %15 : i64, %arg9 : !llvm.ptr<1>, %arg10 : !llvm.ptr<1>, %arg11 : i64, %arg12 : i64, %arg13 : i64, %arg14 : i64, %arg15 : i64, %0 : f32, %27 : !llvm.ptr, %27 : !llvm.ptr, %14 : i64)
    %expand_shape = memref.expand_shape %31 [] output_shape [1] : memref<f32> into memref<1xf32>
    %36 = llvm.addrspacecast %arg17 : !llvm.ptr<1> to !llvm.ptr
    %37 = builtin.unrealized_conversion_cast %expand_shape : memref<1xf32> to !llvm.struct<(ptr, ptr, i64, array<1 x i64>, array<1 x i64>)>
    %38 = llvm.extractvalue %37[1] : !llvm.struct<(ptr, ptr, i64, array<1 x i64>, array<1 x i64>)> 
    %39 = llvm.mul %10, %15 : i64
    %40 = llvm.call @cudaMemcpyAsync(%36, %38, %39, %17, %35) : (!llvm.ptr, !llvm.ptr, i64, i32, !llvm.ptr) -> i32
    %41 = llvm.call @cudaFreeAsync(%23, %35) : (!llvm.ptr, !llvm.ptr) -> i32
    %42 = llvm.call @cudaFreeAsync(%27, %35) : (!llvm.ptr, !llvm.ptr) -> i32
    %43 = llvm.call @cudaFreeAsync(%34, %35) : (!llvm.ptr, !llvm.ptr) -> i32
    llvm.call @mgpuStreamSynchronize(%35) : (!llvm.ptr) -> ()
    llvm.call @mgpuStreamDestroy(%35) : (!llvm.ptr) -> ()
    llvm.return
  }
  llvm.func @_mlir_ciface_main(%arg0: !llvm.ptr, %arg1: !llvm.ptr, %arg2: !llvm.ptr {bufferization.writable = true}) attributes {llvm.emit_c_interface} {
    %0 = llvm.load %arg0 : !llvm.ptr -> !llvm.struct<(ptr<1>, ptr<1>, i64, array<3 x i64>, array<3 x i64>)>
    %1 = llvm.extractvalue %0[0] : !llvm.struct<(ptr<1>, ptr<1>, i64, array<3 x i64>, array<3 x i64>)> 
    %2 = llvm.extractvalue %0[1] : !llvm.struct<(ptr<1>, ptr<1>, i64, array<3 x i64>, array<3 x i64>)> 
    %3 = llvm.extractvalue %0[2] : !llvm.struct<(ptr<1>, ptr<1>, i64, array<3 x i64>, array<3 x i64>)> 
    %4 = llvm.extractvalue %0[3, 0] : !llvm.struct<(ptr<1>, ptr<1>, i64, array<3 x i64>, array<3 x i64>)> 
    %5 = llvm.extractvalue %0[3, 1] : !llvm.struct<(ptr<1>, ptr<1>, i64, array<3 x i64>, array<3 x i64>)> 
    %6 = llvm.extractvalue %0[3, 2] : !llvm.struct<(ptr<1>, ptr<1>, i64, array<3 x i64>, array<3 x i64>)> 
    %7 = llvm.extractvalue %0[4, 0] : !llvm.struct<(ptr<1>, ptr<1>, i64, array<3 x i64>, array<3 x i64>)> 
    %8 = llvm.extractvalue %0[4, 1] : !llvm.struct<(ptr<1>, ptr<1>, i64, array<3 x i64>, array<3 x i64>)> 
    %9 = llvm.extractvalue %0[4, 2] : !llvm.struct<(ptr<1>, ptr<1>, i64, array<3 x i64>, array<3 x i64>)> 
    %10 = llvm.load %arg1 : !llvm.ptr -> !llvm.struct<(ptr<1>, ptr<1>, i64, array<2 x i64>, array<2 x i64>)>
    %11 = llvm.extractvalue %10[0] : !llvm.struct<(ptr<1>, ptr<1>, i64, array<2 x i64>, array<2 x i64>)> 
    %12 = llvm.extractvalue %10[1] : !llvm.struct<(ptr<1>, ptr<1>, i64, array<2 x i64>, array<2 x i64>)> 
    %13 = llvm.extractvalue %10[2] : !llvm.struct<(ptr<1>, ptr<1>, i64, array<2 x i64>, array<2 x i64>)> 
    %14 = llvm.extractvalue %10[3, 0] : !llvm.struct<(ptr<1>, ptr<1>, i64, array<2 x i64>, array<2 x i64>)> 
    %15 = llvm.extractvalue %10[3, 1] : !llvm.struct<(ptr<1>, ptr<1>, i64, array<2 x i64>, array<2 x i64>)> 
    %16 = llvm.extractvalue %10[4, 0] : !llvm.struct<(ptr<1>, ptr<1>, i64, array<2 x i64>, array<2 x i64>)> 
    %17 = llvm.extractvalue %10[4, 1] : !llvm.struct<(ptr<1>, ptr<1>, i64, array<2 x i64>, array<2 x i64>)> 
    %18 = llvm.load %arg2 : !llvm.ptr -> !llvm.struct<(ptr<1>, ptr<1>, i64, array<1 x i64>, array<1 x i64>)>
    %19 = llvm.extractvalue %18[0] : !llvm.struct<(ptr<1>, ptr<1>, i64, array<1 x i64>, array<1 x i64>)> 
    %20 = llvm.extractvalue %18[1] : !llvm.struct<(ptr<1>, ptr<1>, i64, array<1 x i64>, array<1 x i64>)> 
    %21 = llvm.extractvalue %18[2] : !llvm.struct<(ptr<1>, ptr<1>, i64, array<1 x i64>, array<1 x i64>)> 
    %22 = llvm.extractvalue %18[3, 0] : !llvm.struct<(ptr<1>, ptr<1>, i64, array<1 x i64>, array<1 x i64>)> 
    %23 = llvm.extractvalue %18[4, 0] : !llvm.struct<(ptr<1>, ptr<1>, i64, array<1 x i64>, array<1 x i64>)> 
    llvm.call @main(%1, %2, %3, %4, %5, %6, %7, %8, %9, %11, %12, %13, %14, %15, %16, %17, %19, %20, %21, %22, %23) : (!llvm.ptr<1>, !llvm.ptr<1>, i64, i64, i64, i64, i64, i64, i64, !llvm.ptr<1>, !llvm.ptr<1>, i64, i64, i64, i64, i64, !llvm.ptr<1>, !llvm.ptr<1>, i64, i64, i64) -> ()
    llvm.return
  }
  gpu.binary @main_kernel  [#gpu.object<#nvvm.target<O = 3, chip = "sm_86", features = "+ptx76", flags = {fast, ftz}>, properties = {LLVMIRToISATimeInMs = 4 : i64, O = 3 : i32}, assembly = "//\0A// Generated by LLVM NVPTX Back-End\0A//\0A\0A.version 7.6\0A.target sm_86\0A.address_size 64\0A\0A\09// .globl\09main_kernel\0A\0A.visible .entry main_kernel(\0A\09.param .u64 main_kernel_param_0,\0A\09.param .u64 .ptr .align 1 main_kernel_param_1,\0A\09.param .u64 .ptr .align 1 main_kernel_param_2,\0A\09.param .u64 main_kernel_param_3,\0A\09.param .u64 main_kernel_param_4,\0A\09.param .u64 main_kernel_param_5,\0A\09.param .u64 main_kernel_param_6,\0A\09.param .u64 main_kernel_param_7,\0A\09.param .f32 main_kernel_param_8,\0A\09.param .u64 main_kernel_param_9,\0A\09.param .u64 main_kernel_param_10,\0A\09.param .u64 main_kernel_param_11,\0A\09.param .u64 .ptr .global .align 1 main_kernel_param_12,\0A\09.param .u64 .ptr .global .align 1 main_kernel_param_13,\0A\09.param .u64 main_kernel_param_14,\0A\09.param .u64 main_kernel_param_15,\0A\09.param .u64 main_kernel_param_16,\0A\09.param .u64 main_kernel_param_17,\0A\09.param .u64 main_kernel_param_18,\0A\09.param .u64 main_kernel_param_19,\0A\09.param .u64 main_kernel_param_20,\0A\09.param .u64 main_kernel_param_21,\0A\09.param .u64 main_kernel_param_22,\0A\09.param .f32 main_kernel_param_23\0A)\0A.maxntid 1, 1, 1\0A{\0A\09.local .align 4 .b8 \09__local_depot0[4096];\0A\09.reg .b64 \09%SP;\0A\09.reg .b64 \09%SPL;\0A\09.reg .pred \09%p<29>;\0A\09.reg .b32 \09%r<28>;\0A\09.reg .b64 \09%rd<129>;\0A\0A\09mov.b64 \09%SPL, __local_depot0;\0A\09ld.param.b64 \09%rd80, [main_kernel_param_22];\0A\09ld.param.b64 \09%rd79, [main_kernel_param_21];\0A\09ld.param.b64 \09%rd77, [main_kernel_param_11];\0A\09ld.param.b64 \09%rd76, [main_kernel_param_10];\0A\09ld.param.b64 \09%rd75, [main_kernel_param_9];\0A\09ld.param.b64 \09%rd74, [main_kernel_param_0];\0A\09ld.param.b64 \09%rd81, [main_kernel_param_2];\0A\09cvta.to.global.u64 \09%rd1, %rd81;\0A\09mov.u32 \09%r10, %ctaid.x;\0A\09cvt.u64.u32 \09%rd82, %r10;\0A\09add.u64 \09%rd3, %SPL, 0;\0A\09setp.ge.s64 \09%p1, %rd75, %rd77;\0A\09shl.b64 \09%rd104, %rd76, 2;\0A\09setp.ge.s64 \09%p28, %rd75, %rd74;\0A\09@%p1 bra \09$L__BB0_5;\0A\09ld.param.b32 \09%r8, [main_kernel_param_8];\0A\09mad.lo.s64 \09%rd105, %rd75, 516, %rd3;\0A\09shl.b64 \09%rd5, %rd76, 9;\0A\09mov.b64 \09%rd106, %rd75;\0A\09bra.uni \09$L__BB0_2;\0A$L__BB0_4:\0A\09add.s64 \09%rd106, %rd106, %rd76;\0A\09add.s64 \09%rd105, %rd105, %rd5;\0A\09setp.lt.s64 \09%p4, %rd106, %rd77;\0A\09@%p4 bra \09$L__BB0_2;\0A\09bra.uni \09$L__BB0_5;\0A$L__BB0_2:\0A\09mov.b64 \09%rd107, %rd105;\0A\09mov.b64 \09%rd108, %rd75;\0A\09@%p28 bra \09$L__BB0_4;\0A$L__BB0_3:\0A\09st.local.b32 \09[%rd107], %r8;\0A\09add.s64 \09%rd108, %rd108, %rd76;\0A\09add.s64 \09%rd107, %rd107, %rd104;\0A\09setp.lt.s64 \09%p3, %rd108, %rd74;\0A\09@%p3 bra \09$L__BB0_3;\0A\09bra.uni \09$L__BB0_4;\0A$L__BB0_5:\0A\09ld.param.b64 \09%rd78, [main_kernel_param_13];\0A\09mul.lo.s64 \09%rd2, %rd74, %rd82;\0A\09setp.ge.s64 \09%p5, %rd75, %rd80;\0A\09mul.lo.s64 \09%rd99, %rd75, 6297608;\0A\09shl.b64 \09%rd100, %rd79, 2;\0A\09mul.lo.s64 \09%rd101, %rd76, 6291456;\0A\09mul.lo.s64 \09%rd102, %rd76, 6144;\0A\09setp.ge.s64 \09%p27, %rd75, %rd79;\0A\09@%p5 bra \09$L__BB0_17;\0A\09mad.lo.s64 \09%rd85, %rd2, 6144, %rd99;\0A\09add.s64 \09%rd109, %rd78, %rd85;\0A\09mov.b64 \09%rd110, %rd75;\0A\09bra.uni \09$L__BB0_7;\0A$L__BB0_16:\0A\09add.s64 \09%rd110, %rd110, %rd79;\0A\09add.s64 \09%rd109, %rd109, %rd100;\0A\09setp.lt.s64 \09%p12, %rd110, %rd80;\0A\09@%p12 bra \09$L__BB0_7;\0A\09bra.uni \09$L__BB0_17;\0A$L__BB0_7:\0A\09mov.b64 \09%rd111, %rd109;\0A\09mov.b64 \09%rd112, %rd75;\0A\09@%p1 bra \09$L__BB0_16;\0A\09bra.uni \09$L__BB0_8;\0A$L__BB0_15:\0A\09add.s64 \09%rd112, %rd112, %rd76;\0A\09add.s64 \09%rd111, %rd111, %rd101;\0A\09setp.lt.s64 \09%p11, %rd112, %rd77;\0A\09@%p11 bra \09$L__BB0_8;\0A\09bra.uni \09$L__BB0_16;\0A$L__BB0_8:\0A\09@%p28 bra \09$L__BB0_15;\0A\09shl.b64 \09%rd86, %rd112, 9;\0A\09add.s64 \09%rd27, %rd3, %rd86;\0A\09mov.b64 \09%rd113, %rd111;\0A\09mov.b64 \09%rd114, %rd75;\0A\09bra.uni \09$L__BB0_10;\0A$L__BB0_14:\0A\09add.s64 \09%rd114, %rd114, %rd76;\0A\09add.s64 \09%rd113, %rd113, %rd102;\0A\09setp.lt.s64 \09%p10, %rd114, %rd74;\0A\09@%p10 bra \09$L__BB0_10;\0A\09bra.uni \09$L__BB0_15;\0A$L__BB0_10:\0A\09@%p27 bra \09$L__BB0_14;\0A\09shl.b64 \09%rd87, %rd114, 2;\0A\09add.s64 \09%rd30, %rd27, %rd87;\0A\09ld.local.b32 \09%r26, [%rd30];\0A\09mov.b64 \09%rd115, %rd113;\0A\09mov.b64 \09%rd116, %rd75;\0A$L__BB0_12:\0A\09ld.global.b32 \09%r11, [%rd115];\0A\09max.NaN.f32 \09%r26, %r11, %r26;\0A\09add.s64 \09%rd116, %rd116, %rd76;\0A\09add.s64 \09%rd115, %rd115, %rd104;\0A\09setp.lt.s64 \09%p9, %rd116, %rd79;\0A\09@%p9 bra \09$L__BB0_12;\0A\09st.local.b32 \09[%rd30], %r26;\0A\09bra.uni \09$L__BB0_14;\0A$L__BB0_17:\0A\09shl.b64 \09%rd97, %rd2, 2;\0A\09@%p1 bra \09$L__BB0_22;\0A\09ld.param.b32 \09%r9, [main_kernel_param_23];\0A\09mad.lo.s64 \09%rd89, %rd75, 4100, %rd97;\0A\09add.s64 \09%rd117, %rd1, %rd89;\0A\09shl.b64 \09%rd23, %rd76, 12;\0A\09mov.b64 \09%rd118, %rd75;\0A\09bra.uni \09$L__BB0_19;\0A$L__BB0_21:\0A\09add.s64 \09%rd118, %rd118, %rd76;\0A\09add.s64 \09%rd117, %rd117, %rd23;\0A\09setp.lt.s64 \09%p16, %rd118, %rd77;\0A\09@%p16 bra \09$L__BB0_19;\0A\09bra.uni \09$L__BB0_22;\0A$L__BB0_19:\0A\09mov.b64 \09%rd119, %rd117;\0A\09mov.b64 \09%rd120, %rd75;\0A\09@%p28 bra \09$L__BB0_21;\0A$L__BB0_20:\0A\09st.global.b32 \09[%rd119], %r9;\0A\09add.s64 \09%rd120, %rd120, %rd76;\0A\09add.s64 \09%rd119, %rd119, %rd104;\0A\09setp.lt.s64 \09%p15, %rd120, %rd74;\0A\09@%p15 bra \09$L__BB0_20;\0A\09bra.uni \09$L__BB0_21;\0A$L__BB0_22:\0A\09@%p5 bra \09$L__BB0_34;\0A\09add.s64 \09%rd43, %rd1, %rd97;\0A\09mad.lo.s64 \09%rd92, %rd2, 6144, %rd99;\0A\09add.s64 \09%rd121, %rd78, %rd92;\0A\09mov.b64 \09%rd122, %rd75;\0A\09bra.uni \09$L__BB0_24;\0A$L__BB0_33:\0A\09add.s64 \09%rd122, %rd122, %rd79;\0A\09add.s64 \09%rd121, %rd121, %rd100;\0A\09setp.lt.s64 \09%p24, %rd122, %rd80;\0A\09@%p24 bra \09$L__BB0_24;\0A\09bra.uni \09$L__BB0_34;\0A$L__BB0_24:\0A\09@%p1 bra \09$L__BB0_33;\0A\09mov.b64 \09%rd123, %rd121;\0A\09mov.b64 \09%rd124, %rd75;\0A\09bra.uni \09$L__BB0_26;\0A$L__BB0_32:\0A\09add.s64 \09%rd124, %rd124, %rd76;\0A\09add.s64 \09%rd123, %rd123, %rd101;\0A\09setp.lt.s64 \09%p23, %rd124, %rd77;\0A\09@%p23 bra \09$L__BB0_26;\0A\09bra.uni \09$L__BB0_33;\0A$L__BB0_26:\0A\09@%p28 bra \09$L__BB0_32;\0A\09shl.b64 \09%rd93, %rd124, 9;\0A\09add.s64 \09%rd59, %rd3, %rd93;\0A\09shl.b64 \09%rd94, %rd124, 12;\0A\09add.s64 \09%rd60, %rd43, %rd94;\0A\09mov.b64 \09%rd125, %rd123;\0A\09mov.b64 \09%rd126, %rd75;\0A\09bra.uni \09$L__BB0_28;\0A$L__BB0_31:\0A\09add.s64 \09%rd126, %rd126, %rd76;\0A\09add.s64 \09%rd125, %rd125, %rd102;\0A\09setp.lt.s64 \09%p22, %rd126, %rd74;\0A\09@%p22 bra \09$L__BB0_28;\0A\09bra.uni \09$L__BB0_32;\0A$L__BB0_28:\0A\09@%p27 bra \09$L__BB0_31;\0A\09shl.b64 \09%rd95, %rd126, 2;\0A\09add.s64 \09%rd96, %rd59, %rd95;\0A\09ld.local.b32 \09%r4, [%rd96];\0A\09add.s64 \09%rd63, %rd60, %rd95;\0A\09ld.global.b32 \09%r27, [%rd63];\0A\09mov.b64 \09%rd127, %rd125;\0A\09mov.b64 \09%rd128, %rd75;\0A$L__BB0_30:\0A\09ld.global.b32 \09%r12, [%rd127];\0A\09sub.rn.f32 \09%r13, %r12, %r4;\0A\09fma.rn.f32 \09%r14, %r13, 0f3BBB989D, 0f3F000000;\0A\09cvt.sat.f32.f32 \09%r15, %r14;\0A\09mov.b32 \09%r16, 0f4B400001;\0A\09mov.b32 \09%r17, 0f437C0000;\0A\09fma.rm.f32 \09%r18, %r15, %r17, %r16;\0A\09add.rn.f32 \09%r19, %r18, 0fCB40007F;\0A\09neg.f32 \09%r20, %r19;\0A\09fma.rn.f32 \09%r21, %r13, 0f3FB8AA3B, %r20;\0A\09fma.rn.f32 \09%r22, %r13, 0f32A57060, %r21;\0A\09shl.b32 \09%r23, %r18, 23;\0A\09ex2.approx.ftz.f32 \09%r24, %r22;\0A\09mul.rn.f32 \09%r25, %r24, %r23;\0A\09add.rn.f32 \09%r27, %r27, %r25;\0A\09st.global.b32 \09[%rd63], %r27;\0A\09add.s64 \09%rd128, %rd128, %rd76;\0A\09add.s64 \09%rd127, %rd127, %rd104;\0A\09setp.lt.s64 \09%p21, %rd128, %rd79;\0A\09@%p21 bra \09$L__BB0_30;\0A\09bra.uni \09$L__BB0_31;\0A$L__BB0_34:\0A\09ret;\0A\0A}\0A">]
  gpu.binary @main_kernel_0  [#gpu.object<#nvvm.target<O = 3, chip = "sm_86", features = "+ptx76", flags = {fast, ftz}>, properties = {LLVMIRToISATimeInMs = 3 : i64, O = 3 : i32}, assembly = "//\0A// Generated by LLVM NVPTX Back-End\0A//\0A\0A.version 7.6\0A.target sm_86\0A.address_size 64\0A\0A\09// .globl\09main_kernel\0A\0A.visible .entry main_kernel(\0A\09.param .u64 main_kernel_param_0,\0A\09.param .f32 main_kernel_param_1,\0A\09.param .u64 main_kernel_param_2,\0A\09.param .u64 main_kernel_param_3,\0A\09.param .u64 main_kernel_param_4,\0A\09.param .u64 .ptr .global .align 1 main_kernel_param_5,\0A\09.param .u64 .ptr .global .align 1 main_kernel_param_6,\0A\09.param .u64 main_kernel_param_7,\0A\09.param .u64 main_kernel_param_8,\0A\09.param .u64 main_kernel_param_9,\0A\09.param .u64 main_kernel_param_10,\0A\09.param .u64 main_kernel_param_11,\0A\09.param .u64 main_kernel_param_12,\0A\09.param .u64 main_kernel_param_13,\0A\09.param .u64 main_kernel_param_14,\0A\09.param .u64 main_kernel_param_15,\0A\09.param .u64 .ptr .align 1 main_kernel_param_16,\0A\09.param .u64 .ptr .align 1 main_kernel_param_17,\0A\09.param .u64 main_kernel_param_18,\0A\09.param .u64 .ptr .align 1 main_kernel_param_19,\0A\09.param .u64 .ptr .align 1 main_kernel_param_20,\0A\09.param .u64 main_kernel_param_21,\0A\09.param .u64 main_kernel_param_22,\0A\09.param .u64 main_kernel_param_23,\0A\09.param .u64 main_kernel_param_24,\0A\09.param .u64 main_kernel_param_25,\0A\09.param .u64 .ptr .global .align 1 main_kernel_param_26,\0A\09.param .u64 .ptr .global .align 1 main_kernel_param_27,\0A\09.param .u64 main_kernel_param_28,\0A\09.param .u64 main_kernel_param_29,\0A\09.param .u64 main_kernel_param_30,\0A\09.param .u64 main_kernel_param_31,\0A\09.param .u64 main_kernel_param_32,\0A\09.param .f32 main_kernel_param_33,\0A\09.param .u64 .ptr .align 1 main_kernel_param_34,\0A\09.param .u64 .ptr .align 1 main_kernel_param_35,\0A\09.param .u64 main_kernel_param_36\0A)\0A.maxntid 1, 1, 1\0A{\0A\09.local .align 4 .b8 \09__local_depot0[4096];\0A\09.reg .b64 \09%SP;\0A\09.reg .b64 \09%SPL;\0A\09.reg .pred \09%p<26>;\0A\09.reg .b32 \09%r<55>;\0A\09.reg .b64 \09%rd<153>;\0A\0A\09mov.b64 \09%SPL, __local_depot0;\0A\09ld.param.b64 \09%rd96, [main_kernel_param_15];\0A\09ld.param.b64 \09%rd95, [main_kernel_param_14];\0A\09ld.param.b64 \09%rd93, [main_kernel_param_4];\0A\09ld.param.b64 \09%rd92, [main_kernel_param_3];\0A\09ld.param.b64 \09%rd91, [main_kernel_param_2];\0A\09ld.param.b64 \09%rd90, [main_kernel_param_0];\0A\09ld.param.b64 \09%rd98, [main_kernel_param_17];\0A\09cvta.to.global.u64 \09%rd1, %rd98;\0A\09ld.param.b64 \09%rd99, [main_kernel_param_20];\0A\09cvta.to.global.u64 \09%rd2, %rd99;\0A\09ld.param.b64 \09%rd100, [main_kernel_param_35];\0A\09cvta.to.global.u64 \09%rd3, %rd100;\0A\09mov.u32 \09%r15, %ctaid.x;\0A\09cvt.u64.u32 \09%rd101, %r15;\0A\09add.u64 \09%rd5, %SPL, 0;\0A\09setp.ge.s64 \09%p1, %rd91, %rd93;\0A\09shl.b64 \09%rd121, %rd92, 9;\0A\09shl.b64 \09%rd122, %rd92, 2;\0A\09setp.ge.s64 \09%p25, %rd91, %rd90;\0A\09@%p1 bra \09$L__BB0_5;\0A\09ld.param.b32 \09%r13, [main_kernel_param_1];\0A\09mad.lo.s64 \09%rd123, %rd91, 516, %rd5;\0A\09mov.b64 \09%rd124, %rd91;\0A\09bra.uni \09$L__BB0_2;\0A$L__BB0_4:\0A\09add.s64 \09%rd124, %rd124, %rd92;\0A\09add.s64 \09%rd123, %rd123, %rd121;\0A\09setp.lt.s64 \09%p4, %rd124, %rd93;\0A\09@%p4 bra \09$L__BB0_2;\0A\09bra.uni \09$L__BB0_5;\0A$L__BB0_2:\0A\09mov.b64 \09%rd125, %rd123;\0A\09mov.b64 \09%rd126, %rd91;\0A\09@%p25 bra \09$L__BB0_4;\0A$L__BB0_3:\0A\09st.local.b32 \09[%rd125], %r13;\0A\09add.s64 \09%rd126, %rd126, %rd92;\0A\09add.s64 \09%rd125, %rd125, %rd122;\0A\09setp.lt.s64 \09%p3, %rd126, %rd90;\0A\09@%p3 bra \09$L__BB0_3;\0A\09bra.uni \09$L__BB0_4;\0A$L__BB0_5:\0A\09ld.param.b64 \09%rd94, [main_kernel_param_6];\0A\09mul.lo.s64 \09%rd4, %rd90, %rd101;\0A\09setp.ge.s64 \09%p5, %rd91, %rd96;\0A\09shl.b64 \09%rd117, %rd95, 2;\0A\09mul.lo.s64 \09%rd118, %rd92, 6291456;\0A\09mul.lo.s64 \09%rd119, %rd92, 6144;\0A\09setp.ge.s64 \09%p24, %rd91, %rd95;\0A\09@%p5 bra \09$L__BB0_18;\0A\09mul.lo.s64 \09%rd103, %rd91, 6297608;\0A\09mad.lo.s64 \09%rd104, %rd4, 6144, %rd103;\0A\09add.s64 \09%rd127, %rd94, %rd104;\0A\09mov.b64 \09%rd128, %rd91;\0A\09bra.uni \09$L__BB0_7;\0A$L__BB0_17:\0A\09add.s64 \09%rd128, %rd128, %rd95;\0A\09add.s64 \09%rd127, %rd127, %rd117;\0A\09setp.lt.s64 \09%p12, %rd128, %rd96;\0A\09@%p12 bra \09$L__BB0_7;\0A\09bra.uni \09$L__BB0_18;\0A$L__BB0_7:\0A\09@%p1 bra \09$L__BB0_17;\0A\09mov.b64 \09%rd129, %rd127;\0A\09mov.b64 \09%rd130, %rd91;\0A\09bra.uni \09$L__BB0_9;\0A$L__BB0_16:\0A\09add.s64 \09%rd130, %rd130, %rd92;\0A\09add.s64 \09%rd129, %rd129, %rd118;\0A\09setp.lt.s64 \09%p11, %rd130, %rd93;\0A\09@%p11 bra \09$L__BB0_9;\0A\09bra.uni \09$L__BB0_17;\0A$L__BB0_9:\0A\09@%p25 bra \09$L__BB0_16;\0A\09shl.b64 \09%rd105, %rd130, 9;\0A\09add.s64 \09%rd26, %rd5, %rd105;\0A\09mov.b64 \09%rd131, %rd129;\0A\09mov.b64 \09%rd132, %rd91;\0A\09bra.uni \09$L__BB0_11;\0A$L__BB0_15:\0A\09add.s64 \09%rd132, %rd132, %rd92;\0A\09add.s64 \09%rd131, %rd131, %rd119;\0A\09setp.lt.s64 \09%p10, %rd132, %rd90;\0A\09@%p10 bra \09$L__BB0_11;\0A\09bra.uni \09$L__BB0_16;\0A$L__BB0_11:\0A\09@%p24 bra \09$L__BB0_15;\0A\09shl.b64 \09%rd106, %rd132, 2;\0A\09add.s64 \09%rd29, %rd26, %rd106;\0A\09ld.local.b32 \09%r47, [%rd29];\0A\09mov.b64 \09%rd133, %rd131;\0A\09mov.b64 \09%rd134, %rd91;\0A$L__BB0_13:\0A\09ld.global.b32 \09%r16, [%rd133];\0A\09max.f32 \09%r47, %r16, %r47;\0A\09add.s64 \09%rd134, %rd134, %rd92;\0A\09add.s64 \09%rd133, %rd133, %rd122;\0A\09setp.lt.s64 \09%p9, %rd134, %rd95;\0A\09@%p9 bra \09$L__BB0_13;\0A\09st.local.b32 \09[%rd29], %r47;\0A\09bra.uni \09$L__BB0_15;\0A$L__BB0_18:\0A\09ld.param.b32 \09%r14, [main_kernel_param_33];\0A\09ld.global.b32 \09%r51, [%rd1];\0A\09@%p1 bra \09$L__BB0_29;\0A\09ld.param.b64 \09%rd97, [main_kernel_param_27];\0A\09mad.lo.s64 \09%rd138, %rd91, 1032, %rd5;\0A\09shl.b64 \09%rd41, %rd95, 9;\0A\09shl.b64 \09%rd107, %rd4, 2;\0A\09mad.lo.s64 \09%rd108, %rd91, 8200, %rd107;\0A\09add.s64 \09%rd137, %rd2, %rd108;\0A\09shl.b64 \09%rd46, %rd95, 12;\0A\09shl.b64 \09%rd47, %rd92, 12;\0A\09add.s64 \09%rd136, %rd97, %rd108;\0A\09mul.lo.s64 \09%rd109, %rd91, 12595200;\0A\09mad.lo.s64 \09%rd110, %rd4, 6144, %rd109;\0A\09add.s64 \09%rd135, %rd94, %rd110;\0A\09mul.lo.s64 \09%rd50, %rd95, 6291456;\0A\09mul.lo.s64 \09%rd51, %rd95, 6144;\0A\09mov.b64 \09%rd139, %rd91;\0A\09bra.uni \09$L__BB0_20;\0A$L__BB0_28:\0A\09add.s64 \09%rd139, %rd139, %rd95;\0A\09add.s64 \09%rd138, %rd138, %rd41;\0A\09add.s64 \09%rd137, %rd137, %rd46;\0A\09add.s64 \09%rd136, %rd136, %rd46;\0A\09add.s64 \09%rd135, %rd135, %rd50;\0A\09setp.lt.s64 \09%p22, %rd139, %rd93;\0A\09@%p22 bra \09$L__BB0_20;\0A\09bra.uni \09$L__BB0_29;\0A$L__BB0_20:\0A\09@%p25 bra \09$L__BB0_28;\0A\09mov.b64 \09%rd140, %rd135;\0A\09mov.b64 \09%rd141, %rd136;\0A\09mov.b64 \09%rd142, %rd137;\0A\09mov.b64 \09%rd143, %rd138;\0A\09mov.b64 \09%rd144, %rd91;\0A\09bra.uni \09$L__BB0_22;\0A$L__BB0_27:\0A\09add.s64 \09%rd144, %rd144, %rd95;\0A\09add.s64 \09%rd143, %rd143, %rd117;\0A\09add.s64 \09%rd142, %rd142, %rd117;\0A\09add.s64 \09%rd141, %rd141, %rd117;\0A\09add.s64 \09%rd140, %rd140, %rd51;\0A\09setp.lt.s64 \09%p21, %rd144, %rd90;\0A\09@%p21 bra \09$L__BB0_22;\0A\09bra.uni \09$L__BB0_28;\0A$L__BB0_22:\0A\09@%p24 bra \09$L__BB0_27;\0A\09mov.b64 \09%rd145, %rd140;\0A\09mov.b64 \09%rd146, %rd141;\0A\09mov.b64 \09%rd147, %rd142;\0A\09mov.b64 \09%rd148, %rd143;\0A\09mov.b64 \09%rd149, %rd91;\0A$L__BB0_24:\0A\09mov.b64 \09%rd151, 0;\0A\09mov.b64 \09%rd150, %rd145;\0A\09mov.b64 \09%rd152, %rd91;\0A$L__BB0_25:\0A\09add.s64 \09%rd112, %rd147, %rd151;\0A\09ld.global.b32 \09%r17, [%rd112];\0A\09add.s64 \09%rd113, %rd148, %rd151;\0A\09ld.local.b32 \09%r18, [%rd113];\0A\09add.s64 \09%rd114, %rd146, %rd151;\0A\09ld.global.b32 \09%r19, [%rd114];\0A\09mul.wide.s32 \09%rd115, %r19, 4;\0A\09add.s64 \09%rd116, %rd150, %rd115;\0A\09ld.global.b32 \09%r20, [%rd116];\0A\09setp.lt.f32 \09%p16, %r17, 0f00800000;\0A\09mul.rn.f32 \09%r21, %r17, 0f4B000000;\0A\09selp.f32 \09%r22, %r21, %r17, %p16;\0A\09selp.f32 \09%r23, 0fC1B80000, 0f00000000, %p16;\0A\09add.s32 \09%r24, %r22, -1059760811;\0A\09and.b32 \09%r25, %r24, -8388608;\0A\09sub.s32 \09%r26, %r22, %r25;\0A\09cvt.rn.f32.s32 \09%r27, %r25;\0A\09fma.rn.f32 \09%r28, %r27, 0f34000000, %r23;\0A\09add.rn.f32 \09%r29, %r26, 0fBF800000;\0A\09fma.rn.f32 \09%r30, %r29, 0fBE055027, 0f3E1039F6;\0A\09fma.rn.f32 \09%r31, %r30, %r29, 0fBDF8CDCC;\0A\09fma.rn.f32 \09%r32, %r31, %r29, 0f3E0F2955;\0A\09fma.rn.f32 \09%r33, %r32, %r29, 0fBE2AD8B9;\0A\09fma.rn.f32 \09%r34, %r33, %r29, 0f3E4CED0B;\0A\09fma.rn.f32 \09%r35, %r34, %r29, 0fBE7FFF22;\0A\09fma.rn.f32 \09%r36, %r35, %r29, 0f3EAAAA78;\0A\09fma.rn.f32 \09%r37, %r36, %r29, 0fBF000000;\0A\09mul.rn.f32 \09%r38, %r29, %r37;\0A\09fma.rn.f32 \09%r39, %r38, %r29, %r29;\0A\09fma.rn.f32 \09%r40, %r28, 0f3F317218, %r39;\0A\09setp.gt.u32 \09%p17, %r22, 2139095039;\0A\09fma.rn.f32 \09%r41, %r22, 0f7F800000, 0f7F800000;\0A\09selp.f32 \09%r42, %r41, %r40, %p17;\0A\09setp.eq.f32 \09%p18, %r22, 0f00000000;\0A\09selp.f32 \09%r43, 0fFF800000, %r42, %p18;\0A\09add.rn.f32 \09%r44, %r18, %r43;\0A\09sub.rn.f32 \09%r45, %r44, %r20;\0A\09add.rn.f32 \09%r51, %r51, %r45;\0A\09add.s64 \09%rd152, %rd152, %rd92;\0A\09add.s64 \09%rd151, %rd151, %rd122;\0A\09add.s64 \09%rd150, %rd150, %rd119;\0A\09setp.lt.s64 \09%p19, %rd152, %rd95;\0A\09@%p19 bra \09$L__BB0_25;\0A\09add.s64 \09%rd149, %rd149, %rd92;\0A\09add.s64 \09%rd148, %rd148, %rd121;\0A\09add.s64 \09%rd147, %rd147, %rd47;\0A\09add.s64 \09%rd146, %rd146, %rd47;\0A\09add.s64 \09%rd145, %rd145, %rd118;\0A\09setp.lt.s64 \09%p20, %rd149, %rd95;\0A\09@%p20 bra \09$L__BB0_24;\0A\09bra.uni \09$L__BB0_27;\0A$L__BB0_29:\0A\09div.rn.f32 \09%r46, %r51, %r14;\0A\09st.global.b32 \09[%rd3], %r46;\0A\09ret;\0A\0A}\0A">]
  llvm.func @mgpuStreamCreate() -> !llvm.ptr
  llvm.func @mgpuStreamSynchronize(!llvm.ptr)
  llvm.func @mgpuStreamDestroy(!llvm.ptr)
}


// -----// IR Dump After ArithToLLVMConversionPass (convert-arith-to-llvm) //----- //
module attributes {gpu.container_module} {
  llvm.func @cudaMallocAsync(!llvm.ptr, i64, !llvm.ptr) -> i32
  llvm.func @cudaMemcpyAsync(!llvm.ptr, !llvm.ptr, i64, i32, !llvm.ptr) -> i32
  llvm.func @cudaFreeAsync(!llvm.ptr, !llvm.ptr) -> i32
  llvm.func @main(%arg0: !llvm.ptr<1>, %arg1: !llvm.ptr<1>, %arg2: i64, %arg3: i64, %arg4: i64, %arg5: i64, %arg6: i64, %arg7: i64, %arg8: i64, %arg9: !llvm.ptr<1>, %arg10: !llvm.ptr<1>, %arg11: i64, %arg12: i64, %arg13: i64, %arg14: i64, %arg15: i64, %arg16: !llvm.ptr<1>, %arg17: !llvm.ptr<1>, %arg18: i64, %arg19: i64, %arg20: i64) attributes {llvm.emit_c_interface} {
    %0 = llvm.mlir.constant(8.192000e+03 : f32) : f32
    %1 = llvm.mlir.constant(0 : index) : i64
    %2 = llvm.mlir.constant(1536 : index) : i64
    %3 = llvm.mlir.constant(4 : index) : i64
    %4 = llvm.mlir.constant(8 : index) : i64
    %5 = llvm.mlir.constant(128 : index) : i64
    %6 = llvm.mlir.constant(-3.40282347E+38 : f32) : f32
    %7 = llvm.mlir.constant(0.000000e+00 : f32) : f32
    %8 = llvm.mlir.constant(0xFF800000 : f32) : f32
    %9 = llvm.mlir.constant(1 : index) : i64
    %10 = llvm.mlir.constant(4 : i64) : i64
    %11 = llvm.mlir.constant(8 : i64) : i64
    %12 = llvm.mlir.constant(1024 : i64) : i64
    %13 = llvm.mlir.constant(1 : i32) : i32
    %14 = llvm.mlir.constant(0 : i64) : i64
    %15 = llvm.mlir.constant(1 : i64) : i64
    %16 = llvm.mlir.undef : !llvm.struct<(ptr, ptr, i64)>
    %17 = llvm.mlir.constant(3 : i32) : i32
    %18 = llvm.call @mgpuStreamCreate() : () -> !llvm.ptr
    %19 = llvm.mul %10, %11 : i64
    %20 = llvm.mul %19, %12 : i64
    %21 = llvm.alloca %13 x !llvm.ptr {alignment = 8 : i64} : (i32) -> !llvm.ptr
    %22 = llvm.call @cudaMallocAsync(%21, %20, %18) : (!llvm.ptr, i64, !llvm.ptr) -> i32
    %23 = llvm.load %21 : !llvm.ptr -> !llvm.ptr
    %24 = llvm.mul %15, %12 : i64
    gpu.launch_func <%18 : !llvm.ptr> @main_kernel::@main_kernel blocks in (%4, %9, %9) threads in (%9, %9, %9) : i64 args(%5 : i64, %23 : !llvm.ptr, %23 : !llvm.ptr, %14 : i64, %11 : i64, %12 : i64, %24 : i64, %15 : i64, %6 : f32, %1 : i64, %9 : i64, %4 : i64, %arg0 : !llvm.ptr<1>, %arg1 : !llvm.ptr<1>, %arg2 : i64, %arg3 : i64, %arg4 : i64, %arg5 : i64, %arg6 : i64, %arg7 : i64, %arg8 : i64, %3 : i64, %2 : i64, %7 : f32)
    %25 = llvm.alloca %13 x !llvm.ptr {alignment = 8 : i64} : (i32) -> !llvm.ptr
    %26 = llvm.call @cudaMallocAsync(%25, %10, %18) : (!llvm.ptr, i64, !llvm.ptr) -> i32
    %27 = llvm.load %25 : !llvm.ptr -> !llvm.ptr
    %28 = llvm.insertvalue %27, %16[0] : !llvm.struct<(ptr, ptr, i64)> 
    %29 = llvm.insertvalue %27, %28[1] : !llvm.struct<(ptr, ptr, i64)> 
    %30 = llvm.insertvalue %14, %29[2] : !llvm.struct<(ptr, ptr, i64)> 
    %31 = builtin.unrealized_conversion_cast %30 : !llvm.struct<(ptr, ptr, i64)> to memref<f32>
    %32 = llvm.alloca %13 x !llvm.ptr {alignment = 8 : i64} : (i32) -> !llvm.ptr
    %33 = llvm.call @cudaMallocAsync(%32, %10, %18) : (!llvm.ptr, i64, !llvm.ptr) -> i32
    %34 = llvm.load %32 : !llvm.ptr -> !llvm.ptr
    llvm.call @mgpuStreamSynchronize(%18) : (!llvm.ptr) -> ()
    llvm.call @mgpuStreamDestroy(%18) : (!llvm.ptr) -> ()
    llvm.store %7, %34 : f32, !llvm.ptr
    %35 = llvm.call @mgpuStreamCreate() : () -> !llvm.ptr
    gpu.launch_func <%35 : !llvm.ptr> @main_kernel_0::@main_kernel blocks in (%4, %9, %9) threads in (%9, %9, %9) : i64 args(%5 : i64, %8 : f32, %1 : i64, %9 : i64, %4 : i64, %arg0 : !llvm.ptr<1>, %arg1 : !llvm.ptr<1>, %arg2 : i64, %arg3 : i64, %arg4 : i64, %arg5 : i64, %arg6 : i64, %arg7 : i64, %arg8 : i64, %3 : i64, %2 : i64, %34 : !llvm.ptr, %34 : !llvm.ptr, %14 : i64, %23 : !llvm.ptr, %23 : !llvm.ptr, %14 : i64, %11 : i64, %12 : i64, %24 : i64, %15 : i64, %arg9 : !llvm.ptr<1>, %arg10 : !llvm.ptr<1>, %arg11 : i64, %arg12 : i64, %arg13 : i64, %arg14 : i64, %arg15 : i64, %0 : f32, %27 : !llvm.ptr, %27 : !llvm.ptr, %14 : i64)
    %expand_shape = memref.expand_shape %31 [] output_shape [1] : memref<f32> into memref<1xf32>
    %36 = llvm.addrspacecast %arg17 : !llvm.ptr<1> to !llvm.ptr
    %37 = builtin.unrealized_conversion_cast %expand_shape : memref<1xf32> to !llvm.struct<(ptr, ptr, i64, array<1 x i64>, array<1 x i64>)>
    %38 = llvm.extractvalue %37[1] : !llvm.struct<(ptr, ptr, i64, array<1 x i64>, array<1 x i64>)> 
    %39 = llvm.mul %10, %15 : i64
    %40 = llvm.call @cudaMemcpyAsync(%36, %38, %39, %17, %35) : (!llvm.ptr, !llvm.ptr, i64, i32, !llvm.ptr) -> i32
    %41 = llvm.call @cudaFreeAsync(%23, %35) : (!llvm.ptr, !llvm.ptr) -> i32
    %42 = llvm.call @cudaFreeAsync(%27, %35) : (!llvm.ptr, !llvm.ptr) -> i32
    %43 = llvm.call @cudaFreeAsync(%34, %35) : (!llvm.ptr, !llvm.ptr) -> i32
    llvm.call @mgpuStreamSynchronize(%35) : (!llvm.ptr) -> ()
    llvm.call @mgpuStreamDestroy(%35) : (!llvm.ptr) -> ()
    llvm.return
  }
  llvm.func @_mlir_ciface_main(%arg0: !llvm.ptr, %arg1: !llvm.ptr, %arg2: !llvm.ptr {bufferization.writable = true}) attributes {llvm.emit_c_interface} {
    %0 = llvm.load %arg0 : !llvm.ptr -> !llvm.struct<(ptr<1>, ptr<1>, i64, array<3 x i64>, array<3 x i64>)>
    %1 = llvm.extractvalue %0[0] : !llvm.struct<(ptr<1>, ptr<1>, i64, array<3 x i64>, array<3 x i64>)> 
    %2 = llvm.extractvalue %0[1] : !llvm.struct<(ptr<1>, ptr<1>, i64, array<3 x i64>, array<3 x i64>)> 
    %3 = llvm.extractvalue %0[2] : !llvm.struct<(ptr<1>, ptr<1>, i64, array<3 x i64>, array<3 x i64>)> 
    %4 = llvm.extractvalue %0[3, 0] : !llvm.struct<(ptr<1>, ptr<1>, i64, array<3 x i64>, array<3 x i64>)> 
    %5 = llvm.extractvalue %0[3, 1] : !llvm.struct<(ptr<1>, ptr<1>, i64, array<3 x i64>, array<3 x i64>)> 
    %6 = llvm.extractvalue %0[3, 2] : !llvm.struct<(ptr<1>, ptr<1>, i64, array<3 x i64>, array<3 x i64>)> 
    %7 = llvm.extractvalue %0[4, 0] : !llvm.struct<(ptr<1>, ptr<1>, i64, array<3 x i64>, array<3 x i64>)> 
    %8 = llvm.extractvalue %0[4, 1] : !llvm.struct<(ptr<1>, ptr<1>, i64, array<3 x i64>, array<3 x i64>)> 
    %9 = llvm.extractvalue %0[4, 2] : !llvm.struct<(ptr<1>, ptr<1>, i64, array<3 x i64>, array<3 x i64>)> 
    %10 = llvm.load %arg1 : !llvm.ptr -> !llvm.struct<(ptr<1>, ptr<1>, i64, array<2 x i64>, array<2 x i64>)>
    %11 = llvm.extractvalue %10[0] : !llvm.struct<(ptr<1>, ptr<1>, i64, array<2 x i64>, array<2 x i64>)> 
    %12 = llvm.extractvalue %10[1] : !llvm.struct<(ptr<1>, ptr<1>, i64, array<2 x i64>, array<2 x i64>)> 
    %13 = llvm.extractvalue %10[2] : !llvm.struct<(ptr<1>, ptr<1>, i64, array<2 x i64>, array<2 x i64>)> 
    %14 = llvm.extractvalue %10[3, 0] : !llvm.struct<(ptr<1>, ptr<1>, i64, array<2 x i64>, array<2 x i64>)> 
    %15 = llvm.extractvalue %10[3, 1] : !llvm.struct<(ptr<1>, ptr<1>, i64, array<2 x i64>, array<2 x i64>)> 
    %16 = llvm.extractvalue %10[4, 0] : !llvm.struct<(ptr<1>, ptr<1>, i64, array<2 x i64>, array<2 x i64>)> 
    %17 = llvm.extractvalue %10[4, 1] : !llvm.struct<(ptr<1>, ptr<1>, i64, array<2 x i64>, array<2 x i64>)> 
    %18 = llvm.load %arg2 : !llvm.ptr -> !llvm.struct<(ptr<1>, ptr<1>, i64, array<1 x i64>, array<1 x i64>)>
    %19 = llvm.extractvalue %18[0] : !llvm.struct<(ptr<1>, ptr<1>, i64, array<1 x i64>, array<1 x i64>)> 
    %20 = llvm.extractvalue %18[1] : !llvm.struct<(ptr<1>, ptr<1>, i64, array<1 x i64>, array<1 x i64>)> 
    %21 = llvm.extractvalue %18[2] : !llvm.struct<(ptr<1>, ptr<1>, i64, array<1 x i64>, array<1 x i64>)> 
    %22 = llvm.extractvalue %18[3, 0] : !llvm.struct<(ptr<1>, ptr<1>, i64, array<1 x i64>, array<1 x i64>)> 
    %23 = llvm.extractvalue %18[4, 0] : !llvm.struct<(ptr<1>, ptr<1>, i64, array<1 x i64>, array<1 x i64>)> 
    llvm.call @main(%1, %2, %3, %4, %5, %6, %7, %8, %9, %11, %12, %13, %14, %15, %16, %17, %19, %20, %21, %22, %23) : (!llvm.ptr<1>, !llvm.ptr<1>, i64, i64, i64, i64, i64, i64, i64, !llvm.ptr<1>, !llvm.ptr<1>, i64, i64, i64, i64, i64, !llvm.ptr<1>, !llvm.ptr<1>, i64, i64, i64) -> ()
    llvm.return
  }
  gpu.binary @main_kernel  [#gpu.object<#nvvm.target<O = 3, chip = "sm_86", features = "+ptx76", flags = {fast, ftz}>, properties = {LLVMIRToISATimeInMs = 4 : i64, O = 3 : i32}, assembly = "//\0A// Generated by LLVM NVPTX Back-End\0A//\0A\0A.version 7.6\0A.target sm_86\0A.address_size 64\0A\0A\09// .globl\09main_kernel\0A\0A.visible .entry main_kernel(\0A\09.param .u64 main_kernel_param_0,\0A\09.param .u64 .ptr .align 1 main_kernel_param_1,\0A\09.param .u64 .ptr .align 1 main_kernel_param_2,\0A\09.param .u64 main_kernel_param_3,\0A\09.param .u64 main_kernel_param_4,\0A\09.param .u64 main_kernel_param_5,\0A\09.param .u64 main_kernel_param_6,\0A\09.param .u64 main_kernel_param_7,\0A\09.param .f32 main_kernel_param_8,\0A\09.param .u64 main_kernel_param_9,\0A\09.param .u64 main_kernel_param_10,\0A\09.param .u64 main_kernel_param_11,\0A\09.param .u64 .ptr .global .align 1 main_kernel_param_12,\0A\09.param .u64 .ptr .global .align 1 main_kernel_param_13,\0A\09.param .u64 main_kernel_param_14,\0A\09.param .u64 main_kernel_param_15,\0A\09.param .u64 main_kernel_param_16,\0A\09.param .u64 main_kernel_param_17,\0A\09.param .u64 main_kernel_param_18,\0A\09.param .u64 main_kernel_param_19,\0A\09.param .u64 main_kernel_param_20,\0A\09.param .u64 main_kernel_param_21,\0A\09.param .u64 main_kernel_param_22,\0A\09.param .f32 main_kernel_param_23\0A)\0A.maxntid 1, 1, 1\0A{\0A\09.local .align 4 .b8 \09__local_depot0[4096];\0A\09.reg .b64 \09%SP;\0A\09.reg .b64 \09%SPL;\0A\09.reg .pred \09%p<29>;\0A\09.reg .b32 \09%r<28>;\0A\09.reg .b64 \09%rd<129>;\0A\0A\09mov.b64 \09%SPL, __local_depot0;\0A\09ld.param.b64 \09%rd80, [main_kernel_param_22];\0A\09ld.param.b64 \09%rd79, [main_kernel_param_21];\0A\09ld.param.b64 \09%rd77, [main_kernel_param_11];\0A\09ld.param.b64 \09%rd76, [main_kernel_param_10];\0A\09ld.param.b64 \09%rd75, [main_kernel_param_9];\0A\09ld.param.b64 \09%rd74, [main_kernel_param_0];\0A\09ld.param.b64 \09%rd81, [main_kernel_param_2];\0A\09cvta.to.global.u64 \09%rd1, %rd81;\0A\09mov.u32 \09%r10, %ctaid.x;\0A\09cvt.u64.u32 \09%rd82, %r10;\0A\09add.u64 \09%rd3, %SPL, 0;\0A\09setp.ge.s64 \09%p1, %rd75, %rd77;\0A\09shl.b64 \09%rd104, %rd76, 2;\0A\09setp.ge.s64 \09%p28, %rd75, %rd74;\0A\09@%p1 bra \09$L__BB0_5;\0A\09ld.param.b32 \09%r8, [main_kernel_param_8];\0A\09mad.lo.s64 \09%rd105, %rd75, 516, %rd3;\0A\09shl.b64 \09%rd5, %rd76, 9;\0A\09mov.b64 \09%rd106, %rd75;\0A\09bra.uni \09$L__BB0_2;\0A$L__BB0_4:\0A\09add.s64 \09%rd106, %rd106, %rd76;\0A\09add.s64 \09%rd105, %rd105, %rd5;\0A\09setp.lt.s64 \09%p4, %rd106, %rd77;\0A\09@%p4 bra \09$L__BB0_2;\0A\09bra.uni \09$L__BB0_5;\0A$L__BB0_2:\0A\09mov.b64 \09%rd107, %rd105;\0A\09mov.b64 \09%rd108, %rd75;\0A\09@%p28 bra \09$L__BB0_4;\0A$L__BB0_3:\0A\09st.local.b32 \09[%rd107], %r8;\0A\09add.s64 \09%rd108, %rd108, %rd76;\0A\09add.s64 \09%rd107, %rd107, %rd104;\0A\09setp.lt.s64 \09%p3, %rd108, %rd74;\0A\09@%p3 bra \09$L__BB0_3;\0A\09bra.uni \09$L__BB0_4;\0A$L__BB0_5:\0A\09ld.param.b64 \09%rd78, [main_kernel_param_13];\0A\09mul.lo.s64 \09%rd2, %rd74, %rd82;\0A\09setp.ge.s64 \09%p5, %rd75, %rd80;\0A\09mul.lo.s64 \09%rd99, %rd75, 6297608;\0A\09shl.b64 \09%rd100, %rd79, 2;\0A\09mul.lo.s64 \09%rd101, %rd76, 6291456;\0A\09mul.lo.s64 \09%rd102, %rd76, 6144;\0A\09setp.ge.s64 \09%p27, %rd75, %rd79;\0A\09@%p5 bra \09$L__BB0_17;\0A\09mad.lo.s64 \09%rd85, %rd2, 6144, %rd99;\0A\09add.s64 \09%rd109, %rd78, %rd85;\0A\09mov.b64 \09%rd110, %rd75;\0A\09bra.uni \09$L__BB0_7;\0A$L__BB0_16:\0A\09add.s64 \09%rd110, %rd110, %rd79;\0A\09add.s64 \09%rd109, %rd109, %rd100;\0A\09setp.lt.s64 \09%p12, %rd110, %rd80;\0A\09@%p12 bra \09$L__BB0_7;\0A\09bra.uni \09$L__BB0_17;\0A$L__BB0_7:\0A\09mov.b64 \09%rd111, %rd109;\0A\09mov.b64 \09%rd112, %rd75;\0A\09@%p1 bra \09$L__BB0_16;\0A\09bra.uni \09$L__BB0_8;\0A$L__BB0_15:\0A\09add.s64 \09%rd112, %rd112, %rd76;\0A\09add.s64 \09%rd111, %rd111, %rd101;\0A\09setp.lt.s64 \09%p11, %rd112, %rd77;\0A\09@%p11 bra \09$L__BB0_8;\0A\09bra.uni \09$L__BB0_16;\0A$L__BB0_8:\0A\09@%p28 bra \09$L__BB0_15;\0A\09shl.b64 \09%rd86, %rd112, 9;\0A\09add.s64 \09%rd27, %rd3, %rd86;\0A\09mov.b64 \09%rd113, %rd111;\0A\09mov.b64 \09%rd114, %rd75;\0A\09bra.uni \09$L__BB0_10;\0A$L__BB0_14:\0A\09add.s64 \09%rd114, %rd114, %rd76;\0A\09add.s64 \09%rd113, %rd113, %rd102;\0A\09setp.lt.s64 \09%p10, %rd114, %rd74;\0A\09@%p10 bra \09$L__BB0_10;\0A\09bra.uni \09$L__BB0_15;\0A$L__BB0_10:\0A\09@%p27 bra \09$L__BB0_14;\0A\09shl.b64 \09%rd87, %rd114, 2;\0A\09add.s64 \09%rd30, %rd27, %rd87;\0A\09ld.local.b32 \09%r26, [%rd30];\0A\09mov.b64 \09%rd115, %rd113;\0A\09mov.b64 \09%rd116, %rd75;\0A$L__BB0_12:\0A\09ld.global.b32 \09%r11, [%rd115];\0A\09max.NaN.f32 \09%r26, %r11, %r26;\0A\09add.s64 \09%rd116, %rd116, %rd76;\0A\09add.s64 \09%rd115, %rd115, %rd104;\0A\09setp.lt.s64 \09%p9, %rd116, %rd79;\0A\09@%p9 bra \09$L__BB0_12;\0A\09st.local.b32 \09[%rd30], %r26;\0A\09bra.uni \09$L__BB0_14;\0A$L__BB0_17:\0A\09shl.b64 \09%rd97, %rd2, 2;\0A\09@%p1 bra \09$L__BB0_22;\0A\09ld.param.b32 \09%r9, [main_kernel_param_23];\0A\09mad.lo.s64 \09%rd89, %rd75, 4100, %rd97;\0A\09add.s64 \09%rd117, %rd1, %rd89;\0A\09shl.b64 \09%rd23, %rd76, 12;\0A\09mov.b64 \09%rd118, %rd75;\0A\09bra.uni \09$L__BB0_19;\0A$L__BB0_21:\0A\09add.s64 \09%rd118, %rd118, %rd76;\0A\09add.s64 \09%rd117, %rd117, %rd23;\0A\09setp.lt.s64 \09%p16, %rd118, %rd77;\0A\09@%p16 bra \09$L__BB0_19;\0A\09bra.uni \09$L__BB0_22;\0A$L__BB0_19:\0A\09mov.b64 \09%rd119, %rd117;\0A\09mov.b64 \09%rd120, %rd75;\0A\09@%p28 bra \09$L__BB0_21;\0A$L__BB0_20:\0A\09st.global.b32 \09[%rd119], %r9;\0A\09add.s64 \09%rd120, %rd120, %rd76;\0A\09add.s64 \09%rd119, %rd119, %rd104;\0A\09setp.lt.s64 \09%p15, %rd120, %rd74;\0A\09@%p15 bra \09$L__BB0_20;\0A\09bra.uni \09$L__BB0_21;\0A$L__BB0_22:\0A\09@%p5 bra \09$L__BB0_34;\0A\09add.s64 \09%rd43, %rd1, %rd97;\0A\09mad.lo.s64 \09%rd92, %rd2, 6144, %rd99;\0A\09add.s64 \09%rd121, %rd78, %rd92;\0A\09mov.b64 \09%rd122, %rd75;\0A\09bra.uni \09$L__BB0_24;\0A$L__BB0_33:\0A\09add.s64 \09%rd122, %rd122, %rd79;\0A\09add.s64 \09%rd121, %rd121, %rd100;\0A\09setp.lt.s64 \09%p24, %rd122, %rd80;\0A\09@%p24 bra \09$L__BB0_24;\0A\09bra.uni \09$L__BB0_34;\0A$L__BB0_24:\0A\09@%p1 bra \09$L__BB0_33;\0A\09mov.b64 \09%rd123, %rd121;\0A\09mov.b64 \09%rd124, %rd75;\0A\09bra.uni \09$L__BB0_26;\0A$L__BB0_32:\0A\09add.s64 \09%rd124, %rd124, %rd76;\0A\09add.s64 \09%rd123, %rd123, %rd101;\0A\09setp.lt.s64 \09%p23, %rd124, %rd77;\0A\09@%p23 bra \09$L__BB0_26;\0A\09bra.uni \09$L__BB0_33;\0A$L__BB0_26:\0A\09@%p28 bra \09$L__BB0_32;\0A\09shl.b64 \09%rd93, %rd124, 9;\0A\09add.s64 \09%rd59, %rd3, %rd93;\0A\09shl.b64 \09%rd94, %rd124, 12;\0A\09add.s64 \09%rd60, %rd43, %rd94;\0A\09mov.b64 \09%rd125, %rd123;\0A\09mov.b64 \09%rd126, %rd75;\0A\09bra.uni \09$L__BB0_28;\0A$L__BB0_31:\0A\09add.s64 \09%rd126, %rd126, %rd76;\0A\09add.s64 \09%rd125, %rd125, %rd102;\0A\09setp.lt.s64 \09%p22, %rd126, %rd74;\0A\09@%p22 bra \09$L__BB0_28;\0A\09bra.uni \09$L__BB0_32;\0A$L__BB0_28:\0A\09@%p27 bra \09$L__BB0_31;\0A\09shl.b64 \09%rd95, %rd126, 2;\0A\09add.s64 \09%rd96, %rd59, %rd95;\0A\09ld.local.b32 \09%r4, [%rd96];\0A\09add.s64 \09%rd63, %rd60, %rd95;\0A\09ld.global.b32 \09%r27, [%rd63];\0A\09mov.b64 \09%rd127, %rd125;\0A\09mov.b64 \09%rd128, %rd75;\0A$L__BB0_30:\0A\09ld.global.b32 \09%r12, [%rd127];\0A\09sub.rn.f32 \09%r13, %r12, %r4;\0A\09fma.rn.f32 \09%r14, %r13, 0f3BBB989D, 0f3F000000;\0A\09cvt.sat.f32.f32 \09%r15, %r14;\0A\09mov.b32 \09%r16, 0f4B400001;\0A\09mov.b32 \09%r17, 0f437C0000;\0A\09fma.rm.f32 \09%r18, %r15, %r17, %r16;\0A\09add.rn.f32 \09%r19, %r18, 0fCB40007F;\0A\09neg.f32 \09%r20, %r19;\0A\09fma.rn.f32 \09%r21, %r13, 0f3FB8AA3B, %r20;\0A\09fma.rn.f32 \09%r22, %r13, 0f32A57060, %r21;\0A\09shl.b32 \09%r23, %r18, 23;\0A\09ex2.approx.ftz.f32 \09%r24, %r22;\0A\09mul.rn.f32 \09%r25, %r24, %r23;\0A\09add.rn.f32 \09%r27, %r27, %r25;\0A\09st.global.b32 \09[%rd63], %r27;\0A\09add.s64 \09%rd128, %rd128, %rd76;\0A\09add.s64 \09%rd127, %rd127, %rd104;\0A\09setp.lt.s64 \09%p21, %rd128, %rd79;\0A\09@%p21 bra \09$L__BB0_30;\0A\09bra.uni \09$L__BB0_31;\0A$L__BB0_34:\0A\09ret;\0A\0A}\0A">]
  gpu.binary @main_kernel_0  [#gpu.object<#nvvm.target<O = 3, chip = "sm_86", features = "+ptx76", flags = {fast, ftz}>, properties = {LLVMIRToISATimeInMs = 3 : i64, O = 3 : i32}, assembly = "//\0A// Generated by LLVM NVPTX Back-End\0A//\0A\0A.version 7.6\0A.target sm_86\0A.address_size 64\0A\0A\09// .globl\09main_kernel\0A\0A.visible .entry main_kernel(\0A\09.param .u64 main_kernel_param_0,\0A\09.param .f32 main_kernel_param_1,\0A\09.param .u64 main_kernel_param_2,\0A\09.param .u64 main_kernel_param_3,\0A\09.param .u64 main_kernel_param_4,\0A\09.param .u64 .ptr .global .align 1 main_kernel_param_5,\0A\09.param .u64 .ptr .global .align 1 main_kernel_param_6,\0A\09.param .u64 main_kernel_param_7,\0A\09.param .u64 main_kernel_param_8,\0A\09.param .u64 main_kernel_param_9,\0A\09.param .u64 main_kernel_param_10,\0A\09.param .u64 main_kernel_param_11,\0A\09.param .u64 main_kernel_param_12,\0A\09.param .u64 main_kernel_param_13,\0A\09.param .u64 main_kernel_param_14,\0A\09.param .u64 main_kernel_param_15,\0A\09.param .u64 .ptr .align 1 main_kernel_param_16,\0A\09.param .u64 .ptr .align 1 main_kernel_param_17,\0A\09.param .u64 main_kernel_param_18,\0A\09.param .u64 .ptr .align 1 main_kernel_param_19,\0A\09.param .u64 .ptr .align 1 main_kernel_param_20,\0A\09.param .u64 main_kernel_param_21,\0A\09.param .u64 main_kernel_param_22,\0A\09.param .u64 main_kernel_param_23,\0A\09.param .u64 main_kernel_param_24,\0A\09.param .u64 main_kernel_param_25,\0A\09.param .u64 .ptr .global .align 1 main_kernel_param_26,\0A\09.param .u64 .ptr .global .align 1 main_kernel_param_27,\0A\09.param .u64 main_kernel_param_28,\0A\09.param .u64 main_kernel_param_29,\0A\09.param .u64 main_kernel_param_30,\0A\09.param .u64 main_kernel_param_31,\0A\09.param .u64 main_kernel_param_32,\0A\09.param .f32 main_kernel_param_33,\0A\09.param .u64 .ptr .align 1 main_kernel_param_34,\0A\09.param .u64 .ptr .align 1 main_kernel_param_35,\0A\09.param .u64 main_kernel_param_36\0A)\0A.maxntid 1, 1, 1\0A{\0A\09.local .align 4 .b8 \09__local_depot0[4096];\0A\09.reg .b64 \09%SP;\0A\09.reg .b64 \09%SPL;\0A\09.reg .pred \09%p<26>;\0A\09.reg .b32 \09%r<55>;\0A\09.reg .b64 \09%rd<153>;\0A\0A\09mov.b64 \09%SPL, __local_depot0;\0A\09ld.param.b64 \09%rd96, [main_kernel_param_15];\0A\09ld.param.b64 \09%rd95, [main_kernel_param_14];\0A\09ld.param.b64 \09%rd93, [main_kernel_param_4];\0A\09ld.param.b64 \09%rd92, [main_kernel_param_3];\0A\09ld.param.b64 \09%rd91, [main_kernel_param_2];\0A\09ld.param.b64 \09%rd90, [main_kernel_param_0];\0A\09ld.param.b64 \09%rd98, [main_kernel_param_17];\0A\09cvta.to.global.u64 \09%rd1, %rd98;\0A\09ld.param.b64 \09%rd99, [main_kernel_param_20];\0A\09cvta.to.global.u64 \09%rd2, %rd99;\0A\09ld.param.b64 \09%rd100, [main_kernel_param_35];\0A\09cvta.to.global.u64 \09%rd3, %rd100;\0A\09mov.u32 \09%r15, %ctaid.x;\0A\09cvt.u64.u32 \09%rd101, %r15;\0A\09add.u64 \09%rd5, %SPL, 0;\0A\09setp.ge.s64 \09%p1, %rd91, %rd93;\0A\09shl.b64 \09%rd121, %rd92, 9;\0A\09shl.b64 \09%rd122, %rd92, 2;\0A\09setp.ge.s64 \09%p25, %rd91, %rd90;\0A\09@%p1 bra \09$L__BB0_5;\0A\09ld.param.b32 \09%r13, [main_kernel_param_1];\0A\09mad.lo.s64 \09%rd123, %rd91, 516, %rd5;\0A\09mov.b64 \09%rd124, %rd91;\0A\09bra.uni \09$L__BB0_2;\0A$L__BB0_4:\0A\09add.s64 \09%rd124, %rd124, %rd92;\0A\09add.s64 \09%rd123, %rd123, %rd121;\0A\09setp.lt.s64 \09%p4, %rd124, %rd93;\0A\09@%p4 bra \09$L__BB0_2;\0A\09bra.uni \09$L__BB0_5;\0A$L__BB0_2:\0A\09mov.b64 \09%rd125, %rd123;\0A\09mov.b64 \09%rd126, %rd91;\0A\09@%p25 bra \09$L__BB0_4;\0A$L__BB0_3:\0A\09st.local.b32 \09[%rd125], %r13;\0A\09add.s64 \09%rd126, %rd126, %rd92;\0A\09add.s64 \09%rd125, %rd125, %rd122;\0A\09setp.lt.s64 \09%p3, %rd126, %rd90;\0A\09@%p3 bra \09$L__BB0_3;\0A\09bra.uni \09$L__BB0_4;\0A$L__BB0_5:\0A\09ld.param.b64 \09%rd94, [main_kernel_param_6];\0A\09mul.lo.s64 \09%rd4, %rd90, %rd101;\0A\09setp.ge.s64 \09%p5, %rd91, %rd96;\0A\09shl.b64 \09%rd117, %rd95, 2;\0A\09mul.lo.s64 \09%rd118, %rd92, 6291456;\0A\09mul.lo.s64 \09%rd119, %rd92, 6144;\0A\09setp.ge.s64 \09%p24, %rd91, %rd95;\0A\09@%p5 bra \09$L__BB0_18;\0A\09mul.lo.s64 \09%rd103, %rd91, 6297608;\0A\09mad.lo.s64 \09%rd104, %rd4, 6144, %rd103;\0A\09add.s64 \09%rd127, %rd94, %rd104;\0A\09mov.b64 \09%rd128, %rd91;\0A\09bra.uni \09$L__BB0_7;\0A$L__BB0_17:\0A\09add.s64 \09%rd128, %rd128, %rd95;\0A\09add.s64 \09%rd127, %rd127, %rd117;\0A\09setp.lt.s64 \09%p12, %rd128, %rd96;\0A\09@%p12 bra \09$L__BB0_7;\0A\09bra.uni \09$L__BB0_18;\0A$L__BB0_7:\0A\09@%p1 bra \09$L__BB0_17;\0A\09mov.b64 \09%rd129, %rd127;\0A\09mov.b64 \09%rd130, %rd91;\0A\09bra.uni \09$L__BB0_9;\0A$L__BB0_16:\0A\09add.s64 \09%rd130, %rd130, %rd92;\0A\09add.s64 \09%rd129, %rd129, %rd118;\0A\09setp.lt.s64 \09%p11, %rd130, %rd93;\0A\09@%p11 bra \09$L__BB0_9;\0A\09bra.uni \09$L__BB0_17;\0A$L__BB0_9:\0A\09@%p25 bra \09$L__BB0_16;\0A\09shl.b64 \09%rd105, %rd130, 9;\0A\09add.s64 \09%rd26, %rd5, %rd105;\0A\09mov.b64 \09%rd131, %rd129;\0A\09mov.b64 \09%rd132, %rd91;\0A\09bra.uni \09$L__BB0_11;\0A$L__BB0_15:\0A\09add.s64 \09%rd132, %rd132, %rd92;\0A\09add.s64 \09%rd131, %rd131, %rd119;\0A\09setp.lt.s64 \09%p10, %rd132, %rd90;\0A\09@%p10 bra \09$L__BB0_11;\0A\09bra.uni \09$L__BB0_16;\0A$L__BB0_11:\0A\09@%p24 bra \09$L__BB0_15;\0A\09shl.b64 \09%rd106, %rd132, 2;\0A\09add.s64 \09%rd29, %rd26, %rd106;\0A\09ld.local.b32 \09%r47, [%rd29];\0A\09mov.b64 \09%rd133, %rd131;\0A\09mov.b64 \09%rd134, %rd91;\0A$L__BB0_13:\0A\09ld.global.b32 \09%r16, [%rd133];\0A\09max.f32 \09%r47, %r16, %r47;\0A\09add.s64 \09%rd134, %rd134, %rd92;\0A\09add.s64 \09%rd133, %rd133, %rd122;\0A\09setp.lt.s64 \09%p9, %rd134, %rd95;\0A\09@%p9 bra \09$L__BB0_13;\0A\09st.local.b32 \09[%rd29], %r47;\0A\09bra.uni \09$L__BB0_15;\0A$L__BB0_18:\0A\09ld.param.b32 \09%r14, [main_kernel_param_33];\0A\09ld.global.b32 \09%r51, [%rd1];\0A\09@%p1 bra \09$L__BB0_29;\0A\09ld.param.b64 \09%rd97, [main_kernel_param_27];\0A\09mad.lo.s64 \09%rd138, %rd91, 1032, %rd5;\0A\09shl.b64 \09%rd41, %rd95, 9;\0A\09shl.b64 \09%rd107, %rd4, 2;\0A\09mad.lo.s64 \09%rd108, %rd91, 8200, %rd107;\0A\09add.s64 \09%rd137, %rd2, %rd108;\0A\09shl.b64 \09%rd46, %rd95, 12;\0A\09shl.b64 \09%rd47, %rd92, 12;\0A\09add.s64 \09%rd136, %rd97, %rd108;\0A\09mul.lo.s64 \09%rd109, %rd91, 12595200;\0A\09mad.lo.s64 \09%rd110, %rd4, 6144, %rd109;\0A\09add.s64 \09%rd135, %rd94, %rd110;\0A\09mul.lo.s64 \09%rd50, %rd95, 6291456;\0A\09mul.lo.s64 \09%rd51, %rd95, 6144;\0A\09mov.b64 \09%rd139, %rd91;\0A\09bra.uni \09$L__BB0_20;\0A$L__BB0_28:\0A\09add.s64 \09%rd139, %rd139, %rd95;\0A\09add.s64 \09%rd138, %rd138, %rd41;\0A\09add.s64 \09%rd137, %rd137, %rd46;\0A\09add.s64 \09%rd136, %rd136, %rd46;\0A\09add.s64 \09%rd135, %rd135, %rd50;\0A\09setp.lt.s64 \09%p22, %rd139, %rd93;\0A\09@%p22 bra \09$L__BB0_20;\0A\09bra.uni \09$L__BB0_29;\0A$L__BB0_20:\0A\09@%p25 bra \09$L__BB0_28;\0A\09mov.b64 \09%rd140, %rd135;\0A\09mov.b64 \09%rd141, %rd136;\0A\09mov.b64 \09%rd142, %rd137;\0A\09mov.b64 \09%rd143, %rd138;\0A\09mov.b64 \09%rd144, %rd91;\0A\09bra.uni \09$L__BB0_22;\0A$L__BB0_27:\0A\09add.s64 \09%rd144, %rd144, %rd95;\0A\09add.s64 \09%rd143, %rd143, %rd117;\0A\09add.s64 \09%rd142, %rd142, %rd117;\0A\09add.s64 \09%rd141, %rd141, %rd117;\0A\09add.s64 \09%rd140, %rd140, %rd51;\0A\09setp.lt.s64 \09%p21, %rd144, %rd90;\0A\09@%p21 bra \09$L__BB0_22;\0A\09bra.uni \09$L__BB0_28;\0A$L__BB0_22:\0A\09@%p24 bra \09$L__BB0_27;\0A\09mov.b64 \09%rd145, %rd140;\0A\09mov.b64 \09%rd146, %rd141;\0A\09mov.b64 \09%rd147, %rd142;\0A\09mov.b64 \09%rd148, %rd143;\0A\09mov.b64 \09%rd149, %rd91;\0A$L__BB0_24:\0A\09mov.b64 \09%rd151, 0;\0A\09mov.b64 \09%rd150, %rd145;\0A\09mov.b64 \09%rd152, %rd91;\0A$L__BB0_25:\0A\09add.s64 \09%rd112, %rd147, %rd151;\0A\09ld.global.b32 \09%r17, [%rd112];\0A\09add.s64 \09%rd113, %rd148, %rd151;\0A\09ld.local.b32 \09%r18, [%rd113];\0A\09add.s64 \09%rd114, %rd146, %rd151;\0A\09ld.global.b32 \09%r19, [%rd114];\0A\09mul.wide.s32 \09%rd115, %r19, 4;\0A\09add.s64 \09%rd116, %rd150, %rd115;\0A\09ld.global.b32 \09%r20, [%rd116];\0A\09setp.lt.f32 \09%p16, %r17, 0f00800000;\0A\09mul.rn.f32 \09%r21, %r17, 0f4B000000;\0A\09selp.f32 \09%r22, %r21, %r17, %p16;\0A\09selp.f32 \09%r23, 0fC1B80000, 0f00000000, %p16;\0A\09add.s32 \09%r24, %r22, -1059760811;\0A\09and.b32 \09%r25, %r24, -8388608;\0A\09sub.s32 \09%r26, %r22, %r25;\0A\09cvt.rn.f32.s32 \09%r27, %r25;\0A\09fma.rn.f32 \09%r28, %r27, 0f34000000, %r23;\0A\09add.rn.f32 \09%r29, %r26, 0fBF800000;\0A\09fma.rn.f32 \09%r30, %r29, 0fBE055027, 0f3E1039F6;\0A\09fma.rn.f32 \09%r31, %r30, %r29, 0fBDF8CDCC;\0A\09fma.rn.f32 \09%r32, %r31, %r29, 0f3E0F2955;\0A\09fma.rn.f32 \09%r33, %r32, %r29, 0fBE2AD8B9;\0A\09fma.rn.f32 \09%r34, %r33, %r29, 0f3E4CED0B;\0A\09fma.rn.f32 \09%r35, %r34, %r29, 0fBE7FFF22;\0A\09fma.rn.f32 \09%r36, %r35, %r29, 0f3EAAAA78;\0A\09fma.rn.f32 \09%r37, %r36, %r29, 0fBF000000;\0A\09mul.rn.f32 \09%r38, %r29, %r37;\0A\09fma.rn.f32 \09%r39, %r38, %r29, %r29;\0A\09fma.rn.f32 \09%r40, %r28, 0f3F317218, %r39;\0A\09setp.gt.u32 \09%p17, %r22, 2139095039;\0A\09fma.rn.f32 \09%r41, %r22, 0f7F800000, 0f7F800000;\0A\09selp.f32 \09%r42, %r41, %r40, %p17;\0A\09setp.eq.f32 \09%p18, %r22, 0f00000000;\0A\09selp.f32 \09%r43, 0fFF800000, %r42, %p18;\0A\09add.rn.f32 \09%r44, %r18, %r43;\0A\09sub.rn.f32 \09%r45, %r44, %r20;\0A\09add.rn.f32 \09%r51, %r51, %r45;\0A\09add.s64 \09%rd152, %rd152, %rd92;\0A\09add.s64 \09%rd151, %rd151, %rd122;\0A\09add.s64 \09%rd150, %rd150, %rd119;\0A\09setp.lt.s64 \09%p19, %rd152, %rd95;\0A\09@%p19 bra \09$L__BB0_25;\0A\09add.s64 \09%rd149, %rd149, %rd92;\0A\09add.s64 \09%rd148, %rd148, %rd121;\0A\09add.s64 \09%rd147, %rd147, %rd47;\0A\09add.s64 \09%rd146, %rd146, %rd47;\0A\09add.s64 \09%rd145, %rd145, %rd118;\0A\09setp.lt.s64 \09%p20, %rd149, %rd95;\0A\09@%p20 bra \09$L__BB0_24;\0A\09bra.uni \09$L__BB0_27;\0A$L__BB0_29:\0A\09div.rn.f32 \09%r46, %r51, %r14;\0A\09st.global.b32 \09[%rd3], %r46;\0A\09ret;\0A\0A}\0A">]
  llvm.func @mgpuStreamCreate() -> !llvm.ptr
  llvm.func @mgpuStreamSynchronize(!llvm.ptr)
  llvm.func @mgpuStreamDestroy(!llvm.ptr)
}


// -----// IR Dump After ExpandStridedMetadataPass (expand-strided-metadata) //----- //
module attributes {gpu.container_module} {
  llvm.func @cudaMallocAsync(!llvm.ptr, i64, !llvm.ptr) -> i32
  llvm.func @cudaMemcpyAsync(!llvm.ptr, !llvm.ptr, i64, i32, !llvm.ptr) -> i32
  llvm.func @cudaFreeAsync(!llvm.ptr, !llvm.ptr) -> i32
  llvm.func @main(%arg0: !llvm.ptr<1>, %arg1: !llvm.ptr<1>, %arg2: i64, %arg3: i64, %arg4: i64, %arg5: i64, %arg6: i64, %arg7: i64, %arg8: i64, %arg9: !llvm.ptr<1>, %arg10: !llvm.ptr<1>, %arg11: i64, %arg12: i64, %arg13: i64, %arg14: i64, %arg15: i64, %arg16: !llvm.ptr<1>, %arg17: !llvm.ptr<1>, %arg18: i64, %arg19: i64, %arg20: i64) attributes {llvm.emit_c_interface} {
    %0 = llvm.mlir.constant(8.192000e+03 : f32) : f32
    %1 = llvm.mlir.constant(0 : index) : i64
    %2 = llvm.mlir.constant(1536 : index) : i64
    %3 = llvm.mlir.constant(4 : index) : i64
    %4 = llvm.mlir.constant(8 : index) : i64
    %5 = llvm.mlir.constant(128 : index) : i64
    %6 = llvm.mlir.constant(-3.40282347E+38 : f32) : f32
    %7 = llvm.mlir.constant(0.000000e+00 : f32) : f32
    %8 = llvm.mlir.constant(0xFF800000 : f32) : f32
    %9 = llvm.mlir.constant(1 : index) : i64
    %10 = llvm.mlir.constant(4 : i64) : i64
    %11 = llvm.mlir.constant(8 : i64) : i64
    %12 = llvm.mlir.constant(1024 : i64) : i64
    %13 = llvm.mlir.constant(1 : i32) : i32
    %14 = llvm.mlir.constant(0 : i64) : i64
    %15 = llvm.mlir.constant(1 : i64) : i64
    %16 = llvm.mlir.undef : !llvm.struct<(ptr, ptr, i64)>
    %17 = llvm.mlir.constant(3 : i32) : i32
    %18 = llvm.call @mgpuStreamCreate() : () -> !llvm.ptr
    %19 = llvm.mul %10, %11 : i64
    %20 = llvm.mul %19, %12 : i64
    %21 = llvm.alloca %13 x !llvm.ptr {alignment = 8 : i64} : (i32) -> !llvm.ptr
    %22 = llvm.call @cudaMallocAsync(%21, %20, %18) : (!llvm.ptr, i64, !llvm.ptr) -> i32
    %23 = llvm.load %21 : !llvm.ptr -> !llvm.ptr
    %24 = llvm.mul %15, %12 : i64
    gpu.launch_func <%18 : !llvm.ptr> @main_kernel::@main_kernel blocks in (%4, %9, %9) threads in (%9, %9, %9) : i64 args(%5 : i64, %23 : !llvm.ptr, %23 : !llvm.ptr, %14 : i64, %11 : i64, %12 : i64, %24 : i64, %15 : i64, %6 : f32, %1 : i64, %9 : i64, %4 : i64, %arg0 : !llvm.ptr<1>, %arg1 : !llvm.ptr<1>, %arg2 : i64, %arg3 : i64, %arg4 : i64, %arg5 : i64, %arg6 : i64, %arg7 : i64, %arg8 : i64, %3 : i64, %2 : i64, %7 : f32)
    %25 = llvm.alloca %13 x !llvm.ptr {alignment = 8 : i64} : (i32) -> !llvm.ptr
    %26 = llvm.call @cudaMallocAsync(%25, %10, %18) : (!llvm.ptr, i64, !llvm.ptr) -> i32
    %27 = llvm.load %25 : !llvm.ptr -> !llvm.ptr
    %28 = llvm.insertvalue %27, %16[0] : !llvm.struct<(ptr, ptr, i64)> 
    %29 = llvm.insertvalue %27, %28[1] : !llvm.struct<(ptr, ptr, i64)> 
    %30 = llvm.insertvalue %14, %29[2] : !llvm.struct<(ptr, ptr, i64)> 
    %31 = builtin.unrealized_conversion_cast %30 : !llvm.struct<(ptr, ptr, i64)> to memref<f32>
    %32 = llvm.alloca %13 x !llvm.ptr {alignment = 8 : i64} : (i32) -> !llvm.ptr
    %33 = llvm.call @cudaMallocAsync(%32, %10, %18) : (!llvm.ptr, i64, !llvm.ptr) -> i32
    %34 = llvm.load %32 : !llvm.ptr -> !llvm.ptr
    llvm.call @mgpuStreamSynchronize(%18) : (!llvm.ptr) -> ()
    llvm.call @mgpuStreamDestroy(%18) : (!llvm.ptr) -> ()
    llvm.store %7, %34 : f32, !llvm.ptr
    %35 = llvm.call @mgpuStreamCreate() : () -> !llvm.ptr
    gpu.launch_func <%35 : !llvm.ptr> @main_kernel_0::@main_kernel blocks in (%4, %9, %9) threads in (%9, %9, %9) : i64 args(%5 : i64, %8 : f32, %1 : i64, %9 : i64, %4 : i64, %arg0 : !llvm.ptr<1>, %arg1 : !llvm.ptr<1>, %arg2 : i64, %arg3 : i64, %arg4 : i64, %arg5 : i64, %arg6 : i64, %arg7 : i64, %arg8 : i64, %3 : i64, %2 : i64, %34 : !llvm.ptr, %34 : !llvm.ptr, %14 : i64, %23 : !llvm.ptr, %23 : !llvm.ptr, %14 : i64, %11 : i64, %12 : i64, %24 : i64, %15 : i64, %arg9 : !llvm.ptr<1>, %arg10 : !llvm.ptr<1>, %arg11 : i64, %arg12 : i64, %arg13 : i64, %arg14 : i64, %arg15 : i64, %0 : f32, %27 : !llvm.ptr, %27 : !llvm.ptr, %14 : i64)
    %base_buffer, %offset = memref.extract_strided_metadata %31 : memref<f32> -> memref<f32>, index
    %reinterpret_cast = memref.reinterpret_cast %base_buffer to offset: [0], sizes: [1], strides: [1] : memref<f32> to memref<1xf32>
    %36 = llvm.addrspacecast %arg17 : !llvm.ptr<1> to !llvm.ptr
    %37 = builtin.unrealized_conversion_cast %reinterpret_cast : memref<1xf32> to !llvm.struct<(ptr, ptr, i64, array<1 x i64>, array<1 x i64>)>
    %38 = llvm.extractvalue %37[1] : !llvm.struct<(ptr, ptr, i64, array<1 x i64>, array<1 x i64>)> 
    %39 = llvm.mul %10, %15 : i64
    %40 = llvm.call @cudaMemcpyAsync(%36, %38, %39, %17, %35) : (!llvm.ptr, !llvm.ptr, i64, i32, !llvm.ptr) -> i32
    %41 = llvm.call @cudaFreeAsync(%23, %35) : (!llvm.ptr, !llvm.ptr) -> i32
    %42 = llvm.call @cudaFreeAsync(%27, %35) : (!llvm.ptr, !llvm.ptr) -> i32
    %43 = llvm.call @cudaFreeAsync(%34, %35) : (!llvm.ptr, !llvm.ptr) -> i32
    llvm.call @mgpuStreamSynchronize(%35) : (!llvm.ptr) -> ()
    llvm.call @mgpuStreamDestroy(%35) : (!llvm.ptr) -> ()
    llvm.return
  }
  llvm.func @_mlir_ciface_main(%arg0: !llvm.ptr, %arg1: !llvm.ptr, %arg2: !llvm.ptr {bufferization.writable = true}) attributes {llvm.emit_c_interface} {
    %0 = llvm.load %arg0 : !llvm.ptr -> !llvm.struct<(ptr<1>, ptr<1>, i64, array<3 x i64>, array<3 x i64>)>
    %1 = llvm.extractvalue %0[0] : !llvm.struct<(ptr<1>, ptr<1>, i64, array<3 x i64>, array<3 x i64>)> 
    %2 = llvm.extractvalue %0[1] : !llvm.struct<(ptr<1>, ptr<1>, i64, array<3 x i64>, array<3 x i64>)> 
    %3 = llvm.extractvalue %0[2] : !llvm.struct<(ptr<1>, ptr<1>, i64, array<3 x i64>, array<3 x i64>)> 
    %4 = llvm.extractvalue %0[3, 0] : !llvm.struct<(ptr<1>, ptr<1>, i64, array<3 x i64>, array<3 x i64>)> 
    %5 = llvm.extractvalue %0[3, 1] : !llvm.struct<(ptr<1>, ptr<1>, i64, array<3 x i64>, array<3 x i64>)> 
    %6 = llvm.extractvalue %0[3, 2] : !llvm.struct<(ptr<1>, ptr<1>, i64, array<3 x i64>, array<3 x i64>)> 
    %7 = llvm.extractvalue %0[4, 0] : !llvm.struct<(ptr<1>, ptr<1>, i64, array<3 x i64>, array<3 x i64>)> 
    %8 = llvm.extractvalue %0[4, 1] : !llvm.struct<(ptr<1>, ptr<1>, i64, array<3 x i64>, array<3 x i64>)> 
    %9 = llvm.extractvalue %0[4, 2] : !llvm.struct<(ptr<1>, ptr<1>, i64, array<3 x i64>, array<3 x i64>)> 
    %10 = llvm.load %arg1 : !llvm.ptr -> !llvm.struct<(ptr<1>, ptr<1>, i64, array<2 x i64>, array<2 x i64>)>
    %11 = llvm.extractvalue %10[0] : !llvm.struct<(ptr<1>, ptr<1>, i64, array<2 x i64>, array<2 x i64>)> 
    %12 = llvm.extractvalue %10[1] : !llvm.struct<(ptr<1>, ptr<1>, i64, array<2 x i64>, array<2 x i64>)> 
    %13 = llvm.extractvalue %10[2] : !llvm.struct<(ptr<1>, ptr<1>, i64, array<2 x i64>, array<2 x i64>)> 
    %14 = llvm.extractvalue %10[3, 0] : !llvm.struct<(ptr<1>, ptr<1>, i64, array<2 x i64>, array<2 x i64>)> 
    %15 = llvm.extractvalue %10[3, 1] : !llvm.struct<(ptr<1>, ptr<1>, i64, array<2 x i64>, array<2 x i64>)> 
    %16 = llvm.extractvalue %10[4, 0] : !llvm.struct<(ptr<1>, ptr<1>, i64, array<2 x i64>, array<2 x i64>)> 
    %17 = llvm.extractvalue %10[4, 1] : !llvm.struct<(ptr<1>, ptr<1>, i64, array<2 x i64>, array<2 x i64>)> 
    %18 = llvm.load %arg2 : !llvm.ptr -> !llvm.struct<(ptr<1>, ptr<1>, i64, array<1 x i64>, array<1 x i64>)>
    %19 = llvm.extractvalue %18[0] : !llvm.struct<(ptr<1>, ptr<1>, i64, array<1 x i64>, array<1 x i64>)> 
    %20 = llvm.extractvalue %18[1] : !llvm.struct<(ptr<1>, ptr<1>, i64, array<1 x i64>, array<1 x i64>)> 
    %21 = llvm.extractvalue %18[2] : !llvm.struct<(ptr<1>, ptr<1>, i64, array<1 x i64>, array<1 x i64>)> 
    %22 = llvm.extractvalue %18[3, 0] : !llvm.struct<(ptr<1>, ptr<1>, i64, array<1 x i64>, array<1 x i64>)> 
    %23 = llvm.extractvalue %18[4, 0] : !llvm.struct<(ptr<1>, ptr<1>, i64, array<1 x i64>, array<1 x i64>)> 
    llvm.call @main(%1, %2, %3, %4, %5, %6, %7, %8, %9, %11, %12, %13, %14, %15, %16, %17, %19, %20, %21, %22, %23) : (!llvm.ptr<1>, !llvm.ptr<1>, i64, i64, i64, i64, i64, i64, i64, !llvm.ptr<1>, !llvm.ptr<1>, i64, i64, i64, i64, i64, !llvm.ptr<1>, !llvm.ptr<1>, i64, i64, i64) -> ()
    llvm.return
  }
  gpu.binary @main_kernel  [#gpu.object<#nvvm.target<O = 3, chip = "sm_86", features = "+ptx76", flags = {fast, ftz}>, properties = {LLVMIRToISATimeInMs = 4 : i64, O = 3 : i32}, assembly = "//\0A// Generated by LLVM NVPTX Back-End\0A//\0A\0A.version 7.6\0A.target sm_86\0A.address_size 64\0A\0A\09// .globl\09main_kernel\0A\0A.visible .entry main_kernel(\0A\09.param .u64 main_kernel_param_0,\0A\09.param .u64 .ptr .align 1 main_kernel_param_1,\0A\09.param .u64 .ptr .align 1 main_kernel_param_2,\0A\09.param .u64 main_kernel_param_3,\0A\09.param .u64 main_kernel_param_4,\0A\09.param .u64 main_kernel_param_5,\0A\09.param .u64 main_kernel_param_6,\0A\09.param .u64 main_kernel_param_7,\0A\09.param .f32 main_kernel_param_8,\0A\09.param .u64 main_kernel_param_9,\0A\09.param .u64 main_kernel_param_10,\0A\09.param .u64 main_kernel_param_11,\0A\09.param .u64 .ptr .global .align 1 main_kernel_param_12,\0A\09.param .u64 .ptr .global .align 1 main_kernel_param_13,\0A\09.param .u64 main_kernel_param_14,\0A\09.param .u64 main_kernel_param_15,\0A\09.param .u64 main_kernel_param_16,\0A\09.param .u64 main_kernel_param_17,\0A\09.param .u64 main_kernel_param_18,\0A\09.param .u64 main_kernel_param_19,\0A\09.param .u64 main_kernel_param_20,\0A\09.param .u64 main_kernel_param_21,\0A\09.param .u64 main_kernel_param_22,\0A\09.param .f32 main_kernel_param_23\0A)\0A.maxntid 1, 1, 1\0A{\0A\09.local .align 4 .b8 \09__local_depot0[4096];\0A\09.reg .b64 \09%SP;\0A\09.reg .b64 \09%SPL;\0A\09.reg .pred \09%p<29>;\0A\09.reg .b32 \09%r<28>;\0A\09.reg .b64 \09%rd<129>;\0A\0A\09mov.b64 \09%SPL, __local_depot0;\0A\09ld.param.b64 \09%rd80, [main_kernel_param_22];\0A\09ld.param.b64 \09%rd79, [main_kernel_param_21];\0A\09ld.param.b64 \09%rd77, [main_kernel_param_11];\0A\09ld.param.b64 \09%rd76, [main_kernel_param_10];\0A\09ld.param.b64 \09%rd75, [main_kernel_param_9];\0A\09ld.param.b64 \09%rd74, [main_kernel_param_0];\0A\09ld.param.b64 \09%rd81, [main_kernel_param_2];\0A\09cvta.to.global.u64 \09%rd1, %rd81;\0A\09mov.u32 \09%r10, %ctaid.x;\0A\09cvt.u64.u32 \09%rd82, %r10;\0A\09add.u64 \09%rd3, %SPL, 0;\0A\09setp.ge.s64 \09%p1, %rd75, %rd77;\0A\09shl.b64 \09%rd104, %rd76, 2;\0A\09setp.ge.s64 \09%p28, %rd75, %rd74;\0A\09@%p1 bra \09$L__BB0_5;\0A\09ld.param.b32 \09%r8, [main_kernel_param_8];\0A\09mad.lo.s64 \09%rd105, %rd75, 516, %rd3;\0A\09shl.b64 \09%rd5, %rd76, 9;\0A\09mov.b64 \09%rd106, %rd75;\0A\09bra.uni \09$L__BB0_2;\0A$L__BB0_4:\0A\09add.s64 \09%rd106, %rd106, %rd76;\0A\09add.s64 \09%rd105, %rd105, %rd5;\0A\09setp.lt.s64 \09%p4, %rd106, %rd77;\0A\09@%p4 bra \09$L__BB0_2;\0A\09bra.uni \09$L__BB0_5;\0A$L__BB0_2:\0A\09mov.b64 \09%rd107, %rd105;\0A\09mov.b64 \09%rd108, %rd75;\0A\09@%p28 bra \09$L__BB0_4;\0A$L__BB0_3:\0A\09st.local.b32 \09[%rd107], %r8;\0A\09add.s64 \09%rd108, %rd108, %rd76;\0A\09add.s64 \09%rd107, %rd107, %rd104;\0A\09setp.lt.s64 \09%p3, %rd108, %rd74;\0A\09@%p3 bra \09$L__BB0_3;\0A\09bra.uni \09$L__BB0_4;\0A$L__BB0_5:\0A\09ld.param.b64 \09%rd78, [main_kernel_param_13];\0A\09mul.lo.s64 \09%rd2, %rd74, %rd82;\0A\09setp.ge.s64 \09%p5, %rd75, %rd80;\0A\09mul.lo.s64 \09%rd99, %rd75, 6297608;\0A\09shl.b64 \09%rd100, %rd79, 2;\0A\09mul.lo.s64 \09%rd101, %rd76, 6291456;\0A\09mul.lo.s64 \09%rd102, %rd76, 6144;\0A\09setp.ge.s64 \09%p27, %rd75, %rd79;\0A\09@%p5 bra \09$L__BB0_17;\0A\09mad.lo.s64 \09%rd85, %rd2, 6144, %rd99;\0A\09add.s64 \09%rd109, %rd78, %rd85;\0A\09mov.b64 \09%rd110, %rd75;\0A\09bra.uni \09$L__BB0_7;\0A$L__BB0_16:\0A\09add.s64 \09%rd110, %rd110, %rd79;\0A\09add.s64 \09%rd109, %rd109, %rd100;\0A\09setp.lt.s64 \09%p12, %rd110, %rd80;\0A\09@%p12 bra \09$L__BB0_7;\0A\09bra.uni \09$L__BB0_17;\0A$L__BB0_7:\0A\09mov.b64 \09%rd111, %rd109;\0A\09mov.b64 \09%rd112, %rd75;\0A\09@%p1 bra \09$L__BB0_16;\0A\09bra.uni \09$L__BB0_8;\0A$L__BB0_15:\0A\09add.s64 \09%rd112, %rd112, %rd76;\0A\09add.s64 \09%rd111, %rd111, %rd101;\0A\09setp.lt.s64 \09%p11, %rd112, %rd77;\0A\09@%p11 bra \09$L__BB0_8;\0A\09bra.uni \09$L__BB0_16;\0A$L__BB0_8:\0A\09@%p28 bra \09$L__BB0_15;\0A\09shl.b64 \09%rd86, %rd112, 9;\0A\09add.s64 \09%rd27, %rd3, %rd86;\0A\09mov.b64 \09%rd113, %rd111;\0A\09mov.b64 \09%rd114, %rd75;\0A\09bra.uni \09$L__BB0_10;\0A$L__BB0_14:\0A\09add.s64 \09%rd114, %rd114, %rd76;\0A\09add.s64 \09%rd113, %rd113, %rd102;\0A\09setp.lt.s64 \09%p10, %rd114, %rd74;\0A\09@%p10 bra \09$L__BB0_10;\0A\09bra.uni \09$L__BB0_15;\0A$L__BB0_10:\0A\09@%p27 bra \09$L__BB0_14;\0A\09shl.b64 \09%rd87, %rd114, 2;\0A\09add.s64 \09%rd30, %rd27, %rd87;\0A\09ld.local.b32 \09%r26, [%rd30];\0A\09mov.b64 \09%rd115, %rd113;\0A\09mov.b64 \09%rd116, %rd75;\0A$L__BB0_12:\0A\09ld.global.b32 \09%r11, [%rd115];\0A\09max.NaN.f32 \09%r26, %r11, %r26;\0A\09add.s64 \09%rd116, %rd116, %rd76;\0A\09add.s64 \09%rd115, %rd115, %rd104;\0A\09setp.lt.s64 \09%p9, %rd116, %rd79;\0A\09@%p9 bra \09$L__BB0_12;\0A\09st.local.b32 \09[%rd30], %r26;\0A\09bra.uni \09$L__BB0_14;\0A$L__BB0_17:\0A\09shl.b64 \09%rd97, %rd2, 2;\0A\09@%p1 bra \09$L__BB0_22;\0A\09ld.param.b32 \09%r9, [main_kernel_param_23];\0A\09mad.lo.s64 \09%rd89, %rd75, 4100, %rd97;\0A\09add.s64 \09%rd117, %rd1, %rd89;\0A\09shl.b64 \09%rd23, %rd76, 12;\0A\09mov.b64 \09%rd118, %rd75;\0A\09bra.uni \09$L__BB0_19;\0A$L__BB0_21:\0A\09add.s64 \09%rd118, %rd118, %rd76;\0A\09add.s64 \09%rd117, %rd117, %rd23;\0A\09setp.lt.s64 \09%p16, %rd118, %rd77;\0A\09@%p16 bra \09$L__BB0_19;\0A\09bra.uni \09$L__BB0_22;\0A$L__BB0_19:\0A\09mov.b64 \09%rd119, %rd117;\0A\09mov.b64 \09%rd120, %rd75;\0A\09@%p28 bra \09$L__BB0_21;\0A$L__BB0_20:\0A\09st.global.b32 \09[%rd119], %r9;\0A\09add.s64 \09%rd120, %rd120, %rd76;\0A\09add.s64 \09%rd119, %rd119, %rd104;\0A\09setp.lt.s64 \09%p15, %rd120, %rd74;\0A\09@%p15 bra \09$L__BB0_20;\0A\09bra.uni \09$L__BB0_21;\0A$L__BB0_22:\0A\09@%p5 bra \09$L__BB0_34;\0A\09add.s64 \09%rd43, %rd1, %rd97;\0A\09mad.lo.s64 \09%rd92, %rd2, 6144, %rd99;\0A\09add.s64 \09%rd121, %rd78, %rd92;\0A\09mov.b64 \09%rd122, %rd75;\0A\09bra.uni \09$L__BB0_24;\0A$L__BB0_33:\0A\09add.s64 \09%rd122, %rd122, %rd79;\0A\09add.s64 \09%rd121, %rd121, %rd100;\0A\09setp.lt.s64 \09%p24, %rd122, %rd80;\0A\09@%p24 bra \09$L__BB0_24;\0A\09bra.uni \09$L__BB0_34;\0A$L__BB0_24:\0A\09@%p1 bra \09$L__BB0_33;\0A\09mov.b64 \09%rd123, %rd121;\0A\09mov.b64 \09%rd124, %rd75;\0A\09bra.uni \09$L__BB0_26;\0A$L__BB0_32:\0A\09add.s64 \09%rd124, %rd124, %rd76;\0A\09add.s64 \09%rd123, %rd123, %rd101;\0A\09setp.lt.s64 \09%p23, %rd124, %rd77;\0A\09@%p23 bra \09$L__BB0_26;\0A\09bra.uni \09$L__BB0_33;\0A$L__BB0_26:\0A\09@%p28 bra \09$L__BB0_32;\0A\09shl.b64 \09%rd93, %rd124, 9;\0A\09add.s64 \09%rd59, %rd3, %rd93;\0A\09shl.b64 \09%rd94, %rd124, 12;\0A\09add.s64 \09%rd60, %rd43, %rd94;\0A\09mov.b64 \09%rd125, %rd123;\0A\09mov.b64 \09%rd126, %rd75;\0A\09bra.uni \09$L__BB0_28;\0A$L__BB0_31:\0A\09add.s64 \09%rd126, %rd126, %rd76;\0A\09add.s64 \09%rd125, %rd125, %rd102;\0A\09setp.lt.s64 \09%p22, %rd126, %rd74;\0A\09@%p22 bra \09$L__BB0_28;\0A\09bra.uni \09$L__BB0_32;\0A$L__BB0_28:\0A\09@%p27 bra \09$L__BB0_31;\0A\09shl.b64 \09%rd95, %rd126, 2;\0A\09add.s64 \09%rd96, %rd59, %rd95;\0A\09ld.local.b32 \09%r4, [%rd96];\0A\09add.s64 \09%rd63, %rd60, %rd95;\0A\09ld.global.b32 \09%r27, [%rd63];\0A\09mov.b64 \09%rd127, %rd125;\0A\09mov.b64 \09%rd128, %rd75;\0A$L__BB0_30:\0A\09ld.global.b32 \09%r12, [%rd127];\0A\09sub.rn.f32 \09%r13, %r12, %r4;\0A\09fma.rn.f32 \09%r14, %r13, 0f3BBB989D, 0f3F000000;\0A\09cvt.sat.f32.f32 \09%r15, %r14;\0A\09mov.b32 \09%r16, 0f4B400001;\0A\09mov.b32 \09%r17, 0f437C0000;\0A\09fma.rm.f32 \09%r18, %r15, %r17, %r16;\0A\09add.rn.f32 \09%r19, %r18, 0fCB40007F;\0A\09neg.f32 \09%r20, %r19;\0A\09fma.rn.f32 \09%r21, %r13, 0f3FB8AA3B, %r20;\0A\09fma.rn.f32 \09%r22, %r13, 0f32A57060, %r21;\0A\09shl.b32 \09%r23, %r18, 23;\0A\09ex2.approx.ftz.f32 \09%r24, %r22;\0A\09mul.rn.f32 \09%r25, %r24, %r23;\0A\09add.rn.f32 \09%r27, %r27, %r25;\0A\09st.global.b32 \09[%rd63], %r27;\0A\09add.s64 \09%rd128, %rd128, %rd76;\0A\09add.s64 \09%rd127, %rd127, %rd104;\0A\09setp.lt.s64 \09%p21, %rd128, %rd79;\0A\09@%p21 bra \09$L__BB0_30;\0A\09bra.uni \09$L__BB0_31;\0A$L__BB0_34:\0A\09ret;\0A\0A}\0A">]
  gpu.binary @main_kernel_0  [#gpu.object<#nvvm.target<O = 3, chip = "sm_86", features = "+ptx76", flags = {fast, ftz}>, properties = {LLVMIRToISATimeInMs = 3 : i64, O = 3 : i32}, assembly = "//\0A// Generated by LLVM NVPTX Back-End\0A//\0A\0A.version 7.6\0A.target sm_86\0A.address_size 64\0A\0A\09// .globl\09main_kernel\0A\0A.visible .entry main_kernel(\0A\09.param .u64 main_kernel_param_0,\0A\09.param .f32 main_kernel_param_1,\0A\09.param .u64 main_kernel_param_2,\0A\09.param .u64 main_kernel_param_3,\0A\09.param .u64 main_kernel_param_4,\0A\09.param .u64 .ptr .global .align 1 main_kernel_param_5,\0A\09.param .u64 .ptr .global .align 1 main_kernel_param_6,\0A\09.param .u64 main_kernel_param_7,\0A\09.param .u64 main_kernel_param_8,\0A\09.param .u64 main_kernel_param_9,\0A\09.param .u64 main_kernel_param_10,\0A\09.param .u64 main_kernel_param_11,\0A\09.param .u64 main_kernel_param_12,\0A\09.param .u64 main_kernel_param_13,\0A\09.param .u64 main_kernel_param_14,\0A\09.param .u64 main_kernel_param_15,\0A\09.param .u64 .ptr .align 1 main_kernel_param_16,\0A\09.param .u64 .ptr .align 1 main_kernel_param_17,\0A\09.param .u64 main_kernel_param_18,\0A\09.param .u64 .ptr .align 1 main_kernel_param_19,\0A\09.param .u64 .ptr .align 1 main_kernel_param_20,\0A\09.param .u64 main_kernel_param_21,\0A\09.param .u64 main_kernel_param_22,\0A\09.param .u64 main_kernel_param_23,\0A\09.param .u64 main_kernel_param_24,\0A\09.param .u64 main_kernel_param_25,\0A\09.param .u64 .ptr .global .align 1 main_kernel_param_26,\0A\09.param .u64 .ptr .global .align 1 main_kernel_param_27,\0A\09.param .u64 main_kernel_param_28,\0A\09.param .u64 main_kernel_param_29,\0A\09.param .u64 main_kernel_param_30,\0A\09.param .u64 main_kernel_param_31,\0A\09.param .u64 main_kernel_param_32,\0A\09.param .f32 main_kernel_param_33,\0A\09.param .u64 .ptr .align 1 main_kernel_param_34,\0A\09.param .u64 .ptr .align 1 main_kernel_param_35,\0A\09.param .u64 main_kernel_param_36\0A)\0A.maxntid 1, 1, 1\0A{\0A\09.local .align 4 .b8 \09__local_depot0[4096];\0A\09.reg .b64 \09%SP;\0A\09.reg .b64 \09%SPL;\0A\09.reg .pred \09%p<26>;\0A\09.reg .b32 \09%r<55>;\0A\09.reg .b64 \09%rd<153>;\0A\0A\09mov.b64 \09%SPL, __local_depot0;\0A\09ld.param.b64 \09%rd96, [main_kernel_param_15];\0A\09ld.param.b64 \09%rd95, [main_kernel_param_14];\0A\09ld.param.b64 \09%rd93, [main_kernel_param_4];\0A\09ld.param.b64 \09%rd92, [main_kernel_param_3];\0A\09ld.param.b64 \09%rd91, [main_kernel_param_2];\0A\09ld.param.b64 \09%rd90, [main_kernel_param_0];\0A\09ld.param.b64 \09%rd98, [main_kernel_param_17];\0A\09cvta.to.global.u64 \09%rd1, %rd98;\0A\09ld.param.b64 \09%rd99, [main_kernel_param_20];\0A\09cvta.to.global.u64 \09%rd2, %rd99;\0A\09ld.param.b64 \09%rd100, [main_kernel_param_35];\0A\09cvta.to.global.u64 \09%rd3, %rd100;\0A\09mov.u32 \09%r15, %ctaid.x;\0A\09cvt.u64.u32 \09%rd101, %r15;\0A\09add.u64 \09%rd5, %SPL, 0;\0A\09setp.ge.s64 \09%p1, %rd91, %rd93;\0A\09shl.b64 \09%rd121, %rd92, 9;\0A\09shl.b64 \09%rd122, %rd92, 2;\0A\09setp.ge.s64 \09%p25, %rd91, %rd90;\0A\09@%p1 bra \09$L__BB0_5;\0A\09ld.param.b32 \09%r13, [main_kernel_param_1];\0A\09mad.lo.s64 \09%rd123, %rd91, 516, %rd5;\0A\09mov.b64 \09%rd124, %rd91;\0A\09bra.uni \09$L__BB0_2;\0A$L__BB0_4:\0A\09add.s64 \09%rd124, %rd124, %rd92;\0A\09add.s64 \09%rd123, %rd123, %rd121;\0A\09setp.lt.s64 \09%p4, %rd124, %rd93;\0A\09@%p4 bra \09$L__BB0_2;\0A\09bra.uni \09$L__BB0_5;\0A$L__BB0_2:\0A\09mov.b64 \09%rd125, %rd123;\0A\09mov.b64 \09%rd126, %rd91;\0A\09@%p25 bra \09$L__BB0_4;\0A$L__BB0_3:\0A\09st.local.b32 \09[%rd125], %r13;\0A\09add.s64 \09%rd126, %rd126, %rd92;\0A\09add.s64 \09%rd125, %rd125, %rd122;\0A\09setp.lt.s64 \09%p3, %rd126, %rd90;\0A\09@%p3 bra \09$L__BB0_3;\0A\09bra.uni \09$L__BB0_4;\0A$L__BB0_5:\0A\09ld.param.b64 \09%rd94, [main_kernel_param_6];\0A\09mul.lo.s64 \09%rd4, %rd90, %rd101;\0A\09setp.ge.s64 \09%p5, %rd91, %rd96;\0A\09shl.b64 \09%rd117, %rd95, 2;\0A\09mul.lo.s64 \09%rd118, %rd92, 6291456;\0A\09mul.lo.s64 \09%rd119, %rd92, 6144;\0A\09setp.ge.s64 \09%p24, %rd91, %rd95;\0A\09@%p5 bra \09$L__BB0_18;\0A\09mul.lo.s64 \09%rd103, %rd91, 6297608;\0A\09mad.lo.s64 \09%rd104, %rd4, 6144, %rd103;\0A\09add.s64 \09%rd127, %rd94, %rd104;\0A\09mov.b64 \09%rd128, %rd91;\0A\09bra.uni \09$L__BB0_7;\0A$L__BB0_17:\0A\09add.s64 \09%rd128, %rd128, %rd95;\0A\09add.s64 \09%rd127, %rd127, %rd117;\0A\09setp.lt.s64 \09%p12, %rd128, %rd96;\0A\09@%p12 bra \09$L__BB0_7;\0A\09bra.uni \09$L__BB0_18;\0A$L__BB0_7:\0A\09@%p1 bra \09$L__BB0_17;\0A\09mov.b64 \09%rd129, %rd127;\0A\09mov.b64 \09%rd130, %rd91;\0A\09bra.uni \09$L__BB0_9;\0A$L__BB0_16:\0A\09add.s64 \09%rd130, %rd130, %rd92;\0A\09add.s64 \09%rd129, %rd129, %rd118;\0A\09setp.lt.s64 \09%p11, %rd130, %rd93;\0A\09@%p11 bra \09$L__BB0_9;\0A\09bra.uni \09$L__BB0_17;\0A$L__BB0_9:\0A\09@%p25 bra \09$L__BB0_16;\0A\09shl.b64 \09%rd105, %rd130, 9;\0A\09add.s64 \09%rd26, %rd5, %rd105;\0A\09mov.b64 \09%rd131, %rd129;\0A\09mov.b64 \09%rd132, %rd91;\0A\09bra.uni \09$L__BB0_11;\0A$L__BB0_15:\0A\09add.s64 \09%rd132, %rd132, %rd92;\0A\09add.s64 \09%rd131, %rd131, %rd119;\0A\09setp.lt.s64 \09%p10, %rd132, %rd90;\0A\09@%p10 bra \09$L__BB0_11;\0A\09bra.uni \09$L__BB0_16;\0A$L__BB0_11:\0A\09@%p24 bra \09$L__BB0_15;\0A\09shl.b64 \09%rd106, %rd132, 2;\0A\09add.s64 \09%rd29, %rd26, %rd106;\0A\09ld.local.b32 \09%r47, [%rd29];\0A\09mov.b64 \09%rd133, %rd131;\0A\09mov.b64 \09%rd134, %rd91;\0A$L__BB0_13:\0A\09ld.global.b32 \09%r16, [%rd133];\0A\09max.f32 \09%r47, %r16, %r47;\0A\09add.s64 \09%rd134, %rd134, %rd92;\0A\09add.s64 \09%rd133, %rd133, %rd122;\0A\09setp.lt.s64 \09%p9, %rd134, %rd95;\0A\09@%p9 bra \09$L__BB0_13;\0A\09st.local.b32 \09[%rd29], %r47;\0A\09bra.uni \09$L__BB0_15;\0A$L__BB0_18:\0A\09ld.param.b32 \09%r14, [main_kernel_param_33];\0A\09ld.global.b32 \09%r51, [%rd1];\0A\09@%p1 bra \09$L__BB0_29;\0A\09ld.param.b64 \09%rd97, [main_kernel_param_27];\0A\09mad.lo.s64 \09%rd138, %rd91, 1032, %rd5;\0A\09shl.b64 \09%rd41, %rd95, 9;\0A\09shl.b64 \09%rd107, %rd4, 2;\0A\09mad.lo.s64 \09%rd108, %rd91, 8200, %rd107;\0A\09add.s64 \09%rd137, %rd2, %rd108;\0A\09shl.b64 \09%rd46, %rd95, 12;\0A\09shl.b64 \09%rd47, %rd92, 12;\0A\09add.s64 \09%rd136, %rd97, %rd108;\0A\09mul.lo.s64 \09%rd109, %rd91, 12595200;\0A\09mad.lo.s64 \09%rd110, %rd4, 6144, %rd109;\0A\09add.s64 \09%rd135, %rd94, %rd110;\0A\09mul.lo.s64 \09%rd50, %rd95, 6291456;\0A\09mul.lo.s64 \09%rd51, %rd95, 6144;\0A\09mov.b64 \09%rd139, %rd91;\0A\09bra.uni \09$L__BB0_20;\0A$L__BB0_28:\0A\09add.s64 \09%rd139, %rd139, %rd95;\0A\09add.s64 \09%rd138, %rd138, %rd41;\0A\09add.s64 \09%rd137, %rd137, %rd46;\0A\09add.s64 \09%rd136, %rd136, %rd46;\0A\09add.s64 \09%rd135, %rd135, %rd50;\0A\09setp.lt.s64 \09%p22, %rd139, %rd93;\0A\09@%p22 bra \09$L__BB0_20;\0A\09bra.uni \09$L__BB0_29;\0A$L__BB0_20:\0A\09@%p25 bra \09$L__BB0_28;\0A\09mov.b64 \09%rd140, %rd135;\0A\09mov.b64 \09%rd141, %rd136;\0A\09mov.b64 \09%rd142, %rd137;\0A\09mov.b64 \09%rd143, %rd138;\0A\09mov.b64 \09%rd144, %rd91;\0A\09bra.uni \09$L__BB0_22;\0A$L__BB0_27:\0A\09add.s64 \09%rd144, %rd144, %rd95;\0A\09add.s64 \09%rd143, %rd143, %rd117;\0A\09add.s64 \09%rd142, %rd142, %rd117;\0A\09add.s64 \09%rd141, %rd141, %rd117;\0A\09add.s64 \09%rd140, %rd140, %rd51;\0A\09setp.lt.s64 \09%p21, %rd144, %rd90;\0A\09@%p21 bra \09$L__BB0_22;\0A\09bra.uni \09$L__BB0_28;\0A$L__BB0_22:\0A\09@%p24 bra \09$L__BB0_27;\0A\09mov.b64 \09%rd145, %rd140;\0A\09mov.b64 \09%rd146, %rd141;\0A\09mov.b64 \09%rd147, %rd142;\0A\09mov.b64 \09%rd148, %rd143;\0A\09mov.b64 \09%rd149, %rd91;\0A$L__BB0_24:\0A\09mov.b64 \09%rd151, 0;\0A\09mov.b64 \09%rd150, %rd145;\0A\09mov.b64 \09%rd152, %rd91;\0A$L__BB0_25:\0A\09add.s64 \09%rd112, %rd147, %rd151;\0A\09ld.global.b32 \09%r17, [%rd112];\0A\09add.s64 \09%rd113, %rd148, %rd151;\0A\09ld.local.b32 \09%r18, [%rd113];\0A\09add.s64 \09%rd114, %rd146, %rd151;\0A\09ld.global.b32 \09%r19, [%rd114];\0A\09mul.wide.s32 \09%rd115, %r19, 4;\0A\09add.s64 \09%rd116, %rd150, %rd115;\0A\09ld.global.b32 \09%r20, [%rd116];\0A\09setp.lt.f32 \09%p16, %r17, 0f00800000;\0A\09mul.rn.f32 \09%r21, %r17, 0f4B000000;\0A\09selp.f32 \09%r22, %r21, %r17, %p16;\0A\09selp.f32 \09%r23, 0fC1B80000, 0f00000000, %p16;\0A\09add.s32 \09%r24, %r22, -1059760811;\0A\09and.b32 \09%r25, %r24, -8388608;\0A\09sub.s32 \09%r26, %r22, %r25;\0A\09cvt.rn.f32.s32 \09%r27, %r25;\0A\09fma.rn.f32 \09%r28, %r27, 0f34000000, %r23;\0A\09add.rn.f32 \09%r29, %r26, 0fBF800000;\0A\09fma.rn.f32 \09%r30, %r29, 0fBE055027, 0f3E1039F6;\0A\09fma.rn.f32 \09%r31, %r30, %r29, 0fBDF8CDCC;\0A\09fma.rn.f32 \09%r32, %r31, %r29, 0f3E0F2955;\0A\09fma.rn.f32 \09%r33, %r32, %r29, 0fBE2AD8B9;\0A\09fma.rn.f32 \09%r34, %r33, %r29, 0f3E4CED0B;\0A\09fma.rn.f32 \09%r35, %r34, %r29, 0fBE7FFF22;\0A\09fma.rn.f32 \09%r36, %r35, %r29, 0f3EAAAA78;\0A\09fma.rn.f32 \09%r37, %r36, %r29, 0fBF000000;\0A\09mul.rn.f32 \09%r38, %r29, %r37;\0A\09fma.rn.f32 \09%r39, %r38, %r29, %r29;\0A\09fma.rn.f32 \09%r40, %r28, 0f3F317218, %r39;\0A\09setp.gt.u32 \09%p17, %r22, 2139095039;\0A\09fma.rn.f32 \09%r41, %r22, 0f7F800000, 0f7F800000;\0A\09selp.f32 \09%r42, %r41, %r40, %p17;\0A\09setp.eq.f32 \09%p18, %r22, 0f00000000;\0A\09selp.f32 \09%r43, 0fFF800000, %r42, %p18;\0A\09add.rn.f32 \09%r44, %r18, %r43;\0A\09sub.rn.f32 \09%r45, %r44, %r20;\0A\09add.rn.f32 \09%r51, %r51, %r45;\0A\09add.s64 \09%rd152, %rd152, %rd92;\0A\09add.s64 \09%rd151, %rd151, %rd122;\0A\09add.s64 \09%rd150, %rd150, %rd119;\0A\09setp.lt.s64 \09%p19, %rd152, %rd95;\0A\09@%p19 bra \09$L__BB0_25;\0A\09add.s64 \09%rd149, %rd149, %rd92;\0A\09add.s64 \09%rd148, %rd148, %rd121;\0A\09add.s64 \09%rd147, %rd147, %rd47;\0A\09add.s64 \09%rd146, %rd146, %rd47;\0A\09add.s64 \09%rd145, %rd145, %rd118;\0A\09setp.lt.s64 \09%p20, %rd149, %rd95;\0A\09@%p20 bra \09$L__BB0_24;\0A\09bra.uni \09$L__BB0_27;\0A$L__BB0_29:\0A\09div.rn.f32 \09%r46, %r51, %r14;\0A\09st.global.b32 \09[%rd3], %r46;\0A\09ret;\0A\0A}\0A">]
  llvm.func @mgpuStreamCreate() -> !llvm.ptr
  llvm.func @mgpuStreamSynchronize(!llvm.ptr)
  llvm.func @mgpuStreamDestroy(!llvm.ptr)
}


// -----// IR Dump After mlir::nova::{anonymous}::NovaGPULowerMemorySpacePass (nova-gpu-lower-memory-space) //----- //
module attributes {gpu.container_module} {
  llvm.func @cudaMallocAsync(!llvm.ptr, i64, !llvm.ptr) -> i32
  llvm.func @cudaMemcpyAsync(!llvm.ptr, !llvm.ptr, i64, i32, !llvm.ptr) -> i32
  llvm.func @cudaFreeAsync(!llvm.ptr, !llvm.ptr) -> i32
  llvm.func @main(%arg0: !llvm.ptr<1>, %arg1: !llvm.ptr<1>, %arg2: i64, %arg3: i64, %arg4: i64, %arg5: i64, %arg6: i64, %arg7: i64, %arg8: i64, %arg9: !llvm.ptr<1>, %arg10: !llvm.ptr<1>, %arg11: i64, %arg12: i64, %arg13: i64, %arg14: i64, %arg15: i64, %arg16: !llvm.ptr<1>, %arg17: !llvm.ptr<1>, %arg18: i64, %arg19: i64, %arg20: i64) attributes {llvm.emit_c_interface} {
    %0 = llvm.mlir.constant(8.192000e+03 : f32) : f32
    %1 = llvm.mlir.constant(0 : index) : i64
    %2 = llvm.mlir.constant(1536 : index) : i64
    %3 = llvm.mlir.constant(4 : index) : i64
    %4 = llvm.mlir.constant(8 : index) : i64
    %5 = llvm.mlir.constant(128 : index) : i64
    %6 = llvm.mlir.constant(-3.40282347E+38 : f32) : f32
    %7 = llvm.mlir.constant(0.000000e+00 : f32) : f32
    %8 = llvm.mlir.constant(0xFF800000 : f32) : f32
    %9 = llvm.mlir.constant(1 : index) : i64
    %10 = llvm.mlir.constant(4 : i64) : i64
    %11 = llvm.mlir.constant(8 : i64) : i64
    %12 = llvm.mlir.constant(1024 : i64) : i64
    %13 = llvm.mlir.constant(1 : i32) : i32
    %14 = llvm.mlir.constant(0 : i64) : i64
    %15 = llvm.mlir.constant(1 : i64) : i64
    %16 = llvm.mlir.undef : !llvm.struct<(ptr, ptr, i64)>
    %17 = llvm.mlir.constant(3 : i32) : i32
    %18 = llvm.call @mgpuStreamCreate() : () -> !llvm.ptr
    %19 = llvm.mul %10, %11 : i64
    %20 = llvm.mul %19, %12 : i64
    %21 = llvm.alloca %13 x !llvm.ptr {alignment = 8 : i64} : (i32) -> !llvm.ptr
    %22 = llvm.call @cudaMallocAsync(%21, %20, %18) : (!llvm.ptr, i64, !llvm.ptr) -> i32
    %23 = llvm.load %21 : !llvm.ptr -> !llvm.ptr
    %24 = llvm.mul %15, %12 : i64
    gpu.launch_func <%18 : !llvm.ptr> @main_kernel::@main_kernel blocks in (%4, %9, %9) threads in (%9, %9, %9) : i64 args(%5 : i64, %23 : !llvm.ptr, %23 : !llvm.ptr, %14 : i64, %11 : i64, %12 : i64, %24 : i64, %15 : i64, %6 : f32, %1 : i64, %9 : i64, %4 : i64, %arg0 : !llvm.ptr<1>, %arg1 : !llvm.ptr<1>, %arg2 : i64, %arg3 : i64, %arg4 : i64, %arg5 : i64, %arg6 : i64, %arg7 : i64, %arg8 : i64, %3 : i64, %2 : i64, %7 : f32)
    %25 = llvm.alloca %13 x !llvm.ptr {alignment = 8 : i64} : (i32) -> !llvm.ptr
    %26 = llvm.call @cudaMallocAsync(%25, %10, %18) : (!llvm.ptr, i64, !llvm.ptr) -> i32
    %27 = llvm.load %25 : !llvm.ptr -> !llvm.ptr
    %28 = llvm.insertvalue %27, %16[0] : !llvm.struct<(ptr, ptr, i64)> 
    %29 = llvm.insertvalue %27, %28[1] : !llvm.struct<(ptr, ptr, i64)> 
    %30 = llvm.insertvalue %14, %29[2] : !llvm.struct<(ptr, ptr, i64)> 
    %31 = builtin.unrealized_conversion_cast %30 : !llvm.struct<(ptr, ptr, i64)> to memref<f32>
    %32 = llvm.alloca %13 x !llvm.ptr {alignment = 8 : i64} : (i32) -> !llvm.ptr
    %33 = llvm.call @cudaMallocAsync(%32, %10, %18) : (!llvm.ptr, i64, !llvm.ptr) -> i32
    %34 = llvm.load %32 : !llvm.ptr -> !llvm.ptr
    llvm.call @mgpuStreamSynchronize(%18) : (!llvm.ptr) -> ()
    llvm.call @mgpuStreamDestroy(%18) : (!llvm.ptr) -> ()
    llvm.store %7, %34 : f32, !llvm.ptr
    %35 = llvm.call @mgpuStreamCreate() : () -> !llvm.ptr
    gpu.launch_func <%35 : !llvm.ptr> @main_kernel_0::@main_kernel blocks in (%4, %9, %9) threads in (%9, %9, %9) : i64 args(%5 : i64, %8 : f32, %1 : i64, %9 : i64, %4 : i64, %arg0 : !llvm.ptr<1>, %arg1 : !llvm.ptr<1>, %arg2 : i64, %arg3 : i64, %arg4 : i64, %arg5 : i64, %arg6 : i64, %arg7 : i64, %arg8 : i64, %3 : i64, %2 : i64, %34 : !llvm.ptr, %34 : !llvm.ptr, %14 : i64, %23 : !llvm.ptr, %23 : !llvm.ptr, %14 : i64, %11 : i64, %12 : i64, %24 : i64, %15 : i64, %arg9 : !llvm.ptr<1>, %arg10 : !llvm.ptr<1>, %arg11 : i64, %arg12 : i64, %arg13 : i64, %arg14 : i64, %arg15 : i64, %0 : f32, %27 : !llvm.ptr, %27 : !llvm.ptr, %14 : i64)
    %base_buffer, %offset = memref.extract_strided_metadata %31 : memref<f32> -> memref<f32>, index
    %reinterpret_cast = memref.reinterpret_cast %base_buffer to offset: [0], sizes: [1], strides: [1] : memref<f32> to memref<1xf32>
    %36 = llvm.addrspacecast %arg17 : !llvm.ptr<1> to !llvm.ptr
    %37 = builtin.unrealized_conversion_cast %reinterpret_cast : memref<1xf32> to !llvm.struct<(ptr, ptr, i64, array<1 x i64>, array<1 x i64>)>
    %38 = llvm.extractvalue %37[1] : !llvm.struct<(ptr, ptr, i64, array<1 x i64>, array<1 x i64>)> 
    %39 = llvm.mul %10, %15 : i64
    %40 = llvm.call @cudaMemcpyAsync(%36, %38, %39, %17, %35) : (!llvm.ptr, !llvm.ptr, i64, i32, !llvm.ptr) -> i32
    %41 = llvm.call @cudaFreeAsync(%23, %35) : (!llvm.ptr, !llvm.ptr) -> i32
    %42 = llvm.call @cudaFreeAsync(%27, %35) : (!llvm.ptr, !llvm.ptr) -> i32
    %43 = llvm.call @cudaFreeAsync(%34, %35) : (!llvm.ptr, !llvm.ptr) -> i32
    llvm.call @mgpuStreamSynchronize(%35) : (!llvm.ptr) -> ()
    llvm.call @mgpuStreamDestroy(%35) : (!llvm.ptr) -> ()
    llvm.return
  }
  llvm.func @_mlir_ciface_main(%arg0: !llvm.ptr, %arg1: !llvm.ptr, %arg2: !llvm.ptr {bufferization.writable = true}) attributes {llvm.emit_c_interface} {
    %0 = llvm.load %arg0 : !llvm.ptr -> !llvm.struct<(ptr<1>, ptr<1>, i64, array<3 x i64>, array<3 x i64>)>
    %1 = llvm.extractvalue %0[0] : !llvm.struct<(ptr<1>, ptr<1>, i64, array<3 x i64>, array<3 x i64>)> 
    %2 = llvm.extractvalue %0[1] : !llvm.struct<(ptr<1>, ptr<1>, i64, array<3 x i64>, array<3 x i64>)> 
    %3 = llvm.extractvalue %0[2] : !llvm.struct<(ptr<1>, ptr<1>, i64, array<3 x i64>, array<3 x i64>)> 
    %4 = llvm.extractvalue %0[3, 0] : !llvm.struct<(ptr<1>, ptr<1>, i64, array<3 x i64>, array<3 x i64>)> 
    %5 = llvm.extractvalue %0[3, 1] : !llvm.struct<(ptr<1>, ptr<1>, i64, array<3 x i64>, array<3 x i64>)> 
    %6 = llvm.extractvalue %0[3, 2] : !llvm.struct<(ptr<1>, ptr<1>, i64, array<3 x i64>, array<3 x i64>)> 
    %7 = llvm.extractvalue %0[4, 0] : !llvm.struct<(ptr<1>, ptr<1>, i64, array<3 x i64>, array<3 x i64>)> 
    %8 = llvm.extractvalue %0[4, 1] : !llvm.struct<(ptr<1>, ptr<1>, i64, array<3 x i64>, array<3 x i64>)> 
    %9 = llvm.extractvalue %0[4, 2] : !llvm.struct<(ptr<1>, ptr<1>, i64, array<3 x i64>, array<3 x i64>)> 
    %10 = llvm.load %arg1 : !llvm.ptr -> !llvm.struct<(ptr<1>, ptr<1>, i64, array<2 x i64>, array<2 x i64>)>
    %11 = llvm.extractvalue %10[0] : !llvm.struct<(ptr<1>, ptr<1>, i64, array<2 x i64>, array<2 x i64>)> 
    %12 = llvm.extractvalue %10[1] : !llvm.struct<(ptr<1>, ptr<1>, i64, array<2 x i64>, array<2 x i64>)> 
    %13 = llvm.extractvalue %10[2] : !llvm.struct<(ptr<1>, ptr<1>, i64, array<2 x i64>, array<2 x i64>)> 
    %14 = llvm.extractvalue %10[3, 0] : !llvm.struct<(ptr<1>, ptr<1>, i64, array<2 x i64>, array<2 x i64>)> 
    %15 = llvm.extractvalue %10[3, 1] : !llvm.struct<(ptr<1>, ptr<1>, i64, array<2 x i64>, array<2 x i64>)> 
    %16 = llvm.extractvalue %10[4, 0] : !llvm.struct<(ptr<1>, ptr<1>, i64, array<2 x i64>, array<2 x i64>)> 
    %17 = llvm.extractvalue %10[4, 1] : !llvm.struct<(ptr<1>, ptr<1>, i64, array<2 x i64>, array<2 x i64>)> 
    %18 = llvm.load %arg2 : !llvm.ptr -> !llvm.struct<(ptr<1>, ptr<1>, i64, array<1 x i64>, array<1 x i64>)>
    %19 = llvm.extractvalue %18[0] : !llvm.struct<(ptr<1>, ptr<1>, i64, array<1 x i64>, array<1 x i64>)> 
    %20 = llvm.extractvalue %18[1] : !llvm.struct<(ptr<1>, ptr<1>, i64, array<1 x i64>, array<1 x i64>)> 
    %21 = llvm.extractvalue %18[2] : !llvm.struct<(ptr<1>, ptr<1>, i64, array<1 x i64>, array<1 x i64>)> 
    %22 = llvm.extractvalue %18[3, 0] : !llvm.struct<(ptr<1>, ptr<1>, i64, array<1 x i64>, array<1 x i64>)> 
    %23 = llvm.extractvalue %18[4, 0] : !llvm.struct<(ptr<1>, ptr<1>, i64, array<1 x i64>, array<1 x i64>)> 
    llvm.call @main(%1, %2, %3, %4, %5, %6, %7, %8, %9, %11, %12, %13, %14, %15, %16, %17, %19, %20, %21, %22, %23) : (!llvm.ptr<1>, !llvm.ptr<1>, i64, i64, i64, i64, i64, i64, i64, !llvm.ptr<1>, !llvm.ptr<1>, i64, i64, i64, i64, i64, !llvm.ptr<1>, !llvm.ptr<1>, i64, i64, i64) -> ()
    llvm.return
  }
  gpu.binary @main_kernel  [#gpu.object<#nvvm.target<O = 3, chip = "sm_86", features = "+ptx76", flags = {fast, ftz}>, properties = {LLVMIRToISATimeInMs = 4 : i64, O = 3 : i32}, assembly = "//\0A// Generated by LLVM NVPTX Back-End\0A//\0A\0A.version 7.6\0A.target sm_86\0A.address_size 64\0A\0A\09// .globl\09main_kernel\0A\0A.visible .entry main_kernel(\0A\09.param .u64 main_kernel_param_0,\0A\09.param .u64 .ptr .align 1 main_kernel_param_1,\0A\09.param .u64 .ptr .align 1 main_kernel_param_2,\0A\09.param .u64 main_kernel_param_3,\0A\09.param .u64 main_kernel_param_4,\0A\09.param .u64 main_kernel_param_5,\0A\09.param .u64 main_kernel_param_6,\0A\09.param .u64 main_kernel_param_7,\0A\09.param .f32 main_kernel_param_8,\0A\09.param .u64 main_kernel_param_9,\0A\09.param .u64 main_kernel_param_10,\0A\09.param .u64 main_kernel_param_11,\0A\09.param .u64 .ptr .global .align 1 main_kernel_param_12,\0A\09.param .u64 .ptr .global .align 1 main_kernel_param_13,\0A\09.param .u64 main_kernel_param_14,\0A\09.param .u64 main_kernel_param_15,\0A\09.param .u64 main_kernel_param_16,\0A\09.param .u64 main_kernel_param_17,\0A\09.param .u64 main_kernel_param_18,\0A\09.param .u64 main_kernel_param_19,\0A\09.param .u64 main_kernel_param_20,\0A\09.param .u64 main_kernel_param_21,\0A\09.param .u64 main_kernel_param_22,\0A\09.param .f32 main_kernel_param_23\0A)\0A.maxntid 1, 1, 1\0A{\0A\09.local .align 4 .b8 \09__local_depot0[4096];\0A\09.reg .b64 \09%SP;\0A\09.reg .b64 \09%SPL;\0A\09.reg .pred \09%p<29>;\0A\09.reg .b32 \09%r<28>;\0A\09.reg .b64 \09%rd<129>;\0A\0A\09mov.b64 \09%SPL, __local_depot0;\0A\09ld.param.b64 \09%rd80, [main_kernel_param_22];\0A\09ld.param.b64 \09%rd79, [main_kernel_param_21];\0A\09ld.param.b64 \09%rd77, [main_kernel_param_11];\0A\09ld.param.b64 \09%rd76, [main_kernel_param_10];\0A\09ld.param.b64 \09%rd75, [main_kernel_param_9];\0A\09ld.param.b64 \09%rd74, [main_kernel_param_0];\0A\09ld.param.b64 \09%rd81, [main_kernel_param_2];\0A\09cvta.to.global.u64 \09%rd1, %rd81;\0A\09mov.u32 \09%r10, %ctaid.x;\0A\09cvt.u64.u32 \09%rd82, %r10;\0A\09add.u64 \09%rd3, %SPL, 0;\0A\09setp.ge.s64 \09%p1, %rd75, %rd77;\0A\09shl.b64 \09%rd104, %rd76, 2;\0A\09setp.ge.s64 \09%p28, %rd75, %rd74;\0A\09@%p1 bra \09$L__BB0_5;\0A\09ld.param.b32 \09%r8, [main_kernel_param_8];\0A\09mad.lo.s64 \09%rd105, %rd75, 516, %rd3;\0A\09shl.b64 \09%rd5, %rd76, 9;\0A\09mov.b64 \09%rd106, %rd75;\0A\09bra.uni \09$L__BB0_2;\0A$L__BB0_4:\0A\09add.s64 \09%rd106, %rd106, %rd76;\0A\09add.s64 \09%rd105, %rd105, %rd5;\0A\09setp.lt.s64 \09%p4, %rd106, %rd77;\0A\09@%p4 bra \09$L__BB0_2;\0A\09bra.uni \09$L__BB0_5;\0A$L__BB0_2:\0A\09mov.b64 \09%rd107, %rd105;\0A\09mov.b64 \09%rd108, %rd75;\0A\09@%p28 bra \09$L__BB0_4;\0A$L__BB0_3:\0A\09st.local.b32 \09[%rd107], %r8;\0A\09add.s64 \09%rd108, %rd108, %rd76;\0A\09add.s64 \09%rd107, %rd107, %rd104;\0A\09setp.lt.s64 \09%p3, %rd108, %rd74;\0A\09@%p3 bra \09$L__BB0_3;\0A\09bra.uni \09$L__BB0_4;\0A$L__BB0_5:\0A\09ld.param.b64 \09%rd78, [main_kernel_param_13];\0A\09mul.lo.s64 \09%rd2, %rd74, %rd82;\0A\09setp.ge.s64 \09%p5, %rd75, %rd80;\0A\09mul.lo.s64 \09%rd99, %rd75, 6297608;\0A\09shl.b64 \09%rd100, %rd79, 2;\0A\09mul.lo.s64 \09%rd101, %rd76, 6291456;\0A\09mul.lo.s64 \09%rd102, %rd76, 6144;\0A\09setp.ge.s64 \09%p27, %rd75, %rd79;\0A\09@%p5 bra \09$L__BB0_17;\0A\09mad.lo.s64 \09%rd85, %rd2, 6144, %rd99;\0A\09add.s64 \09%rd109, %rd78, %rd85;\0A\09mov.b64 \09%rd110, %rd75;\0A\09bra.uni \09$L__BB0_7;\0A$L__BB0_16:\0A\09add.s64 \09%rd110, %rd110, %rd79;\0A\09add.s64 \09%rd109, %rd109, %rd100;\0A\09setp.lt.s64 \09%p12, %rd110, %rd80;\0A\09@%p12 bra \09$L__BB0_7;\0A\09bra.uni \09$L__BB0_17;\0A$L__BB0_7:\0A\09mov.b64 \09%rd111, %rd109;\0A\09mov.b64 \09%rd112, %rd75;\0A\09@%p1 bra \09$L__BB0_16;\0A\09bra.uni \09$L__BB0_8;\0A$L__BB0_15:\0A\09add.s64 \09%rd112, %rd112, %rd76;\0A\09add.s64 \09%rd111, %rd111, %rd101;\0A\09setp.lt.s64 \09%p11, %rd112, %rd77;\0A\09@%p11 bra \09$L__BB0_8;\0A\09bra.uni \09$L__BB0_16;\0A$L__BB0_8:\0A\09@%p28 bra \09$L__BB0_15;\0A\09shl.b64 \09%rd86, %rd112, 9;\0A\09add.s64 \09%rd27, %rd3, %rd86;\0A\09mov.b64 \09%rd113, %rd111;\0A\09mov.b64 \09%rd114, %rd75;\0A\09bra.uni \09$L__BB0_10;\0A$L__BB0_14:\0A\09add.s64 \09%rd114, %rd114, %rd76;\0A\09add.s64 \09%rd113, %rd113, %rd102;\0A\09setp.lt.s64 \09%p10, %rd114, %rd74;\0A\09@%p10 bra \09$L__BB0_10;\0A\09bra.uni \09$L__BB0_15;\0A$L__BB0_10:\0A\09@%p27 bra \09$L__BB0_14;\0A\09shl.b64 \09%rd87, %rd114, 2;\0A\09add.s64 \09%rd30, %rd27, %rd87;\0A\09ld.local.b32 \09%r26, [%rd30];\0A\09mov.b64 \09%rd115, %rd113;\0A\09mov.b64 \09%rd116, %rd75;\0A$L__BB0_12:\0A\09ld.global.b32 \09%r11, [%rd115];\0A\09max.NaN.f32 \09%r26, %r11, %r26;\0A\09add.s64 \09%rd116, %rd116, %rd76;\0A\09add.s64 \09%rd115, %rd115, %rd104;\0A\09setp.lt.s64 \09%p9, %rd116, %rd79;\0A\09@%p9 bra \09$L__BB0_12;\0A\09st.local.b32 \09[%rd30], %r26;\0A\09bra.uni \09$L__BB0_14;\0A$L__BB0_17:\0A\09shl.b64 \09%rd97, %rd2, 2;\0A\09@%p1 bra \09$L__BB0_22;\0A\09ld.param.b32 \09%r9, [main_kernel_param_23];\0A\09mad.lo.s64 \09%rd89, %rd75, 4100, %rd97;\0A\09add.s64 \09%rd117, %rd1, %rd89;\0A\09shl.b64 \09%rd23, %rd76, 12;\0A\09mov.b64 \09%rd118, %rd75;\0A\09bra.uni \09$L__BB0_19;\0A$L__BB0_21:\0A\09add.s64 \09%rd118, %rd118, %rd76;\0A\09add.s64 \09%rd117, %rd117, %rd23;\0A\09setp.lt.s64 \09%p16, %rd118, %rd77;\0A\09@%p16 bra \09$L__BB0_19;\0A\09bra.uni \09$L__BB0_22;\0A$L__BB0_19:\0A\09mov.b64 \09%rd119, %rd117;\0A\09mov.b64 \09%rd120, %rd75;\0A\09@%p28 bra \09$L__BB0_21;\0A$L__BB0_20:\0A\09st.global.b32 \09[%rd119], %r9;\0A\09add.s64 \09%rd120, %rd120, %rd76;\0A\09add.s64 \09%rd119, %rd119, %rd104;\0A\09setp.lt.s64 \09%p15, %rd120, %rd74;\0A\09@%p15 bra \09$L__BB0_20;\0A\09bra.uni \09$L__BB0_21;\0A$L__BB0_22:\0A\09@%p5 bra \09$L__BB0_34;\0A\09add.s64 \09%rd43, %rd1, %rd97;\0A\09mad.lo.s64 \09%rd92, %rd2, 6144, %rd99;\0A\09add.s64 \09%rd121, %rd78, %rd92;\0A\09mov.b64 \09%rd122, %rd75;\0A\09bra.uni \09$L__BB0_24;\0A$L__BB0_33:\0A\09add.s64 \09%rd122, %rd122, %rd79;\0A\09add.s64 \09%rd121, %rd121, %rd100;\0A\09setp.lt.s64 \09%p24, %rd122, %rd80;\0A\09@%p24 bra \09$L__BB0_24;\0A\09bra.uni \09$L__BB0_34;\0A$L__BB0_24:\0A\09@%p1 bra \09$L__BB0_33;\0A\09mov.b64 \09%rd123, %rd121;\0A\09mov.b64 \09%rd124, %rd75;\0A\09bra.uni \09$L__BB0_26;\0A$L__BB0_32:\0A\09add.s64 \09%rd124, %rd124, %rd76;\0A\09add.s64 \09%rd123, %rd123, %rd101;\0A\09setp.lt.s64 \09%p23, %rd124, %rd77;\0A\09@%p23 bra \09$L__BB0_26;\0A\09bra.uni \09$L__BB0_33;\0A$L__BB0_26:\0A\09@%p28 bra \09$L__BB0_32;\0A\09shl.b64 \09%rd93, %rd124, 9;\0A\09add.s64 \09%rd59, %rd3, %rd93;\0A\09shl.b64 \09%rd94, %rd124, 12;\0A\09add.s64 \09%rd60, %rd43, %rd94;\0A\09mov.b64 \09%rd125, %rd123;\0A\09mov.b64 \09%rd126, %rd75;\0A\09bra.uni \09$L__BB0_28;\0A$L__BB0_31:\0A\09add.s64 \09%rd126, %rd126, %rd76;\0A\09add.s64 \09%rd125, %rd125, %rd102;\0A\09setp.lt.s64 \09%p22, %rd126, %rd74;\0A\09@%p22 bra \09$L__BB0_28;\0A\09bra.uni \09$L__BB0_32;\0A$L__BB0_28:\0A\09@%p27 bra \09$L__BB0_31;\0A\09shl.b64 \09%rd95, %rd126, 2;\0A\09add.s64 \09%rd96, %rd59, %rd95;\0A\09ld.local.b32 \09%r4, [%rd96];\0A\09add.s64 \09%rd63, %rd60, %rd95;\0A\09ld.global.b32 \09%r27, [%rd63];\0A\09mov.b64 \09%rd127, %rd125;\0A\09mov.b64 \09%rd128, %rd75;\0A$L__BB0_30:\0A\09ld.global.b32 \09%r12, [%rd127];\0A\09sub.rn.f32 \09%r13, %r12, %r4;\0A\09fma.rn.f32 \09%r14, %r13, 0f3BBB989D, 0f3F000000;\0A\09cvt.sat.f32.f32 \09%r15, %r14;\0A\09mov.b32 \09%r16, 0f4B400001;\0A\09mov.b32 \09%r17, 0f437C0000;\0A\09fma.rm.f32 \09%r18, %r15, %r17, %r16;\0A\09add.rn.f32 \09%r19, %r18, 0fCB40007F;\0A\09neg.f32 \09%r20, %r19;\0A\09fma.rn.f32 \09%r21, %r13, 0f3FB8AA3B, %r20;\0A\09fma.rn.f32 \09%r22, %r13, 0f32A57060, %r21;\0A\09shl.b32 \09%r23, %r18, 23;\0A\09ex2.approx.ftz.f32 \09%r24, %r22;\0A\09mul.rn.f32 \09%r25, %r24, %r23;\0A\09add.rn.f32 \09%r27, %r27, %r25;\0A\09st.global.b32 \09[%rd63], %r27;\0A\09add.s64 \09%rd128, %rd128, %rd76;\0A\09add.s64 \09%rd127, %rd127, %rd104;\0A\09setp.lt.s64 \09%p21, %rd128, %rd79;\0A\09@%p21 bra \09$L__BB0_30;\0A\09bra.uni \09$L__BB0_31;\0A$L__BB0_34:\0A\09ret;\0A\0A}\0A">]
  gpu.binary @main_kernel_0  [#gpu.object<#nvvm.target<O = 3, chip = "sm_86", features = "+ptx76", flags = {fast, ftz}>, properties = {LLVMIRToISATimeInMs = 3 : i64, O = 3 : i32}, assembly = "//\0A// Generated by LLVM NVPTX Back-End\0A//\0A\0A.version 7.6\0A.target sm_86\0A.address_size 64\0A\0A\09// .globl\09main_kernel\0A\0A.visible .entry main_kernel(\0A\09.param .u64 main_kernel_param_0,\0A\09.param .f32 main_kernel_param_1,\0A\09.param .u64 main_kernel_param_2,\0A\09.param .u64 main_kernel_param_3,\0A\09.param .u64 main_kernel_param_4,\0A\09.param .u64 .ptr .global .align 1 main_kernel_param_5,\0A\09.param .u64 .ptr .global .align 1 main_kernel_param_6,\0A\09.param .u64 main_kernel_param_7,\0A\09.param .u64 main_kernel_param_8,\0A\09.param .u64 main_kernel_param_9,\0A\09.param .u64 main_kernel_param_10,\0A\09.param .u64 main_kernel_param_11,\0A\09.param .u64 main_kernel_param_12,\0A\09.param .u64 main_kernel_param_13,\0A\09.param .u64 main_kernel_param_14,\0A\09.param .u64 main_kernel_param_15,\0A\09.param .u64 .ptr .align 1 main_kernel_param_16,\0A\09.param .u64 .ptr .align 1 main_kernel_param_17,\0A\09.param .u64 main_kernel_param_18,\0A\09.param .u64 .ptr .align 1 main_kernel_param_19,\0A\09.param .u64 .ptr .align 1 main_kernel_param_20,\0A\09.param .u64 main_kernel_param_21,\0A\09.param .u64 main_kernel_param_22,\0A\09.param .u64 main_kernel_param_23,\0A\09.param .u64 main_kernel_param_24,\0A\09.param .u64 main_kernel_param_25,\0A\09.param .u64 .ptr .global .align 1 main_kernel_param_26,\0A\09.param .u64 .ptr .global .align 1 main_kernel_param_27,\0A\09.param .u64 main_kernel_param_28,\0A\09.param .u64 main_kernel_param_29,\0A\09.param .u64 main_kernel_param_30,\0A\09.param .u64 main_kernel_param_31,\0A\09.param .u64 main_kernel_param_32,\0A\09.param .f32 main_kernel_param_33,\0A\09.param .u64 .ptr .align 1 main_kernel_param_34,\0A\09.param .u64 .ptr .align 1 main_kernel_param_35,\0A\09.param .u64 main_kernel_param_36\0A)\0A.maxntid 1, 1, 1\0A{\0A\09.local .align 4 .b8 \09__local_depot0[4096];\0A\09.reg .b64 \09%SP;\0A\09.reg .b64 \09%SPL;\0A\09.reg .pred \09%p<26>;\0A\09.reg .b32 \09%r<55>;\0A\09.reg .b64 \09%rd<153>;\0A\0A\09mov.b64 \09%SPL, __local_depot0;\0A\09ld.param.b64 \09%rd96, [main_kernel_param_15];\0A\09ld.param.b64 \09%rd95, [main_kernel_param_14];\0A\09ld.param.b64 \09%rd93, [main_kernel_param_4];\0A\09ld.param.b64 \09%rd92, [main_kernel_param_3];\0A\09ld.param.b64 \09%rd91, [main_kernel_param_2];\0A\09ld.param.b64 \09%rd90, [main_kernel_param_0];\0A\09ld.param.b64 \09%rd98, [main_kernel_param_17];\0A\09cvta.to.global.u64 \09%rd1, %rd98;\0A\09ld.param.b64 \09%rd99, [main_kernel_param_20];\0A\09cvta.to.global.u64 \09%rd2, %rd99;\0A\09ld.param.b64 \09%rd100, [main_kernel_param_35];\0A\09cvta.to.global.u64 \09%rd3, %rd100;\0A\09mov.u32 \09%r15, %ctaid.x;\0A\09cvt.u64.u32 \09%rd101, %r15;\0A\09add.u64 \09%rd5, %SPL, 0;\0A\09setp.ge.s64 \09%p1, %rd91, %rd93;\0A\09shl.b64 \09%rd121, %rd92, 9;\0A\09shl.b64 \09%rd122, %rd92, 2;\0A\09setp.ge.s64 \09%p25, %rd91, %rd90;\0A\09@%p1 bra \09$L__BB0_5;\0A\09ld.param.b32 \09%r13, [main_kernel_param_1];\0A\09mad.lo.s64 \09%rd123, %rd91, 516, %rd5;\0A\09mov.b64 \09%rd124, %rd91;\0A\09bra.uni \09$L__BB0_2;\0A$L__BB0_4:\0A\09add.s64 \09%rd124, %rd124, %rd92;\0A\09add.s64 \09%rd123, %rd123, %rd121;\0A\09setp.lt.s64 \09%p4, %rd124, %rd93;\0A\09@%p4 bra \09$L__BB0_2;\0A\09bra.uni \09$L__BB0_5;\0A$L__BB0_2:\0A\09mov.b64 \09%rd125, %rd123;\0A\09mov.b64 \09%rd126, %rd91;\0A\09@%p25 bra \09$L__BB0_4;\0A$L__BB0_3:\0A\09st.local.b32 \09[%rd125], %r13;\0A\09add.s64 \09%rd126, %rd126, %rd92;\0A\09add.s64 \09%rd125, %rd125, %rd122;\0A\09setp.lt.s64 \09%p3, %rd126, %rd90;\0A\09@%p3 bra \09$L__BB0_3;\0A\09bra.uni \09$L__BB0_4;\0A$L__BB0_5:\0A\09ld.param.b64 \09%rd94, [main_kernel_param_6];\0A\09mul.lo.s64 \09%rd4, %rd90, %rd101;\0A\09setp.ge.s64 \09%p5, %rd91, %rd96;\0A\09shl.b64 \09%rd117, %rd95, 2;\0A\09mul.lo.s64 \09%rd118, %rd92, 6291456;\0A\09mul.lo.s64 \09%rd119, %rd92, 6144;\0A\09setp.ge.s64 \09%p24, %rd91, %rd95;\0A\09@%p5 bra \09$L__BB0_18;\0A\09mul.lo.s64 \09%rd103, %rd91, 6297608;\0A\09mad.lo.s64 \09%rd104, %rd4, 6144, %rd103;\0A\09add.s64 \09%rd127, %rd94, %rd104;\0A\09mov.b64 \09%rd128, %rd91;\0A\09bra.uni \09$L__BB0_7;\0A$L__BB0_17:\0A\09add.s64 \09%rd128, %rd128, %rd95;\0A\09add.s64 \09%rd127, %rd127, %rd117;\0A\09setp.lt.s64 \09%p12, %rd128, %rd96;\0A\09@%p12 bra \09$L__BB0_7;\0A\09bra.uni \09$L__BB0_18;\0A$L__BB0_7:\0A\09@%p1 bra \09$L__BB0_17;\0A\09mov.b64 \09%rd129, %rd127;\0A\09mov.b64 \09%rd130, %rd91;\0A\09bra.uni \09$L__BB0_9;\0A$L__BB0_16:\0A\09add.s64 \09%rd130, %rd130, %rd92;\0A\09add.s64 \09%rd129, %rd129, %rd118;\0A\09setp.lt.s64 \09%p11, %rd130, %rd93;\0A\09@%p11 bra \09$L__BB0_9;\0A\09bra.uni \09$L__BB0_17;\0A$L__BB0_9:\0A\09@%p25 bra \09$L__BB0_16;\0A\09shl.b64 \09%rd105, %rd130, 9;\0A\09add.s64 \09%rd26, %rd5, %rd105;\0A\09mov.b64 \09%rd131, %rd129;\0A\09mov.b64 \09%rd132, %rd91;\0A\09bra.uni \09$L__BB0_11;\0A$L__BB0_15:\0A\09add.s64 \09%rd132, %rd132, %rd92;\0A\09add.s64 \09%rd131, %rd131, %rd119;\0A\09setp.lt.s64 \09%p10, %rd132, %rd90;\0A\09@%p10 bra \09$L__BB0_11;\0A\09bra.uni \09$L__BB0_16;\0A$L__BB0_11:\0A\09@%p24 bra \09$L__BB0_15;\0A\09shl.b64 \09%rd106, %rd132, 2;\0A\09add.s64 \09%rd29, %rd26, %rd106;\0A\09ld.local.b32 \09%r47, [%rd29];\0A\09mov.b64 \09%rd133, %rd131;\0A\09mov.b64 \09%rd134, %rd91;\0A$L__BB0_13:\0A\09ld.global.b32 \09%r16, [%rd133];\0A\09max.f32 \09%r47, %r16, %r47;\0A\09add.s64 \09%rd134, %rd134, %rd92;\0A\09add.s64 \09%rd133, %rd133, %rd122;\0A\09setp.lt.s64 \09%p9, %rd134, %rd95;\0A\09@%p9 bra \09$L__BB0_13;\0A\09st.local.b32 \09[%rd29], %r47;\0A\09bra.uni \09$L__BB0_15;\0A$L__BB0_18:\0A\09ld.param.b32 \09%r14, [main_kernel_param_33];\0A\09ld.global.b32 \09%r51, [%rd1];\0A\09@%p1 bra \09$L__BB0_29;\0A\09ld.param.b64 \09%rd97, [main_kernel_param_27];\0A\09mad.lo.s64 \09%rd138, %rd91, 1032, %rd5;\0A\09shl.b64 \09%rd41, %rd95, 9;\0A\09shl.b64 \09%rd107, %rd4, 2;\0A\09mad.lo.s64 \09%rd108, %rd91, 8200, %rd107;\0A\09add.s64 \09%rd137, %rd2, %rd108;\0A\09shl.b64 \09%rd46, %rd95, 12;\0A\09shl.b64 \09%rd47, %rd92, 12;\0A\09add.s64 \09%rd136, %rd97, %rd108;\0A\09mul.lo.s64 \09%rd109, %rd91, 12595200;\0A\09mad.lo.s64 \09%rd110, %rd4, 6144, %rd109;\0A\09add.s64 \09%rd135, %rd94, %rd110;\0A\09mul.lo.s64 \09%rd50, %rd95, 6291456;\0A\09mul.lo.s64 \09%rd51, %rd95, 6144;\0A\09mov.b64 \09%rd139, %rd91;\0A\09bra.uni \09$L__BB0_20;\0A$L__BB0_28:\0A\09add.s64 \09%rd139, %rd139, %rd95;\0A\09add.s64 \09%rd138, %rd138, %rd41;\0A\09add.s64 \09%rd137, %rd137, %rd46;\0A\09add.s64 \09%rd136, %rd136, %rd46;\0A\09add.s64 \09%rd135, %rd135, %rd50;\0A\09setp.lt.s64 \09%p22, %rd139, %rd93;\0A\09@%p22 bra \09$L__BB0_20;\0A\09bra.uni \09$L__BB0_29;\0A$L__BB0_20:\0A\09@%p25 bra \09$L__BB0_28;\0A\09mov.b64 \09%rd140, %rd135;\0A\09mov.b64 \09%rd141, %rd136;\0A\09mov.b64 \09%rd142, %rd137;\0A\09mov.b64 \09%rd143, %rd138;\0A\09mov.b64 \09%rd144, %rd91;\0A\09bra.uni \09$L__BB0_22;\0A$L__BB0_27:\0A\09add.s64 \09%rd144, %rd144, %rd95;\0A\09add.s64 \09%rd143, %rd143, %rd117;\0A\09add.s64 \09%rd142, %rd142, %rd117;\0A\09add.s64 \09%rd141, %rd141, %rd117;\0A\09add.s64 \09%rd140, %rd140, %rd51;\0A\09setp.lt.s64 \09%p21, %rd144, %rd90;\0A\09@%p21 bra \09$L__BB0_22;\0A\09bra.uni \09$L__BB0_28;\0A$L__BB0_22:\0A\09@%p24 bra \09$L__BB0_27;\0A\09mov.b64 \09%rd145, %rd140;\0A\09mov.b64 \09%rd146, %rd141;\0A\09mov.b64 \09%rd147, %rd142;\0A\09mov.b64 \09%rd148, %rd143;\0A\09mov.b64 \09%rd149, %rd91;\0A$L__BB0_24:\0A\09mov.b64 \09%rd151, 0;\0A\09mov.b64 \09%rd150, %rd145;\0A\09mov.b64 \09%rd152, %rd91;\0A$L__BB0_25:\0A\09add.s64 \09%rd112, %rd147, %rd151;\0A\09ld.global.b32 \09%r17, [%rd112];\0A\09add.s64 \09%rd113, %rd148, %rd151;\0A\09ld.local.b32 \09%r18, [%rd113];\0A\09add.s64 \09%rd114, %rd146, %rd151;\0A\09ld.global.b32 \09%r19, [%rd114];\0A\09mul.wide.s32 \09%rd115, %r19, 4;\0A\09add.s64 \09%rd116, %rd150, %rd115;\0A\09ld.global.b32 \09%r20, [%rd116];\0A\09setp.lt.f32 \09%p16, %r17, 0f00800000;\0A\09mul.rn.f32 \09%r21, %r17, 0f4B000000;\0A\09selp.f32 \09%r22, %r21, %r17, %p16;\0A\09selp.f32 \09%r23, 0fC1B80000, 0f00000000, %p16;\0A\09add.s32 \09%r24, %r22, -1059760811;\0A\09and.b32 \09%r25, %r24, -8388608;\0A\09sub.s32 \09%r26, %r22, %r25;\0A\09cvt.rn.f32.s32 \09%r27, %r25;\0A\09fma.rn.f32 \09%r28, %r27, 0f34000000, %r23;\0A\09add.rn.f32 \09%r29, %r26, 0fBF800000;\0A\09fma.rn.f32 \09%r30, %r29, 0fBE055027, 0f3E1039F6;\0A\09fma.rn.f32 \09%r31, %r30, %r29, 0fBDF8CDCC;\0A\09fma.rn.f32 \09%r32, %r31, %r29, 0f3E0F2955;\0A\09fma.rn.f32 \09%r33, %r32, %r29, 0fBE2AD8B9;\0A\09fma.rn.f32 \09%r34, %r33, %r29, 0f3E4CED0B;\0A\09fma.rn.f32 \09%r35, %r34, %r29, 0fBE7FFF22;\0A\09fma.rn.f32 \09%r36, %r35, %r29, 0f3EAAAA78;\0A\09fma.rn.f32 \09%r37, %r36, %r29, 0fBF000000;\0A\09mul.rn.f32 \09%r38, %r29, %r37;\0A\09fma.rn.f32 \09%r39, %r38, %r29, %r29;\0A\09fma.rn.f32 \09%r40, %r28, 0f3F317218, %r39;\0A\09setp.gt.u32 \09%p17, %r22, 2139095039;\0A\09fma.rn.f32 \09%r41, %r22, 0f7F800000, 0f7F800000;\0A\09selp.f32 \09%r42, %r41, %r40, %p17;\0A\09setp.eq.f32 \09%p18, %r22, 0f00000000;\0A\09selp.f32 \09%r43, 0fFF800000, %r42, %p18;\0A\09add.rn.f32 \09%r44, %r18, %r43;\0A\09sub.rn.f32 \09%r45, %r44, %r20;\0A\09add.rn.f32 \09%r51, %r51, %r45;\0A\09add.s64 \09%rd152, %rd152, %rd92;\0A\09add.s64 \09%rd151, %rd151, %rd122;\0A\09add.s64 \09%rd150, %rd150, %rd119;\0A\09setp.lt.s64 \09%p19, %rd152, %rd95;\0A\09@%p19 bra \09$L__BB0_25;\0A\09add.s64 \09%rd149, %rd149, %rd92;\0A\09add.s64 \09%rd148, %rd148, %rd121;\0A\09add.s64 \09%rd147, %rd147, %rd47;\0A\09add.s64 \09%rd146, %rd146, %rd47;\0A\09add.s64 \09%rd145, %rd145, %rd118;\0A\09setp.lt.s64 \09%p20, %rd149, %rd95;\0A\09@%p20 bra \09$L__BB0_24;\0A\09bra.uni \09$L__BB0_27;\0A$L__BB0_29:\0A\09div.rn.f32 \09%r46, %r51, %r14;\0A\09st.global.b32 \09[%rd3], %r46;\0A\09ret;\0A\0A}\0A">]
  llvm.func @mgpuStreamCreate() -> !llvm.ptr
  llvm.func @mgpuStreamSynchronize(!llvm.ptr)
  llvm.func @mgpuStreamDestroy(!llvm.ptr)
}


// -----// IR Dump After FinalizeMemRefToLLVMConversionPass (finalize-memref-to-llvm) //----- //
module attributes {gpu.container_module} {
  llvm.func @cudaMallocAsync(!llvm.ptr, i64, !llvm.ptr) -> i32
  llvm.func @cudaMemcpyAsync(!llvm.ptr, !llvm.ptr, i64, i32, !llvm.ptr) -> i32
  llvm.func @cudaFreeAsync(!llvm.ptr, !llvm.ptr) -> i32
  llvm.func @main(%arg0: !llvm.ptr<1>, %arg1: !llvm.ptr<1>, %arg2: i64, %arg3: i64, %arg4: i64, %arg5: i64, %arg6: i64, %arg7: i64, %arg8: i64, %arg9: !llvm.ptr<1>, %arg10: !llvm.ptr<1>, %arg11: i64, %arg12: i64, %arg13: i64, %arg14: i64, %arg15: i64, %arg16: !llvm.ptr<1>, %arg17: !llvm.ptr<1>, %arg18: i64, %arg19: i64, %arg20: i64) attributes {llvm.emit_c_interface} {
    %0 = llvm.mlir.constant(8.192000e+03 : f32) : f32
    %1 = llvm.mlir.constant(0 : index) : i64
    %2 = llvm.mlir.constant(1536 : index) : i64
    %3 = llvm.mlir.constant(4 : index) : i64
    %4 = llvm.mlir.constant(8 : index) : i64
    %5 = llvm.mlir.constant(128 : index) : i64
    %6 = llvm.mlir.constant(-3.40282347E+38 : f32) : f32
    %7 = llvm.mlir.constant(0.000000e+00 : f32) : f32
    %8 = llvm.mlir.constant(0xFF800000 : f32) : f32
    %9 = llvm.mlir.constant(1 : index) : i64
    %10 = llvm.mlir.constant(4 : i64) : i64
    %11 = llvm.mlir.constant(8 : i64) : i64
    %12 = llvm.mlir.constant(1024 : i64) : i64
    %13 = llvm.mlir.constant(1 : i32) : i32
    %14 = llvm.mlir.constant(0 : i64) : i64
    %15 = llvm.mlir.constant(1 : i64) : i64
    %16 = llvm.mlir.undef : !llvm.struct<(ptr, ptr, i64)>
    %17 = llvm.mlir.constant(3 : i32) : i32
    %18 = llvm.call @mgpuStreamCreate() : () -> !llvm.ptr
    %19 = llvm.mul %10, %11 : i64
    %20 = llvm.mul %19, %12 : i64
    %21 = llvm.alloca %13 x !llvm.ptr {alignment = 8 : i64} : (i32) -> !llvm.ptr
    %22 = llvm.call @cudaMallocAsync(%21, %20, %18) : (!llvm.ptr, i64, !llvm.ptr) -> i32
    %23 = llvm.load %21 : !llvm.ptr -> !llvm.ptr
    %24 = llvm.mul %15, %12 : i64
    gpu.launch_func <%18 : !llvm.ptr> @main_kernel::@main_kernel blocks in (%4, %9, %9) threads in (%9, %9, %9) : i64 args(%5 : i64, %23 : !llvm.ptr, %23 : !llvm.ptr, %14 : i64, %11 : i64, %12 : i64, %24 : i64, %15 : i64, %6 : f32, %1 : i64, %9 : i64, %4 : i64, %arg0 : !llvm.ptr<1>, %arg1 : !llvm.ptr<1>, %arg2 : i64, %arg3 : i64, %arg4 : i64, %arg5 : i64, %arg6 : i64, %arg7 : i64, %arg8 : i64, %3 : i64, %2 : i64, %7 : f32)
    %25 = llvm.alloca %13 x !llvm.ptr {alignment = 8 : i64} : (i32) -> !llvm.ptr
    %26 = llvm.call @cudaMallocAsync(%25, %10, %18) : (!llvm.ptr, i64, !llvm.ptr) -> i32
    %27 = llvm.load %25 : !llvm.ptr -> !llvm.ptr
    %28 = llvm.insertvalue %27, %16[0] : !llvm.struct<(ptr, ptr, i64)> 
    %29 = llvm.insertvalue %27, %28[1] : !llvm.struct<(ptr, ptr, i64)> 
    %30 = llvm.insertvalue %14, %29[2] : !llvm.struct<(ptr, ptr, i64)> 
    %31 = llvm.alloca %13 x !llvm.ptr {alignment = 8 : i64} : (i32) -> !llvm.ptr
    %32 = llvm.call @cudaMallocAsync(%31, %10, %18) : (!llvm.ptr, i64, !llvm.ptr) -> i32
    %33 = llvm.load %31 : !llvm.ptr -> !llvm.ptr
    llvm.call @mgpuStreamSynchronize(%18) : (!llvm.ptr) -> ()
    llvm.call @mgpuStreamDestroy(%18) : (!llvm.ptr) -> ()
    llvm.store %7, %33 : f32, !llvm.ptr
    %34 = llvm.call @mgpuStreamCreate() : () -> !llvm.ptr
    gpu.launch_func <%34 : !llvm.ptr> @main_kernel_0::@main_kernel blocks in (%4, %9, %9) threads in (%9, %9, %9) : i64 args(%5 : i64, %8 : f32, %1 : i64, %9 : i64, %4 : i64, %arg0 : !llvm.ptr<1>, %arg1 : !llvm.ptr<1>, %arg2 : i64, %arg3 : i64, %arg4 : i64, %arg5 : i64, %arg6 : i64, %arg7 : i64, %arg8 : i64, %3 : i64, %2 : i64, %33 : !llvm.ptr, %33 : !llvm.ptr, %14 : i64, %23 : !llvm.ptr, %23 : !llvm.ptr, %14 : i64, %11 : i64, %12 : i64, %24 : i64, %15 : i64, %arg9 : !llvm.ptr<1>, %arg10 : !llvm.ptr<1>, %arg11 : i64, %arg12 : i64, %arg13 : i64, %arg14 : i64, %arg15 : i64, %0 : f32, %27 : !llvm.ptr, %27 : !llvm.ptr, %14 : i64)
    %35 = llvm.extractvalue %30[0] : !llvm.struct<(ptr, ptr, i64)> 
    %36 = llvm.extractvalue %30[1] : !llvm.struct<(ptr, ptr, i64)> 
    %37 = llvm.mlir.poison : !llvm.struct<(ptr, ptr, i64)>
    %38 = llvm.insertvalue %35, %37[0] : !llvm.struct<(ptr, ptr, i64)> 
    %39 = llvm.insertvalue %36, %38[1] : !llvm.struct<(ptr, ptr, i64)> 
    %40 = llvm.mlir.constant(0 : index) : i64
    %41 = llvm.insertvalue %40, %39[2] : !llvm.struct<(ptr, ptr, i64)> 
    %42 = llvm.extractvalue %30[2] : !llvm.struct<(ptr, ptr, i64)> 
    %43 = llvm.mlir.poison : !llvm.struct<(ptr, ptr, i64, array<1 x i64>, array<1 x i64>)>
    %44 = llvm.extractvalue %41[0] : !llvm.struct<(ptr, ptr, i64)> 
    %45 = llvm.extractvalue %41[1] : !llvm.struct<(ptr, ptr, i64)> 
    %46 = llvm.insertvalue %44, %43[0] : !llvm.struct<(ptr, ptr, i64, array<1 x i64>, array<1 x i64>)> 
    %47 = llvm.insertvalue %45, %46[1] : !llvm.struct<(ptr, ptr, i64, array<1 x i64>, array<1 x i64>)> 
    %48 = llvm.mlir.constant(0 : index) : i64
    %49 = llvm.insertvalue %48, %47[2] : !llvm.struct<(ptr, ptr, i64, array<1 x i64>, array<1 x i64>)> 
    %50 = llvm.mlir.constant(1 : index) : i64
    %51 = llvm.insertvalue %50, %49[3, 0] : !llvm.struct<(ptr, ptr, i64, array<1 x i64>, array<1 x i64>)> 
    %52 = llvm.mlir.constant(1 : index) : i64
    %53 = llvm.insertvalue %52, %51[4, 0] : !llvm.struct<(ptr, ptr, i64, array<1 x i64>, array<1 x i64>)> 
    %54 = builtin.unrealized_conversion_cast %53 : !llvm.struct<(ptr, ptr, i64, array<1 x i64>, array<1 x i64>)> to memref<1xf32>
    %55 = llvm.addrspacecast %arg17 : !llvm.ptr<1> to !llvm.ptr
    %56 = builtin.unrealized_conversion_cast %54 : memref<1xf32> to !llvm.struct<(ptr, ptr, i64, array<1 x i64>, array<1 x i64>)>
    %57 = llvm.extractvalue %56[1] : !llvm.struct<(ptr, ptr, i64, array<1 x i64>, array<1 x i64>)> 
    %58 = llvm.mul %10, %15 : i64
    %59 = llvm.call @cudaMemcpyAsync(%55, %57, %58, %17, %34) : (!llvm.ptr, !llvm.ptr, i64, i32, !llvm.ptr) -> i32
    %60 = llvm.call @cudaFreeAsync(%23, %34) : (!llvm.ptr, !llvm.ptr) -> i32
    %61 = llvm.call @cudaFreeAsync(%27, %34) : (!llvm.ptr, !llvm.ptr) -> i32
    %62 = llvm.call @cudaFreeAsync(%33, %34) : (!llvm.ptr, !llvm.ptr) -> i32
    llvm.call @mgpuStreamSynchronize(%34) : (!llvm.ptr) -> ()
    llvm.call @mgpuStreamDestroy(%34) : (!llvm.ptr) -> ()
    llvm.return
  }
  llvm.func @_mlir_ciface_main(%arg0: !llvm.ptr, %arg1: !llvm.ptr, %arg2: !llvm.ptr {bufferization.writable = true}) attributes {llvm.emit_c_interface} {
    %0 = llvm.load %arg0 : !llvm.ptr -> !llvm.struct<(ptr<1>, ptr<1>, i64, array<3 x i64>, array<3 x i64>)>
    %1 = llvm.extractvalue %0[0] : !llvm.struct<(ptr<1>, ptr<1>, i64, array<3 x i64>, array<3 x i64>)> 
    %2 = llvm.extractvalue %0[1] : !llvm.struct<(ptr<1>, ptr<1>, i64, array<3 x i64>, array<3 x i64>)> 
    %3 = llvm.extractvalue %0[2] : !llvm.struct<(ptr<1>, ptr<1>, i64, array<3 x i64>, array<3 x i64>)> 
    %4 = llvm.extractvalue %0[3, 0] : !llvm.struct<(ptr<1>, ptr<1>, i64, array<3 x i64>, array<3 x i64>)> 
    %5 = llvm.extractvalue %0[3, 1] : !llvm.struct<(ptr<1>, ptr<1>, i64, array<3 x i64>, array<3 x i64>)> 
    %6 = llvm.extractvalue %0[3, 2] : !llvm.struct<(ptr<1>, ptr<1>, i64, array<3 x i64>, array<3 x i64>)> 
    %7 = llvm.extractvalue %0[4, 0] : !llvm.struct<(ptr<1>, ptr<1>, i64, array<3 x i64>, array<3 x i64>)> 
    %8 = llvm.extractvalue %0[4, 1] : !llvm.struct<(ptr<1>, ptr<1>, i64, array<3 x i64>, array<3 x i64>)> 
    %9 = llvm.extractvalue %0[4, 2] : !llvm.struct<(ptr<1>, ptr<1>, i64, array<3 x i64>, array<3 x i64>)> 
    %10 = llvm.load %arg1 : !llvm.ptr -> !llvm.struct<(ptr<1>, ptr<1>, i64, array<2 x i64>, array<2 x i64>)>
    %11 = llvm.extractvalue %10[0] : !llvm.struct<(ptr<1>, ptr<1>, i64, array<2 x i64>, array<2 x i64>)> 
    %12 = llvm.extractvalue %10[1] : !llvm.struct<(ptr<1>, ptr<1>, i64, array<2 x i64>, array<2 x i64>)> 
    %13 = llvm.extractvalue %10[2] : !llvm.struct<(ptr<1>, ptr<1>, i64, array<2 x i64>, array<2 x i64>)> 
    %14 = llvm.extractvalue %10[3, 0] : !llvm.struct<(ptr<1>, ptr<1>, i64, array<2 x i64>, array<2 x i64>)> 
    %15 = llvm.extractvalue %10[3, 1] : !llvm.struct<(ptr<1>, ptr<1>, i64, array<2 x i64>, array<2 x i64>)> 
    %16 = llvm.extractvalue %10[4, 0] : !llvm.struct<(ptr<1>, ptr<1>, i64, array<2 x i64>, array<2 x i64>)> 
    %17 = llvm.extractvalue %10[4, 1] : !llvm.struct<(ptr<1>, ptr<1>, i64, array<2 x i64>, array<2 x i64>)> 
    %18 = llvm.load %arg2 : !llvm.ptr -> !llvm.struct<(ptr<1>, ptr<1>, i64, array<1 x i64>, array<1 x i64>)>
    %19 = llvm.extractvalue %18[0] : !llvm.struct<(ptr<1>, ptr<1>, i64, array<1 x i64>, array<1 x i64>)> 
    %20 = llvm.extractvalue %18[1] : !llvm.struct<(ptr<1>, ptr<1>, i64, array<1 x i64>, array<1 x i64>)> 
    %21 = llvm.extractvalue %18[2] : !llvm.struct<(ptr<1>, ptr<1>, i64, array<1 x i64>, array<1 x i64>)> 
    %22 = llvm.extractvalue %18[3, 0] : !llvm.struct<(ptr<1>, ptr<1>, i64, array<1 x i64>, array<1 x i64>)> 
    %23 = llvm.extractvalue %18[4, 0] : !llvm.struct<(ptr<1>, ptr<1>, i64, array<1 x i64>, array<1 x i64>)> 
    llvm.call @main(%1, %2, %3, %4, %5, %6, %7, %8, %9, %11, %12, %13, %14, %15, %16, %17, %19, %20, %21, %22, %23) : (!llvm.ptr<1>, !llvm.ptr<1>, i64, i64, i64, i64, i64, i64, i64, !llvm.ptr<1>, !llvm.ptr<1>, i64, i64, i64, i64, i64, !llvm.ptr<1>, !llvm.ptr<1>, i64, i64, i64) -> ()
    llvm.return
  }
  gpu.binary @main_kernel  [#gpu.object<#nvvm.target<O = 3, chip = "sm_86", features = "+ptx76", flags = {fast, ftz}>, properties = {LLVMIRToISATimeInMs = 4 : i64, O = 3 : i32}, assembly = "//\0A// Generated by LLVM NVPTX Back-End\0A//\0A\0A.version 7.6\0A.target sm_86\0A.address_size 64\0A\0A\09// .globl\09main_kernel\0A\0A.visible .entry main_kernel(\0A\09.param .u64 main_kernel_param_0,\0A\09.param .u64 .ptr .align 1 main_kernel_param_1,\0A\09.param .u64 .ptr .align 1 main_kernel_param_2,\0A\09.param .u64 main_kernel_param_3,\0A\09.param .u64 main_kernel_param_4,\0A\09.param .u64 main_kernel_param_5,\0A\09.param .u64 main_kernel_param_6,\0A\09.param .u64 main_kernel_param_7,\0A\09.param .f32 main_kernel_param_8,\0A\09.param .u64 main_kernel_param_9,\0A\09.param .u64 main_kernel_param_10,\0A\09.param .u64 main_kernel_param_11,\0A\09.param .u64 .ptr .global .align 1 main_kernel_param_12,\0A\09.param .u64 .ptr .global .align 1 main_kernel_param_13,\0A\09.param .u64 main_kernel_param_14,\0A\09.param .u64 main_kernel_param_15,\0A\09.param .u64 main_kernel_param_16,\0A\09.param .u64 main_kernel_param_17,\0A\09.param .u64 main_kernel_param_18,\0A\09.param .u64 main_kernel_param_19,\0A\09.param .u64 main_kernel_param_20,\0A\09.param .u64 main_kernel_param_21,\0A\09.param .u64 main_kernel_param_22,\0A\09.param .f32 main_kernel_param_23\0A)\0A.maxntid 1, 1, 1\0A{\0A\09.local .align 4 .b8 \09__local_depot0[4096];\0A\09.reg .b64 \09%SP;\0A\09.reg .b64 \09%SPL;\0A\09.reg .pred \09%p<29>;\0A\09.reg .b32 \09%r<28>;\0A\09.reg .b64 \09%rd<129>;\0A\0A\09mov.b64 \09%SPL, __local_depot0;\0A\09ld.param.b64 \09%rd80, [main_kernel_param_22];\0A\09ld.param.b64 \09%rd79, [main_kernel_param_21];\0A\09ld.param.b64 \09%rd77, [main_kernel_param_11];\0A\09ld.param.b64 \09%rd76, [main_kernel_param_10];\0A\09ld.param.b64 \09%rd75, [main_kernel_param_9];\0A\09ld.param.b64 \09%rd74, [main_kernel_param_0];\0A\09ld.param.b64 \09%rd81, [main_kernel_param_2];\0A\09cvta.to.global.u64 \09%rd1, %rd81;\0A\09mov.u32 \09%r10, %ctaid.x;\0A\09cvt.u64.u32 \09%rd82, %r10;\0A\09add.u64 \09%rd3, %SPL, 0;\0A\09setp.ge.s64 \09%p1, %rd75, %rd77;\0A\09shl.b64 \09%rd104, %rd76, 2;\0A\09setp.ge.s64 \09%p28, %rd75, %rd74;\0A\09@%p1 bra \09$L__BB0_5;\0A\09ld.param.b32 \09%r8, [main_kernel_param_8];\0A\09mad.lo.s64 \09%rd105, %rd75, 516, %rd3;\0A\09shl.b64 \09%rd5, %rd76, 9;\0A\09mov.b64 \09%rd106, %rd75;\0A\09bra.uni \09$L__BB0_2;\0A$L__BB0_4:\0A\09add.s64 \09%rd106, %rd106, %rd76;\0A\09add.s64 \09%rd105, %rd105, %rd5;\0A\09setp.lt.s64 \09%p4, %rd106, %rd77;\0A\09@%p4 bra \09$L__BB0_2;\0A\09bra.uni \09$L__BB0_5;\0A$L__BB0_2:\0A\09mov.b64 \09%rd107, %rd105;\0A\09mov.b64 \09%rd108, %rd75;\0A\09@%p28 bra \09$L__BB0_4;\0A$L__BB0_3:\0A\09st.local.b32 \09[%rd107], %r8;\0A\09add.s64 \09%rd108, %rd108, %rd76;\0A\09add.s64 \09%rd107, %rd107, %rd104;\0A\09setp.lt.s64 \09%p3, %rd108, %rd74;\0A\09@%p3 bra \09$L__BB0_3;\0A\09bra.uni \09$L__BB0_4;\0A$L__BB0_5:\0A\09ld.param.b64 \09%rd78, [main_kernel_param_13];\0A\09mul.lo.s64 \09%rd2, %rd74, %rd82;\0A\09setp.ge.s64 \09%p5, %rd75, %rd80;\0A\09mul.lo.s64 \09%rd99, %rd75, 6297608;\0A\09shl.b64 \09%rd100, %rd79, 2;\0A\09mul.lo.s64 \09%rd101, %rd76, 6291456;\0A\09mul.lo.s64 \09%rd102, %rd76, 6144;\0A\09setp.ge.s64 \09%p27, %rd75, %rd79;\0A\09@%p5 bra \09$L__BB0_17;\0A\09mad.lo.s64 \09%rd85, %rd2, 6144, %rd99;\0A\09add.s64 \09%rd109, %rd78, %rd85;\0A\09mov.b64 \09%rd110, %rd75;\0A\09bra.uni \09$L__BB0_7;\0A$L__BB0_16:\0A\09add.s64 \09%rd110, %rd110, %rd79;\0A\09add.s64 \09%rd109, %rd109, %rd100;\0A\09setp.lt.s64 \09%p12, %rd110, %rd80;\0A\09@%p12 bra \09$L__BB0_7;\0A\09bra.uni \09$L__BB0_17;\0A$L__BB0_7:\0A\09mov.b64 \09%rd111, %rd109;\0A\09mov.b64 \09%rd112, %rd75;\0A\09@%p1 bra \09$L__BB0_16;\0A\09bra.uni \09$L__BB0_8;\0A$L__BB0_15:\0A\09add.s64 \09%rd112, %rd112, %rd76;\0A\09add.s64 \09%rd111, %rd111, %rd101;\0A\09setp.lt.s64 \09%p11, %rd112, %rd77;\0A\09@%p11 bra \09$L__BB0_8;\0A\09bra.uni \09$L__BB0_16;\0A$L__BB0_8:\0A\09@%p28 bra \09$L__BB0_15;\0A\09shl.b64 \09%rd86, %rd112, 9;\0A\09add.s64 \09%rd27, %rd3, %rd86;\0A\09mov.b64 \09%rd113, %rd111;\0A\09mov.b64 \09%rd114, %rd75;\0A\09bra.uni \09$L__BB0_10;\0A$L__BB0_14:\0A\09add.s64 \09%rd114, %rd114, %rd76;\0A\09add.s64 \09%rd113, %rd113, %rd102;\0A\09setp.lt.s64 \09%p10, %rd114, %rd74;\0A\09@%p10 bra \09$L__BB0_10;\0A\09bra.uni \09$L__BB0_15;\0A$L__BB0_10:\0A\09@%p27 bra \09$L__BB0_14;\0A\09shl.b64 \09%rd87, %rd114, 2;\0A\09add.s64 \09%rd30, %rd27, %rd87;\0A\09ld.local.b32 \09%r26, [%rd30];\0A\09mov.b64 \09%rd115, %rd113;\0A\09mov.b64 \09%rd116, %rd75;\0A$L__BB0_12:\0A\09ld.global.b32 \09%r11, [%rd115];\0A\09max.NaN.f32 \09%r26, %r11, %r26;\0A\09add.s64 \09%rd116, %rd116, %rd76;\0A\09add.s64 \09%rd115, %rd115, %rd104;\0A\09setp.lt.s64 \09%p9, %rd116, %rd79;\0A\09@%p9 bra \09$L__BB0_12;\0A\09st.local.b32 \09[%rd30], %r26;\0A\09bra.uni \09$L__BB0_14;\0A$L__BB0_17:\0A\09shl.b64 \09%rd97, %rd2, 2;\0A\09@%p1 bra \09$L__BB0_22;\0A\09ld.param.b32 \09%r9, [main_kernel_param_23];\0A\09mad.lo.s64 \09%rd89, %rd75, 4100, %rd97;\0A\09add.s64 \09%rd117, %rd1, %rd89;\0A\09shl.b64 \09%rd23, %rd76, 12;\0A\09mov.b64 \09%rd118, %rd75;\0A\09bra.uni \09$L__BB0_19;\0A$L__BB0_21:\0A\09add.s64 \09%rd118, %rd118, %rd76;\0A\09add.s64 \09%rd117, %rd117, %rd23;\0A\09setp.lt.s64 \09%p16, %rd118, %rd77;\0A\09@%p16 bra \09$L__BB0_19;\0A\09bra.uni \09$L__BB0_22;\0A$L__BB0_19:\0A\09mov.b64 \09%rd119, %rd117;\0A\09mov.b64 \09%rd120, %rd75;\0A\09@%p28 bra \09$L__BB0_21;\0A$L__BB0_20:\0A\09st.global.b32 \09[%rd119], %r9;\0A\09add.s64 \09%rd120, %rd120, %rd76;\0A\09add.s64 \09%rd119, %rd119, %rd104;\0A\09setp.lt.s64 \09%p15, %rd120, %rd74;\0A\09@%p15 bra \09$L__BB0_20;\0A\09bra.uni \09$L__BB0_21;\0A$L__BB0_22:\0A\09@%p5 bra \09$L__BB0_34;\0A\09add.s64 \09%rd43, %rd1, %rd97;\0A\09mad.lo.s64 \09%rd92, %rd2, 6144, %rd99;\0A\09add.s64 \09%rd121, %rd78, %rd92;\0A\09mov.b64 \09%rd122, %rd75;\0A\09bra.uni \09$L__BB0_24;\0A$L__BB0_33:\0A\09add.s64 \09%rd122, %rd122, %rd79;\0A\09add.s64 \09%rd121, %rd121, %rd100;\0A\09setp.lt.s64 \09%p24, %rd122, %rd80;\0A\09@%p24 bra \09$L__BB0_24;\0A\09bra.uni \09$L__BB0_34;\0A$L__BB0_24:\0A\09@%p1 bra \09$L__BB0_33;\0A\09mov.b64 \09%rd123, %rd121;\0A\09mov.b64 \09%rd124, %rd75;\0A\09bra.uni \09$L__BB0_26;\0A$L__BB0_32:\0A\09add.s64 \09%rd124, %rd124, %rd76;\0A\09add.s64 \09%rd123, %rd123, %rd101;\0A\09setp.lt.s64 \09%p23, %rd124, %rd77;\0A\09@%p23 bra \09$L__BB0_26;\0A\09bra.uni \09$L__BB0_33;\0A$L__BB0_26:\0A\09@%p28 bra \09$L__BB0_32;\0A\09shl.b64 \09%rd93, %rd124, 9;\0A\09add.s64 \09%rd59, %rd3, %rd93;\0A\09shl.b64 \09%rd94, %rd124, 12;\0A\09add.s64 \09%rd60, %rd43, %rd94;\0A\09mov.b64 \09%rd125, %rd123;\0A\09mov.b64 \09%rd126, %rd75;\0A\09bra.uni \09$L__BB0_28;\0A$L__BB0_31:\0A\09add.s64 \09%rd126, %rd126, %rd76;\0A\09add.s64 \09%rd125, %rd125, %rd102;\0A\09setp.lt.s64 \09%p22, %rd126, %rd74;\0A\09@%p22 bra \09$L__BB0_28;\0A\09bra.uni \09$L__BB0_32;\0A$L__BB0_28:\0A\09@%p27 bra \09$L__BB0_31;\0A\09shl.b64 \09%rd95, %rd126, 2;\0A\09add.s64 \09%rd96, %rd59, %rd95;\0A\09ld.local.b32 \09%r4, [%rd96];\0A\09add.s64 \09%rd63, %rd60, %rd95;\0A\09ld.global.b32 \09%r27, [%rd63];\0A\09mov.b64 \09%rd127, %rd125;\0A\09mov.b64 \09%rd128, %rd75;\0A$L__BB0_30:\0A\09ld.global.b32 \09%r12, [%rd127];\0A\09sub.rn.f32 \09%r13, %r12, %r4;\0A\09fma.rn.f32 \09%r14, %r13, 0f3BBB989D, 0f3F000000;\0A\09cvt.sat.f32.f32 \09%r15, %r14;\0A\09mov.b32 \09%r16, 0f4B400001;\0A\09mov.b32 \09%r17, 0f437C0000;\0A\09fma.rm.f32 \09%r18, %r15, %r17, %r16;\0A\09add.rn.f32 \09%r19, %r18, 0fCB40007F;\0A\09neg.f32 \09%r20, %r19;\0A\09fma.rn.f32 \09%r21, %r13, 0f3FB8AA3B, %r20;\0A\09fma.rn.f32 \09%r22, %r13, 0f32A57060, %r21;\0A\09shl.b32 \09%r23, %r18, 23;\0A\09ex2.approx.ftz.f32 \09%r24, %r22;\0A\09mul.rn.f32 \09%r25, %r24, %r23;\0A\09add.rn.f32 \09%r27, %r27, %r25;\0A\09st.global.b32 \09[%rd63], %r27;\0A\09add.s64 \09%rd128, %rd128, %rd76;\0A\09add.s64 \09%rd127, %rd127, %rd104;\0A\09setp.lt.s64 \09%p21, %rd128, %rd79;\0A\09@%p21 bra \09$L__BB0_30;\0A\09bra.uni \09$L__BB0_31;\0A$L__BB0_34:\0A\09ret;\0A\0A}\0A">]
  gpu.binary @main_kernel_0  [#gpu.object<#nvvm.target<O = 3, chip = "sm_86", features = "+ptx76", flags = {fast, ftz}>, properties = {LLVMIRToISATimeInMs = 3 : i64, O = 3 : i32}, assembly = "//\0A// Generated by LLVM NVPTX Back-End\0A//\0A\0A.version 7.6\0A.target sm_86\0A.address_size 64\0A\0A\09// .globl\09main_kernel\0A\0A.visible .entry main_kernel(\0A\09.param .u64 main_kernel_param_0,\0A\09.param .f32 main_kernel_param_1,\0A\09.param .u64 main_kernel_param_2,\0A\09.param .u64 main_kernel_param_3,\0A\09.param .u64 main_kernel_param_4,\0A\09.param .u64 .ptr .global .align 1 main_kernel_param_5,\0A\09.param .u64 .ptr .global .align 1 main_kernel_param_6,\0A\09.param .u64 main_kernel_param_7,\0A\09.param .u64 main_kernel_param_8,\0A\09.param .u64 main_kernel_param_9,\0A\09.param .u64 main_kernel_param_10,\0A\09.param .u64 main_kernel_param_11,\0A\09.param .u64 main_kernel_param_12,\0A\09.param .u64 main_kernel_param_13,\0A\09.param .u64 main_kernel_param_14,\0A\09.param .u64 main_kernel_param_15,\0A\09.param .u64 .ptr .align 1 main_kernel_param_16,\0A\09.param .u64 .ptr .align 1 main_kernel_param_17,\0A\09.param .u64 main_kernel_param_18,\0A\09.param .u64 .ptr .align 1 main_kernel_param_19,\0A\09.param .u64 .ptr .align 1 main_kernel_param_20,\0A\09.param .u64 main_kernel_param_21,\0A\09.param .u64 main_kernel_param_22,\0A\09.param .u64 main_kernel_param_23,\0A\09.param .u64 main_kernel_param_24,\0A\09.param .u64 main_kernel_param_25,\0A\09.param .u64 .ptr .global .align 1 main_kernel_param_26,\0A\09.param .u64 .ptr .global .align 1 main_kernel_param_27,\0A\09.param .u64 main_kernel_param_28,\0A\09.param .u64 main_kernel_param_29,\0A\09.param .u64 main_kernel_param_30,\0A\09.param .u64 main_kernel_param_31,\0A\09.param .u64 main_kernel_param_32,\0A\09.param .f32 main_kernel_param_33,\0A\09.param .u64 .ptr .align 1 main_kernel_param_34,\0A\09.param .u64 .ptr .align 1 main_kernel_param_35,\0A\09.param .u64 main_kernel_param_36\0A)\0A.maxntid 1, 1, 1\0A{\0A\09.local .align 4 .b8 \09__local_depot0[4096];\0A\09.reg .b64 \09%SP;\0A\09.reg .b64 \09%SPL;\0A\09.reg .pred \09%p<26>;\0A\09.reg .b32 \09%r<55>;\0A\09.reg .b64 \09%rd<153>;\0A\0A\09mov.b64 \09%SPL, __local_depot0;\0A\09ld.param.b64 \09%rd96, [main_kernel_param_15];\0A\09ld.param.b64 \09%rd95, [main_kernel_param_14];\0A\09ld.param.b64 \09%rd93, [main_kernel_param_4];\0A\09ld.param.b64 \09%rd92, [main_kernel_param_3];\0A\09ld.param.b64 \09%rd91, [main_kernel_param_2];\0A\09ld.param.b64 \09%rd90, [main_kernel_param_0];\0A\09ld.param.b64 \09%rd98, [main_kernel_param_17];\0A\09cvta.to.global.u64 \09%rd1, %rd98;\0A\09ld.param.b64 \09%rd99, [main_kernel_param_20];\0A\09cvta.to.global.u64 \09%rd2, %rd99;\0A\09ld.param.b64 \09%rd100, [main_kernel_param_35];\0A\09cvta.to.global.u64 \09%rd3, %rd100;\0A\09mov.u32 \09%r15, %ctaid.x;\0A\09cvt.u64.u32 \09%rd101, %r15;\0A\09add.u64 \09%rd5, %SPL, 0;\0A\09setp.ge.s64 \09%p1, %rd91, %rd93;\0A\09shl.b64 \09%rd121, %rd92, 9;\0A\09shl.b64 \09%rd122, %rd92, 2;\0A\09setp.ge.s64 \09%p25, %rd91, %rd90;\0A\09@%p1 bra \09$L__BB0_5;\0A\09ld.param.b32 \09%r13, [main_kernel_param_1];\0A\09mad.lo.s64 \09%rd123, %rd91, 516, %rd5;\0A\09mov.b64 \09%rd124, %rd91;\0A\09bra.uni \09$L__BB0_2;\0A$L__BB0_4:\0A\09add.s64 \09%rd124, %rd124, %rd92;\0A\09add.s64 \09%rd123, %rd123, %rd121;\0A\09setp.lt.s64 \09%p4, %rd124, %rd93;\0A\09@%p4 bra \09$L__BB0_2;\0A\09bra.uni \09$L__BB0_5;\0A$L__BB0_2:\0A\09mov.b64 \09%rd125, %rd123;\0A\09mov.b64 \09%rd126, %rd91;\0A\09@%p25 bra \09$L__BB0_4;\0A$L__BB0_3:\0A\09st.local.b32 \09[%rd125], %r13;\0A\09add.s64 \09%rd126, %rd126, %rd92;\0A\09add.s64 \09%rd125, %rd125, %rd122;\0A\09setp.lt.s64 \09%p3, %rd126, %rd90;\0A\09@%p3 bra \09$L__BB0_3;\0A\09bra.uni \09$L__BB0_4;\0A$L__BB0_5:\0A\09ld.param.b64 \09%rd94, [main_kernel_param_6];\0A\09mul.lo.s64 \09%rd4, %rd90, %rd101;\0A\09setp.ge.s64 \09%p5, %rd91, %rd96;\0A\09shl.b64 \09%rd117, %rd95, 2;\0A\09mul.lo.s64 \09%rd118, %rd92, 6291456;\0A\09mul.lo.s64 \09%rd119, %rd92, 6144;\0A\09setp.ge.s64 \09%p24, %rd91, %rd95;\0A\09@%p5 bra \09$L__BB0_18;\0A\09mul.lo.s64 \09%rd103, %rd91, 6297608;\0A\09mad.lo.s64 \09%rd104, %rd4, 6144, %rd103;\0A\09add.s64 \09%rd127, %rd94, %rd104;\0A\09mov.b64 \09%rd128, %rd91;\0A\09bra.uni \09$L__BB0_7;\0A$L__BB0_17:\0A\09add.s64 \09%rd128, %rd128, %rd95;\0A\09add.s64 \09%rd127, %rd127, %rd117;\0A\09setp.lt.s64 \09%p12, %rd128, %rd96;\0A\09@%p12 bra \09$L__BB0_7;\0A\09bra.uni \09$L__BB0_18;\0A$L__BB0_7:\0A\09@%p1 bra \09$L__BB0_17;\0A\09mov.b64 \09%rd129, %rd127;\0A\09mov.b64 \09%rd130, %rd91;\0A\09bra.uni \09$L__BB0_9;\0A$L__BB0_16:\0A\09add.s64 \09%rd130, %rd130, %rd92;\0A\09add.s64 \09%rd129, %rd129, %rd118;\0A\09setp.lt.s64 \09%p11, %rd130, %rd93;\0A\09@%p11 bra \09$L__BB0_9;\0A\09bra.uni \09$L__BB0_17;\0A$L__BB0_9:\0A\09@%p25 bra \09$L__BB0_16;\0A\09shl.b64 \09%rd105, %rd130, 9;\0A\09add.s64 \09%rd26, %rd5, %rd105;\0A\09mov.b64 \09%rd131, %rd129;\0A\09mov.b64 \09%rd132, %rd91;\0A\09bra.uni \09$L__BB0_11;\0A$L__BB0_15:\0A\09add.s64 \09%rd132, %rd132, %rd92;\0A\09add.s64 \09%rd131, %rd131, %rd119;\0A\09setp.lt.s64 \09%p10, %rd132, %rd90;\0A\09@%p10 bra \09$L__BB0_11;\0A\09bra.uni \09$L__BB0_16;\0A$L__BB0_11:\0A\09@%p24 bra \09$L__BB0_15;\0A\09shl.b64 \09%rd106, %rd132, 2;\0A\09add.s64 \09%rd29, %rd26, %rd106;\0A\09ld.local.b32 \09%r47, [%rd29];\0A\09mov.b64 \09%rd133, %rd131;\0A\09mov.b64 \09%rd134, %rd91;\0A$L__BB0_13:\0A\09ld.global.b32 \09%r16, [%rd133];\0A\09max.f32 \09%r47, %r16, %r47;\0A\09add.s64 \09%rd134, %rd134, %rd92;\0A\09add.s64 \09%rd133, %rd133, %rd122;\0A\09setp.lt.s64 \09%p9, %rd134, %rd95;\0A\09@%p9 bra \09$L__BB0_13;\0A\09st.local.b32 \09[%rd29], %r47;\0A\09bra.uni \09$L__BB0_15;\0A$L__BB0_18:\0A\09ld.param.b32 \09%r14, [main_kernel_param_33];\0A\09ld.global.b32 \09%r51, [%rd1];\0A\09@%p1 bra \09$L__BB0_29;\0A\09ld.param.b64 \09%rd97, [main_kernel_param_27];\0A\09mad.lo.s64 \09%rd138, %rd91, 1032, %rd5;\0A\09shl.b64 \09%rd41, %rd95, 9;\0A\09shl.b64 \09%rd107, %rd4, 2;\0A\09mad.lo.s64 \09%rd108, %rd91, 8200, %rd107;\0A\09add.s64 \09%rd137, %rd2, %rd108;\0A\09shl.b64 \09%rd46, %rd95, 12;\0A\09shl.b64 \09%rd47, %rd92, 12;\0A\09add.s64 \09%rd136, %rd97, %rd108;\0A\09mul.lo.s64 \09%rd109, %rd91, 12595200;\0A\09mad.lo.s64 \09%rd110, %rd4, 6144, %rd109;\0A\09add.s64 \09%rd135, %rd94, %rd110;\0A\09mul.lo.s64 \09%rd50, %rd95, 6291456;\0A\09mul.lo.s64 \09%rd51, %rd95, 6144;\0A\09mov.b64 \09%rd139, %rd91;\0A\09bra.uni \09$L__BB0_20;\0A$L__BB0_28:\0A\09add.s64 \09%rd139, %rd139, %rd95;\0A\09add.s64 \09%rd138, %rd138, %rd41;\0A\09add.s64 \09%rd137, %rd137, %rd46;\0A\09add.s64 \09%rd136, %rd136, %rd46;\0A\09add.s64 \09%rd135, %rd135, %rd50;\0A\09setp.lt.s64 \09%p22, %rd139, %rd93;\0A\09@%p22 bra \09$L__BB0_20;\0A\09bra.uni \09$L__BB0_29;\0A$L__BB0_20:\0A\09@%p25 bra \09$L__BB0_28;\0A\09mov.b64 \09%rd140, %rd135;\0A\09mov.b64 \09%rd141, %rd136;\0A\09mov.b64 \09%rd142, %rd137;\0A\09mov.b64 \09%rd143, %rd138;\0A\09mov.b64 \09%rd144, %rd91;\0A\09bra.uni \09$L__BB0_22;\0A$L__BB0_27:\0A\09add.s64 \09%rd144, %rd144, %rd95;\0A\09add.s64 \09%rd143, %rd143, %rd117;\0A\09add.s64 \09%rd142, %rd142, %rd117;\0A\09add.s64 \09%rd141, %rd141, %rd117;\0A\09add.s64 \09%rd140, %rd140, %rd51;\0A\09setp.lt.s64 \09%p21, %rd144, %rd90;\0A\09@%p21 bra \09$L__BB0_22;\0A\09bra.uni \09$L__BB0_28;\0A$L__BB0_22:\0A\09@%p24 bra \09$L__BB0_27;\0A\09mov.b64 \09%rd145, %rd140;\0A\09mov.b64 \09%rd146, %rd141;\0A\09mov.b64 \09%rd147, %rd142;\0A\09mov.b64 \09%rd148, %rd143;\0A\09mov.b64 \09%rd149, %rd91;\0A$L__BB0_24:\0A\09mov.b64 \09%rd151, 0;\0A\09mov.b64 \09%rd150, %rd145;\0A\09mov.b64 \09%rd152, %rd91;\0A$L__BB0_25:\0A\09add.s64 \09%rd112, %rd147, %rd151;\0A\09ld.global.b32 \09%r17, [%rd112];\0A\09add.s64 \09%rd113, %rd148, %rd151;\0A\09ld.local.b32 \09%r18, [%rd113];\0A\09add.s64 \09%rd114, %rd146, %rd151;\0A\09ld.global.b32 \09%r19, [%rd114];\0A\09mul.wide.s32 \09%rd115, %r19, 4;\0A\09add.s64 \09%rd116, %rd150, %rd115;\0A\09ld.global.b32 \09%r20, [%rd116];\0A\09setp.lt.f32 \09%p16, %r17, 0f00800000;\0A\09mul.rn.f32 \09%r21, %r17, 0f4B000000;\0A\09selp.f32 \09%r22, %r21, %r17, %p16;\0A\09selp.f32 \09%r23, 0fC1B80000, 0f00000000, %p16;\0A\09add.s32 \09%r24, %r22, -1059760811;\0A\09and.b32 \09%r25, %r24, -8388608;\0A\09sub.s32 \09%r26, %r22, %r25;\0A\09cvt.rn.f32.s32 \09%r27, %r25;\0A\09fma.rn.f32 \09%r28, %r27, 0f34000000, %r23;\0A\09add.rn.f32 \09%r29, %r26, 0fBF800000;\0A\09fma.rn.f32 \09%r30, %r29, 0fBE055027, 0f3E1039F6;\0A\09fma.rn.f32 \09%r31, %r30, %r29, 0fBDF8CDCC;\0A\09fma.rn.f32 \09%r32, %r31, %r29, 0f3E0F2955;\0A\09fma.rn.f32 \09%r33, %r32, %r29, 0fBE2AD8B9;\0A\09fma.rn.f32 \09%r34, %r33, %r29, 0f3E4CED0B;\0A\09fma.rn.f32 \09%r35, %r34, %r29, 0fBE7FFF22;\0A\09fma.rn.f32 \09%r36, %r35, %r29, 0f3EAAAA78;\0A\09fma.rn.f32 \09%r37, %r36, %r29, 0fBF000000;\0A\09mul.rn.f32 \09%r38, %r29, %r37;\0A\09fma.rn.f32 \09%r39, %r38, %r29, %r29;\0A\09fma.rn.f32 \09%r40, %r28, 0f3F317218, %r39;\0A\09setp.gt.u32 \09%p17, %r22, 2139095039;\0A\09fma.rn.f32 \09%r41, %r22, 0f7F800000, 0f7F800000;\0A\09selp.f32 \09%r42, %r41, %r40, %p17;\0A\09setp.eq.f32 \09%p18, %r22, 0f00000000;\0A\09selp.f32 \09%r43, 0fFF800000, %r42, %p18;\0A\09add.rn.f32 \09%r44, %r18, %r43;\0A\09sub.rn.f32 \09%r45, %r44, %r20;\0A\09add.rn.f32 \09%r51, %r51, %r45;\0A\09add.s64 \09%rd152, %rd152, %rd92;\0A\09add.s64 \09%rd151, %rd151, %rd122;\0A\09add.s64 \09%rd150, %rd150, %rd119;\0A\09setp.lt.s64 \09%p19, %rd152, %rd95;\0A\09@%p19 bra \09$L__BB0_25;\0A\09add.s64 \09%rd149, %rd149, %rd92;\0A\09add.s64 \09%rd148, %rd148, %rd121;\0A\09add.s64 \09%rd147, %rd147, %rd47;\0A\09add.s64 \09%rd146, %rd146, %rd47;\0A\09add.s64 \09%rd145, %rd145, %rd118;\0A\09setp.lt.s64 \09%p20, %rd149, %rd95;\0A\09@%p20 bra \09$L__BB0_24;\0A\09bra.uni \09$L__BB0_27;\0A$L__BB0_29:\0A\09div.rn.f32 \09%r46, %r51, %r14;\0A\09st.global.b32 \09[%rd3], %r46;\0A\09ret;\0A\0A}\0A">]
  llvm.func @mgpuStreamCreate() -> !llvm.ptr
  llvm.func @mgpuStreamSynchronize(!llvm.ptr)
  llvm.func @mgpuStreamDestroy(!llvm.ptr)
}


// -----// IR Dump After ConvertFuncToLLVMPass (convert-func-to-llvm) //----- //
module attributes {gpu.container_module} {
  llvm.func @cudaMallocAsync(!llvm.ptr, i64, !llvm.ptr) -> i32
  llvm.func @cudaMemcpyAsync(!llvm.ptr, !llvm.ptr, i64, i32, !llvm.ptr) -> i32
  llvm.func @cudaFreeAsync(!llvm.ptr, !llvm.ptr) -> i32
  llvm.func @main(%arg0: !llvm.ptr<1>, %arg1: !llvm.ptr<1>, %arg2: i64, %arg3: i64, %arg4: i64, %arg5: i64, %arg6: i64, %arg7: i64, %arg8: i64, %arg9: !llvm.ptr<1>, %arg10: !llvm.ptr<1>, %arg11: i64, %arg12: i64, %arg13: i64, %arg14: i64, %arg15: i64, %arg16: !llvm.ptr<1>, %arg17: !llvm.ptr<1>, %arg18: i64, %arg19: i64, %arg20: i64) attributes {llvm.emit_c_interface} {
    %0 = llvm.mlir.constant(8.192000e+03 : f32) : f32
    %1 = llvm.mlir.constant(0 : index) : i64
    %2 = llvm.mlir.constant(1536 : index) : i64
    %3 = llvm.mlir.constant(4 : index) : i64
    %4 = llvm.mlir.constant(8 : index) : i64
    %5 = llvm.mlir.constant(128 : index) : i64
    %6 = llvm.mlir.constant(-3.40282347E+38 : f32) : f32
    %7 = llvm.mlir.constant(0.000000e+00 : f32) : f32
    %8 = llvm.mlir.constant(0xFF800000 : f32) : f32
    %9 = llvm.mlir.constant(1 : index) : i64
    %10 = llvm.mlir.constant(4 : i64) : i64
    %11 = llvm.mlir.constant(8 : i64) : i64
    %12 = llvm.mlir.constant(1024 : i64) : i64
    %13 = llvm.mlir.constant(1 : i32) : i32
    %14 = llvm.mlir.constant(0 : i64) : i64
    %15 = llvm.mlir.constant(1 : i64) : i64
    %16 = llvm.mlir.undef : !llvm.struct<(ptr, ptr, i64)>
    %17 = llvm.mlir.constant(3 : i32) : i32
    %18 = llvm.call @mgpuStreamCreate() : () -> !llvm.ptr
    %19 = llvm.mul %10, %11 : i64
    %20 = llvm.mul %19, %12 : i64
    %21 = llvm.alloca %13 x !llvm.ptr {alignment = 8 : i64} : (i32) -> !llvm.ptr
    %22 = llvm.call @cudaMallocAsync(%21, %20, %18) : (!llvm.ptr, i64, !llvm.ptr) -> i32
    %23 = llvm.load %21 : !llvm.ptr -> !llvm.ptr
    %24 = llvm.mul %15, %12 : i64
    gpu.launch_func <%18 : !llvm.ptr> @main_kernel::@main_kernel blocks in (%4, %9, %9) threads in (%9, %9, %9) : i64 args(%5 : i64, %23 : !llvm.ptr, %23 : !llvm.ptr, %14 : i64, %11 : i64, %12 : i64, %24 : i64, %15 : i64, %6 : f32, %1 : i64, %9 : i64, %4 : i64, %arg0 : !llvm.ptr<1>, %arg1 : !llvm.ptr<1>, %arg2 : i64, %arg3 : i64, %arg4 : i64, %arg5 : i64, %arg6 : i64, %arg7 : i64, %arg8 : i64, %3 : i64, %2 : i64, %7 : f32)
    %25 = llvm.alloca %13 x !llvm.ptr {alignment = 8 : i64} : (i32) -> !llvm.ptr
    %26 = llvm.call @cudaMallocAsync(%25, %10, %18) : (!llvm.ptr, i64, !llvm.ptr) -> i32
    %27 = llvm.load %25 : !llvm.ptr -> !llvm.ptr
    %28 = llvm.insertvalue %27, %16[0] : !llvm.struct<(ptr, ptr, i64)> 
    %29 = llvm.insertvalue %27, %28[1] : !llvm.struct<(ptr, ptr, i64)> 
    %30 = llvm.insertvalue %14, %29[2] : !llvm.struct<(ptr, ptr, i64)> 
    %31 = llvm.alloca %13 x !llvm.ptr {alignment = 8 : i64} : (i32) -> !llvm.ptr
    %32 = llvm.call @cudaMallocAsync(%31, %10, %18) : (!llvm.ptr, i64, !llvm.ptr) -> i32
    %33 = llvm.load %31 : !llvm.ptr -> !llvm.ptr
    llvm.call @mgpuStreamSynchronize(%18) : (!llvm.ptr) -> ()
    llvm.call @mgpuStreamDestroy(%18) : (!llvm.ptr) -> ()
    llvm.store %7, %33 : f32, !llvm.ptr
    %34 = llvm.call @mgpuStreamCreate() : () -> !llvm.ptr
    gpu.launch_func <%34 : !llvm.ptr> @main_kernel_0::@main_kernel blocks in (%4, %9, %9) threads in (%9, %9, %9) : i64 args(%5 : i64, %8 : f32, %1 : i64, %9 : i64, %4 : i64, %arg0 : !llvm.ptr<1>, %arg1 : !llvm.ptr<1>, %arg2 : i64, %arg3 : i64, %arg4 : i64, %arg5 : i64, %arg6 : i64, %arg7 : i64, %arg8 : i64, %3 : i64, %2 : i64, %33 : !llvm.ptr, %33 : !llvm.ptr, %14 : i64, %23 : !llvm.ptr, %23 : !llvm.ptr, %14 : i64, %11 : i64, %12 : i64, %24 : i64, %15 : i64, %arg9 : !llvm.ptr<1>, %arg10 : !llvm.ptr<1>, %arg11 : i64, %arg12 : i64, %arg13 : i64, %arg14 : i64, %arg15 : i64, %0 : f32, %27 : !llvm.ptr, %27 : !llvm.ptr, %14 : i64)
    %35 = llvm.extractvalue %30[0] : !llvm.struct<(ptr, ptr, i64)> 
    %36 = llvm.extractvalue %30[1] : !llvm.struct<(ptr, ptr, i64)> 
    %37 = llvm.mlir.poison : !llvm.struct<(ptr, ptr, i64)>
    %38 = llvm.insertvalue %35, %37[0] : !llvm.struct<(ptr, ptr, i64)> 
    %39 = llvm.insertvalue %36, %38[1] : !llvm.struct<(ptr, ptr, i64)> 
    %40 = llvm.mlir.constant(0 : index) : i64
    %41 = llvm.insertvalue %40, %39[2] : !llvm.struct<(ptr, ptr, i64)> 
    %42 = llvm.extractvalue %30[2] : !llvm.struct<(ptr, ptr, i64)> 
    %43 = llvm.mlir.poison : !llvm.struct<(ptr, ptr, i64, array<1 x i64>, array<1 x i64>)>
    %44 = llvm.extractvalue %41[0] : !llvm.struct<(ptr, ptr, i64)> 
    %45 = llvm.extractvalue %41[1] : !llvm.struct<(ptr, ptr, i64)> 
    %46 = llvm.insertvalue %44, %43[0] : !llvm.struct<(ptr, ptr, i64, array<1 x i64>, array<1 x i64>)> 
    %47 = llvm.insertvalue %45, %46[1] : !llvm.struct<(ptr, ptr, i64, array<1 x i64>, array<1 x i64>)> 
    %48 = llvm.mlir.constant(0 : index) : i64
    %49 = llvm.insertvalue %48, %47[2] : !llvm.struct<(ptr, ptr, i64, array<1 x i64>, array<1 x i64>)> 
    %50 = llvm.mlir.constant(1 : index) : i64
    %51 = llvm.insertvalue %50, %49[3, 0] : !llvm.struct<(ptr, ptr, i64, array<1 x i64>, array<1 x i64>)> 
    %52 = llvm.mlir.constant(1 : index) : i64
    %53 = llvm.insertvalue %52, %51[4, 0] : !llvm.struct<(ptr, ptr, i64, array<1 x i64>, array<1 x i64>)> 
    %54 = builtin.unrealized_conversion_cast %53 : !llvm.struct<(ptr, ptr, i64, array<1 x i64>, array<1 x i64>)> to memref<1xf32>
    %55 = llvm.addrspacecast %arg17 : !llvm.ptr<1> to !llvm.ptr
    %56 = builtin.unrealized_conversion_cast %54 : memref<1xf32> to !llvm.struct<(ptr, ptr, i64, array<1 x i64>, array<1 x i64>)>
    %57 = llvm.extractvalue %56[1] : !llvm.struct<(ptr, ptr, i64, array<1 x i64>, array<1 x i64>)> 
    %58 = llvm.mul %10, %15 : i64
    %59 = llvm.call @cudaMemcpyAsync(%55, %57, %58, %17, %34) : (!llvm.ptr, !llvm.ptr, i64, i32, !llvm.ptr) -> i32
    %60 = llvm.call @cudaFreeAsync(%23, %34) : (!llvm.ptr, !llvm.ptr) -> i32
    %61 = llvm.call @cudaFreeAsync(%27, %34) : (!llvm.ptr, !llvm.ptr) -> i32
    %62 = llvm.call @cudaFreeAsync(%33, %34) : (!llvm.ptr, !llvm.ptr) -> i32
    llvm.call @mgpuStreamSynchronize(%34) : (!llvm.ptr) -> ()
    llvm.call @mgpuStreamDestroy(%34) : (!llvm.ptr) -> ()
    llvm.return
  }
  llvm.func @_mlir_ciface_main(%arg0: !llvm.ptr, %arg1: !llvm.ptr, %arg2: !llvm.ptr {bufferization.writable = true}) attributes {llvm.emit_c_interface} {
    %0 = llvm.load %arg0 : !llvm.ptr -> !llvm.struct<(ptr<1>, ptr<1>, i64, array<3 x i64>, array<3 x i64>)>
    %1 = llvm.extractvalue %0[0] : !llvm.struct<(ptr<1>, ptr<1>, i64, array<3 x i64>, array<3 x i64>)> 
    %2 = llvm.extractvalue %0[1] : !llvm.struct<(ptr<1>, ptr<1>, i64, array<3 x i64>, array<3 x i64>)> 
    %3 = llvm.extractvalue %0[2] : !llvm.struct<(ptr<1>, ptr<1>, i64, array<3 x i64>, array<3 x i64>)> 
    %4 = llvm.extractvalue %0[3, 0] : !llvm.struct<(ptr<1>, ptr<1>, i64, array<3 x i64>, array<3 x i64>)> 
    %5 = llvm.extractvalue %0[3, 1] : !llvm.struct<(ptr<1>, ptr<1>, i64, array<3 x i64>, array<3 x i64>)> 
    %6 = llvm.extractvalue %0[3, 2] : !llvm.struct<(ptr<1>, ptr<1>, i64, array<3 x i64>, array<3 x i64>)> 
    %7 = llvm.extractvalue %0[4, 0] : !llvm.struct<(ptr<1>, ptr<1>, i64, array<3 x i64>, array<3 x i64>)> 
    %8 = llvm.extractvalue %0[4, 1] : !llvm.struct<(ptr<1>, ptr<1>, i64, array<3 x i64>, array<3 x i64>)> 
    %9 = llvm.extractvalue %0[4, 2] : !llvm.struct<(ptr<1>, ptr<1>, i64, array<3 x i64>, array<3 x i64>)> 
    %10 = llvm.load %arg1 : !llvm.ptr -> !llvm.struct<(ptr<1>, ptr<1>, i64, array<2 x i64>, array<2 x i64>)>
    %11 = llvm.extractvalue %10[0] : !llvm.struct<(ptr<1>, ptr<1>, i64, array<2 x i64>, array<2 x i64>)> 
    %12 = llvm.extractvalue %10[1] : !llvm.struct<(ptr<1>, ptr<1>, i64, array<2 x i64>, array<2 x i64>)> 
    %13 = llvm.extractvalue %10[2] : !llvm.struct<(ptr<1>, ptr<1>, i64, array<2 x i64>, array<2 x i64>)> 
    %14 = llvm.extractvalue %10[3, 0] : !llvm.struct<(ptr<1>, ptr<1>, i64, array<2 x i64>, array<2 x i64>)> 
    %15 = llvm.extractvalue %10[3, 1] : !llvm.struct<(ptr<1>, ptr<1>, i64, array<2 x i64>, array<2 x i64>)> 
    %16 = llvm.extractvalue %10[4, 0] : !llvm.struct<(ptr<1>, ptr<1>, i64, array<2 x i64>, array<2 x i64>)> 
    %17 = llvm.extractvalue %10[4, 1] : !llvm.struct<(ptr<1>, ptr<1>, i64, array<2 x i64>, array<2 x i64>)> 
    %18 = llvm.load %arg2 : !llvm.ptr -> !llvm.struct<(ptr<1>, ptr<1>, i64, array<1 x i64>, array<1 x i64>)>
    %19 = llvm.extractvalue %18[0] : !llvm.struct<(ptr<1>, ptr<1>, i64, array<1 x i64>, array<1 x i64>)> 
    %20 = llvm.extractvalue %18[1] : !llvm.struct<(ptr<1>, ptr<1>, i64, array<1 x i64>, array<1 x i64>)> 
    %21 = llvm.extractvalue %18[2] : !llvm.struct<(ptr<1>, ptr<1>, i64, array<1 x i64>, array<1 x i64>)> 
    %22 = llvm.extractvalue %18[3, 0] : !llvm.struct<(ptr<1>, ptr<1>, i64, array<1 x i64>, array<1 x i64>)> 
    %23 = llvm.extractvalue %18[4, 0] : !llvm.struct<(ptr<1>, ptr<1>, i64, array<1 x i64>, array<1 x i64>)> 
    llvm.call @main(%1, %2, %3, %4, %5, %6, %7, %8, %9, %11, %12, %13, %14, %15, %16, %17, %19, %20, %21, %22, %23) : (!llvm.ptr<1>, !llvm.ptr<1>, i64, i64, i64, i64, i64, i64, i64, !llvm.ptr<1>, !llvm.ptr<1>, i64, i64, i64, i64, i64, !llvm.ptr<1>, !llvm.ptr<1>, i64, i64, i64) -> ()
    llvm.return
  }
  gpu.binary @main_kernel  [#gpu.object<#nvvm.target<O = 3, chip = "sm_86", features = "+ptx76", flags = {fast, ftz}>, properties = {LLVMIRToISATimeInMs = 4 : i64, O = 3 : i32}, assembly = "//\0A// Generated by LLVM NVPTX Back-End\0A//\0A\0A.version 7.6\0A.target sm_86\0A.address_size 64\0A\0A\09// .globl\09main_kernel\0A\0A.visible .entry main_kernel(\0A\09.param .u64 main_kernel_param_0,\0A\09.param .u64 .ptr .align 1 main_kernel_param_1,\0A\09.param .u64 .ptr .align 1 main_kernel_param_2,\0A\09.param .u64 main_kernel_param_3,\0A\09.param .u64 main_kernel_param_4,\0A\09.param .u64 main_kernel_param_5,\0A\09.param .u64 main_kernel_param_6,\0A\09.param .u64 main_kernel_param_7,\0A\09.param .f32 main_kernel_param_8,\0A\09.param .u64 main_kernel_param_9,\0A\09.param .u64 main_kernel_param_10,\0A\09.param .u64 main_kernel_param_11,\0A\09.param .u64 .ptr .global .align 1 main_kernel_param_12,\0A\09.param .u64 .ptr .global .align 1 main_kernel_param_13,\0A\09.param .u64 main_kernel_param_14,\0A\09.param .u64 main_kernel_param_15,\0A\09.param .u64 main_kernel_param_16,\0A\09.param .u64 main_kernel_param_17,\0A\09.param .u64 main_kernel_param_18,\0A\09.param .u64 main_kernel_param_19,\0A\09.param .u64 main_kernel_param_20,\0A\09.param .u64 main_kernel_param_21,\0A\09.param .u64 main_kernel_param_22,\0A\09.param .f32 main_kernel_param_23\0A)\0A.maxntid 1, 1, 1\0A{\0A\09.local .align 4 .b8 \09__local_depot0[4096];\0A\09.reg .b64 \09%SP;\0A\09.reg .b64 \09%SPL;\0A\09.reg .pred \09%p<29>;\0A\09.reg .b32 \09%r<28>;\0A\09.reg .b64 \09%rd<129>;\0A\0A\09mov.b64 \09%SPL, __local_depot0;\0A\09ld.param.b64 \09%rd80, [main_kernel_param_22];\0A\09ld.param.b64 \09%rd79, [main_kernel_param_21];\0A\09ld.param.b64 \09%rd77, [main_kernel_param_11];\0A\09ld.param.b64 \09%rd76, [main_kernel_param_10];\0A\09ld.param.b64 \09%rd75, [main_kernel_param_9];\0A\09ld.param.b64 \09%rd74, [main_kernel_param_0];\0A\09ld.param.b64 \09%rd81, [main_kernel_param_2];\0A\09cvta.to.global.u64 \09%rd1, %rd81;\0A\09mov.u32 \09%r10, %ctaid.x;\0A\09cvt.u64.u32 \09%rd82, %r10;\0A\09add.u64 \09%rd3, %SPL, 0;\0A\09setp.ge.s64 \09%p1, %rd75, %rd77;\0A\09shl.b64 \09%rd104, %rd76, 2;\0A\09setp.ge.s64 \09%p28, %rd75, %rd74;\0A\09@%p1 bra \09$L__BB0_5;\0A\09ld.param.b32 \09%r8, [main_kernel_param_8];\0A\09mad.lo.s64 \09%rd105, %rd75, 516, %rd3;\0A\09shl.b64 \09%rd5, %rd76, 9;\0A\09mov.b64 \09%rd106, %rd75;\0A\09bra.uni \09$L__BB0_2;\0A$L__BB0_4:\0A\09add.s64 \09%rd106, %rd106, %rd76;\0A\09add.s64 \09%rd105, %rd105, %rd5;\0A\09setp.lt.s64 \09%p4, %rd106, %rd77;\0A\09@%p4 bra \09$L__BB0_2;\0A\09bra.uni \09$L__BB0_5;\0A$L__BB0_2:\0A\09mov.b64 \09%rd107, %rd105;\0A\09mov.b64 \09%rd108, %rd75;\0A\09@%p28 bra \09$L__BB0_4;\0A$L__BB0_3:\0A\09st.local.b32 \09[%rd107], %r8;\0A\09add.s64 \09%rd108, %rd108, %rd76;\0A\09add.s64 \09%rd107, %rd107, %rd104;\0A\09setp.lt.s64 \09%p3, %rd108, %rd74;\0A\09@%p3 bra \09$L__BB0_3;\0A\09bra.uni \09$L__BB0_4;\0A$L__BB0_5:\0A\09ld.param.b64 \09%rd78, [main_kernel_param_13];\0A\09mul.lo.s64 \09%rd2, %rd74, %rd82;\0A\09setp.ge.s64 \09%p5, %rd75, %rd80;\0A\09mul.lo.s64 \09%rd99, %rd75, 6297608;\0A\09shl.b64 \09%rd100, %rd79, 2;\0A\09mul.lo.s64 \09%rd101, %rd76, 6291456;\0A\09mul.lo.s64 \09%rd102, %rd76, 6144;\0A\09setp.ge.s64 \09%p27, %rd75, %rd79;\0A\09@%p5 bra \09$L__BB0_17;\0A\09mad.lo.s64 \09%rd85, %rd2, 6144, %rd99;\0A\09add.s64 \09%rd109, %rd78, %rd85;\0A\09mov.b64 \09%rd110, %rd75;\0A\09bra.uni \09$L__BB0_7;\0A$L__BB0_16:\0A\09add.s64 \09%rd110, %rd110, %rd79;\0A\09add.s64 \09%rd109, %rd109, %rd100;\0A\09setp.lt.s64 \09%p12, %rd110, %rd80;\0A\09@%p12 bra \09$L__BB0_7;\0A\09bra.uni \09$L__BB0_17;\0A$L__BB0_7:\0A\09mov.b64 \09%rd111, %rd109;\0A\09mov.b64 \09%rd112, %rd75;\0A\09@%p1 bra \09$L__BB0_16;\0A\09bra.uni \09$L__BB0_8;\0A$L__BB0_15:\0A\09add.s64 \09%rd112, %rd112, %rd76;\0A\09add.s64 \09%rd111, %rd111, %rd101;\0A\09setp.lt.s64 \09%p11, %rd112, %rd77;\0A\09@%p11 bra \09$L__BB0_8;\0A\09bra.uni \09$L__BB0_16;\0A$L__BB0_8:\0A\09@%p28 bra \09$L__BB0_15;\0A\09shl.b64 \09%rd86, %rd112, 9;\0A\09add.s64 \09%rd27, %rd3, %rd86;\0A\09mov.b64 \09%rd113, %rd111;\0A\09mov.b64 \09%rd114, %rd75;\0A\09bra.uni \09$L__BB0_10;\0A$L__BB0_14:\0A\09add.s64 \09%rd114, %rd114, %rd76;\0A\09add.s64 \09%rd113, %rd113, %rd102;\0A\09setp.lt.s64 \09%p10, %rd114, %rd74;\0A\09@%p10 bra \09$L__BB0_10;\0A\09bra.uni \09$L__BB0_15;\0A$L__BB0_10:\0A\09@%p27 bra \09$L__BB0_14;\0A\09shl.b64 \09%rd87, %rd114, 2;\0A\09add.s64 \09%rd30, %rd27, %rd87;\0A\09ld.local.b32 \09%r26, [%rd30];\0A\09mov.b64 \09%rd115, %rd113;\0A\09mov.b64 \09%rd116, %rd75;\0A$L__BB0_12:\0A\09ld.global.b32 \09%r11, [%rd115];\0A\09max.NaN.f32 \09%r26, %r11, %r26;\0A\09add.s64 \09%rd116, %rd116, %rd76;\0A\09add.s64 \09%rd115, %rd115, %rd104;\0A\09setp.lt.s64 \09%p9, %rd116, %rd79;\0A\09@%p9 bra \09$L__BB0_12;\0A\09st.local.b32 \09[%rd30], %r26;\0A\09bra.uni \09$L__BB0_14;\0A$L__BB0_17:\0A\09shl.b64 \09%rd97, %rd2, 2;\0A\09@%p1 bra \09$L__BB0_22;\0A\09ld.param.b32 \09%r9, [main_kernel_param_23];\0A\09mad.lo.s64 \09%rd89, %rd75, 4100, %rd97;\0A\09add.s64 \09%rd117, %rd1, %rd89;\0A\09shl.b64 \09%rd23, %rd76, 12;\0A\09mov.b64 \09%rd118, %rd75;\0A\09bra.uni \09$L__BB0_19;\0A$L__BB0_21:\0A\09add.s64 \09%rd118, %rd118, %rd76;\0A\09add.s64 \09%rd117, %rd117, %rd23;\0A\09setp.lt.s64 \09%p16, %rd118, %rd77;\0A\09@%p16 bra \09$L__BB0_19;\0A\09bra.uni \09$L__BB0_22;\0A$L__BB0_19:\0A\09mov.b64 \09%rd119, %rd117;\0A\09mov.b64 \09%rd120, %rd75;\0A\09@%p28 bra \09$L__BB0_21;\0A$L__BB0_20:\0A\09st.global.b32 \09[%rd119], %r9;\0A\09add.s64 \09%rd120, %rd120, %rd76;\0A\09add.s64 \09%rd119, %rd119, %rd104;\0A\09setp.lt.s64 \09%p15, %rd120, %rd74;\0A\09@%p15 bra \09$L__BB0_20;\0A\09bra.uni \09$L__BB0_21;\0A$L__BB0_22:\0A\09@%p5 bra \09$L__BB0_34;\0A\09add.s64 \09%rd43, %rd1, %rd97;\0A\09mad.lo.s64 \09%rd92, %rd2, 6144, %rd99;\0A\09add.s64 \09%rd121, %rd78, %rd92;\0A\09mov.b64 \09%rd122, %rd75;\0A\09bra.uni \09$L__BB0_24;\0A$L__BB0_33:\0A\09add.s64 \09%rd122, %rd122, %rd79;\0A\09add.s64 \09%rd121, %rd121, %rd100;\0A\09setp.lt.s64 \09%p24, %rd122, %rd80;\0A\09@%p24 bra \09$L__BB0_24;\0A\09bra.uni \09$L__BB0_34;\0A$L__BB0_24:\0A\09@%p1 bra \09$L__BB0_33;\0A\09mov.b64 \09%rd123, %rd121;\0A\09mov.b64 \09%rd124, %rd75;\0A\09bra.uni \09$L__BB0_26;\0A$L__BB0_32:\0A\09add.s64 \09%rd124, %rd124, %rd76;\0A\09add.s64 \09%rd123, %rd123, %rd101;\0A\09setp.lt.s64 \09%p23, %rd124, %rd77;\0A\09@%p23 bra \09$L__BB0_26;\0A\09bra.uni \09$L__BB0_33;\0A$L__BB0_26:\0A\09@%p28 bra \09$L__BB0_32;\0A\09shl.b64 \09%rd93, %rd124, 9;\0A\09add.s64 \09%rd59, %rd3, %rd93;\0A\09shl.b64 \09%rd94, %rd124, 12;\0A\09add.s64 \09%rd60, %rd43, %rd94;\0A\09mov.b64 \09%rd125, %rd123;\0A\09mov.b64 \09%rd126, %rd75;\0A\09bra.uni \09$L__BB0_28;\0A$L__BB0_31:\0A\09add.s64 \09%rd126, %rd126, %rd76;\0A\09add.s64 \09%rd125, %rd125, %rd102;\0A\09setp.lt.s64 \09%p22, %rd126, %rd74;\0A\09@%p22 bra \09$L__BB0_28;\0A\09bra.uni \09$L__BB0_32;\0A$L__BB0_28:\0A\09@%p27 bra \09$L__BB0_31;\0A\09shl.b64 \09%rd95, %rd126, 2;\0A\09add.s64 \09%rd96, %rd59, %rd95;\0A\09ld.local.b32 \09%r4, [%rd96];\0A\09add.s64 \09%rd63, %rd60, %rd95;\0A\09ld.global.b32 \09%r27, [%rd63];\0A\09mov.b64 \09%rd127, %rd125;\0A\09mov.b64 \09%rd128, %rd75;\0A$L__BB0_30:\0A\09ld.global.b32 \09%r12, [%rd127];\0A\09sub.rn.f32 \09%r13, %r12, %r4;\0A\09fma.rn.f32 \09%r14, %r13, 0f3BBB989D, 0f3F000000;\0A\09cvt.sat.f32.f32 \09%r15, %r14;\0A\09mov.b32 \09%r16, 0f4B400001;\0A\09mov.b32 \09%r17, 0f437C0000;\0A\09fma.rm.f32 \09%r18, %r15, %r17, %r16;\0A\09add.rn.f32 \09%r19, %r18, 0fCB40007F;\0A\09neg.f32 \09%r20, %r19;\0A\09fma.rn.f32 \09%r21, %r13, 0f3FB8AA3B, %r20;\0A\09fma.rn.f32 \09%r22, %r13, 0f32A57060, %r21;\0A\09shl.b32 \09%r23, %r18, 23;\0A\09ex2.approx.ftz.f32 \09%r24, %r22;\0A\09mul.rn.f32 \09%r25, %r24, %r23;\0A\09add.rn.f32 \09%r27, %r27, %r25;\0A\09st.global.b32 \09[%rd63], %r27;\0A\09add.s64 \09%rd128, %rd128, %rd76;\0A\09add.s64 \09%rd127, %rd127, %rd104;\0A\09setp.lt.s64 \09%p21, %rd128, %rd79;\0A\09@%p21 bra \09$L__BB0_30;\0A\09bra.uni \09$L__BB0_31;\0A$L__BB0_34:\0A\09ret;\0A\0A}\0A">]
  gpu.binary @main_kernel_0  [#gpu.object<#nvvm.target<O = 3, chip = "sm_86", features = "+ptx76", flags = {fast, ftz}>, properties = {LLVMIRToISATimeInMs = 3 : i64, O = 3 : i32}, assembly = "//\0A// Generated by LLVM NVPTX Back-End\0A//\0A\0A.version 7.6\0A.target sm_86\0A.address_size 64\0A\0A\09// .globl\09main_kernel\0A\0A.visible .entry main_kernel(\0A\09.param .u64 main_kernel_param_0,\0A\09.param .f32 main_kernel_param_1,\0A\09.param .u64 main_kernel_param_2,\0A\09.param .u64 main_kernel_param_3,\0A\09.param .u64 main_kernel_param_4,\0A\09.param .u64 .ptr .global .align 1 main_kernel_param_5,\0A\09.param .u64 .ptr .global .align 1 main_kernel_param_6,\0A\09.param .u64 main_kernel_param_7,\0A\09.param .u64 main_kernel_param_8,\0A\09.param .u64 main_kernel_param_9,\0A\09.param .u64 main_kernel_param_10,\0A\09.param .u64 main_kernel_param_11,\0A\09.param .u64 main_kernel_param_12,\0A\09.param .u64 main_kernel_param_13,\0A\09.param .u64 main_kernel_param_14,\0A\09.param .u64 main_kernel_param_15,\0A\09.param .u64 .ptr .align 1 main_kernel_param_16,\0A\09.param .u64 .ptr .align 1 main_kernel_param_17,\0A\09.param .u64 main_kernel_param_18,\0A\09.param .u64 .ptr .align 1 main_kernel_param_19,\0A\09.param .u64 .ptr .align 1 main_kernel_param_20,\0A\09.param .u64 main_kernel_param_21,\0A\09.param .u64 main_kernel_param_22,\0A\09.param .u64 main_kernel_param_23,\0A\09.param .u64 main_kernel_param_24,\0A\09.param .u64 main_kernel_param_25,\0A\09.param .u64 .ptr .global .align 1 main_kernel_param_26,\0A\09.param .u64 .ptr .global .align 1 main_kernel_param_27,\0A\09.param .u64 main_kernel_param_28,\0A\09.param .u64 main_kernel_param_29,\0A\09.param .u64 main_kernel_param_30,\0A\09.param .u64 main_kernel_param_31,\0A\09.param .u64 main_kernel_param_32,\0A\09.param .f32 main_kernel_param_33,\0A\09.param .u64 .ptr .align 1 main_kernel_param_34,\0A\09.param .u64 .ptr .align 1 main_kernel_param_35,\0A\09.param .u64 main_kernel_param_36\0A)\0A.maxntid 1, 1, 1\0A{\0A\09.local .align 4 .b8 \09__local_depot0[4096];\0A\09.reg .b64 \09%SP;\0A\09.reg .b64 \09%SPL;\0A\09.reg .pred \09%p<26>;\0A\09.reg .b32 \09%r<55>;\0A\09.reg .b64 \09%rd<153>;\0A\0A\09mov.b64 \09%SPL, __local_depot0;\0A\09ld.param.b64 \09%rd96, [main_kernel_param_15];\0A\09ld.param.b64 \09%rd95, [main_kernel_param_14];\0A\09ld.param.b64 \09%rd93, [main_kernel_param_4];\0A\09ld.param.b64 \09%rd92, [main_kernel_param_3];\0A\09ld.param.b64 \09%rd91, [main_kernel_param_2];\0A\09ld.param.b64 \09%rd90, [main_kernel_param_0];\0A\09ld.param.b64 \09%rd98, [main_kernel_param_17];\0A\09cvta.to.global.u64 \09%rd1, %rd98;\0A\09ld.param.b64 \09%rd99, [main_kernel_param_20];\0A\09cvta.to.global.u64 \09%rd2, %rd99;\0A\09ld.param.b64 \09%rd100, [main_kernel_param_35];\0A\09cvta.to.global.u64 \09%rd3, %rd100;\0A\09mov.u32 \09%r15, %ctaid.x;\0A\09cvt.u64.u32 \09%rd101, %r15;\0A\09add.u64 \09%rd5, %SPL, 0;\0A\09setp.ge.s64 \09%p1, %rd91, %rd93;\0A\09shl.b64 \09%rd121, %rd92, 9;\0A\09shl.b64 \09%rd122, %rd92, 2;\0A\09setp.ge.s64 \09%p25, %rd91, %rd90;\0A\09@%p1 bra \09$L__BB0_5;\0A\09ld.param.b32 \09%r13, [main_kernel_param_1];\0A\09mad.lo.s64 \09%rd123, %rd91, 516, %rd5;\0A\09mov.b64 \09%rd124, %rd91;\0A\09bra.uni \09$L__BB0_2;\0A$L__BB0_4:\0A\09add.s64 \09%rd124, %rd124, %rd92;\0A\09add.s64 \09%rd123, %rd123, %rd121;\0A\09setp.lt.s64 \09%p4, %rd124, %rd93;\0A\09@%p4 bra \09$L__BB0_2;\0A\09bra.uni \09$L__BB0_5;\0A$L__BB0_2:\0A\09mov.b64 \09%rd125, %rd123;\0A\09mov.b64 \09%rd126, %rd91;\0A\09@%p25 bra \09$L__BB0_4;\0A$L__BB0_3:\0A\09st.local.b32 \09[%rd125], %r13;\0A\09add.s64 \09%rd126, %rd126, %rd92;\0A\09add.s64 \09%rd125, %rd125, %rd122;\0A\09setp.lt.s64 \09%p3, %rd126, %rd90;\0A\09@%p3 bra \09$L__BB0_3;\0A\09bra.uni \09$L__BB0_4;\0A$L__BB0_5:\0A\09ld.param.b64 \09%rd94, [main_kernel_param_6];\0A\09mul.lo.s64 \09%rd4, %rd90, %rd101;\0A\09setp.ge.s64 \09%p5, %rd91, %rd96;\0A\09shl.b64 \09%rd117, %rd95, 2;\0A\09mul.lo.s64 \09%rd118, %rd92, 6291456;\0A\09mul.lo.s64 \09%rd119, %rd92, 6144;\0A\09setp.ge.s64 \09%p24, %rd91, %rd95;\0A\09@%p5 bra \09$L__BB0_18;\0A\09mul.lo.s64 \09%rd103, %rd91, 6297608;\0A\09mad.lo.s64 \09%rd104, %rd4, 6144, %rd103;\0A\09add.s64 \09%rd127, %rd94, %rd104;\0A\09mov.b64 \09%rd128, %rd91;\0A\09bra.uni \09$L__BB0_7;\0A$L__BB0_17:\0A\09add.s64 \09%rd128, %rd128, %rd95;\0A\09add.s64 \09%rd127, %rd127, %rd117;\0A\09setp.lt.s64 \09%p12, %rd128, %rd96;\0A\09@%p12 bra \09$L__BB0_7;\0A\09bra.uni \09$L__BB0_18;\0A$L__BB0_7:\0A\09@%p1 bra \09$L__BB0_17;\0A\09mov.b64 \09%rd129, %rd127;\0A\09mov.b64 \09%rd130, %rd91;\0A\09bra.uni \09$L__BB0_9;\0A$L__BB0_16:\0A\09add.s64 \09%rd130, %rd130, %rd92;\0A\09add.s64 \09%rd129, %rd129, %rd118;\0A\09setp.lt.s64 \09%p11, %rd130, %rd93;\0A\09@%p11 bra \09$L__BB0_9;\0A\09bra.uni \09$L__BB0_17;\0A$L__BB0_9:\0A\09@%p25 bra \09$L__BB0_16;\0A\09shl.b64 \09%rd105, %rd130, 9;\0A\09add.s64 \09%rd26, %rd5, %rd105;\0A\09mov.b64 \09%rd131, %rd129;\0A\09mov.b64 \09%rd132, %rd91;\0A\09bra.uni \09$L__BB0_11;\0A$L__BB0_15:\0A\09add.s64 \09%rd132, %rd132, %rd92;\0A\09add.s64 \09%rd131, %rd131, %rd119;\0A\09setp.lt.s64 \09%p10, %rd132, %rd90;\0A\09@%p10 bra \09$L__BB0_11;\0A\09bra.uni \09$L__BB0_16;\0A$L__BB0_11:\0A\09@%p24 bra \09$L__BB0_15;\0A\09shl.b64 \09%rd106, %rd132, 2;\0A\09add.s64 \09%rd29, %rd26, %rd106;\0A\09ld.local.b32 \09%r47, [%rd29];\0A\09mov.b64 \09%rd133, %rd131;\0A\09mov.b64 \09%rd134, %rd91;\0A$L__BB0_13:\0A\09ld.global.b32 \09%r16, [%rd133];\0A\09max.f32 \09%r47, %r16, %r47;\0A\09add.s64 \09%rd134, %rd134, %rd92;\0A\09add.s64 \09%rd133, %rd133, %rd122;\0A\09setp.lt.s64 \09%p9, %rd134, %rd95;\0A\09@%p9 bra \09$L__BB0_13;\0A\09st.local.b32 \09[%rd29], %r47;\0A\09bra.uni \09$L__BB0_15;\0A$L__BB0_18:\0A\09ld.param.b32 \09%r14, [main_kernel_param_33];\0A\09ld.global.b32 \09%r51, [%rd1];\0A\09@%p1 bra \09$L__BB0_29;\0A\09ld.param.b64 \09%rd97, [main_kernel_param_27];\0A\09mad.lo.s64 \09%rd138, %rd91, 1032, %rd5;\0A\09shl.b64 \09%rd41, %rd95, 9;\0A\09shl.b64 \09%rd107, %rd4, 2;\0A\09mad.lo.s64 \09%rd108, %rd91, 8200, %rd107;\0A\09add.s64 \09%rd137, %rd2, %rd108;\0A\09shl.b64 \09%rd46, %rd95, 12;\0A\09shl.b64 \09%rd47, %rd92, 12;\0A\09add.s64 \09%rd136, %rd97, %rd108;\0A\09mul.lo.s64 \09%rd109, %rd91, 12595200;\0A\09mad.lo.s64 \09%rd110, %rd4, 6144, %rd109;\0A\09add.s64 \09%rd135, %rd94, %rd110;\0A\09mul.lo.s64 \09%rd50, %rd95, 6291456;\0A\09mul.lo.s64 \09%rd51, %rd95, 6144;\0A\09mov.b64 \09%rd139, %rd91;\0A\09bra.uni \09$L__BB0_20;\0A$L__BB0_28:\0A\09add.s64 \09%rd139, %rd139, %rd95;\0A\09add.s64 \09%rd138, %rd138, %rd41;\0A\09add.s64 \09%rd137, %rd137, %rd46;\0A\09add.s64 \09%rd136, %rd136, %rd46;\0A\09add.s64 \09%rd135, %rd135, %rd50;\0A\09setp.lt.s64 \09%p22, %rd139, %rd93;\0A\09@%p22 bra \09$L__BB0_20;\0A\09bra.uni \09$L__BB0_29;\0A$L__BB0_20:\0A\09@%p25 bra \09$L__BB0_28;\0A\09mov.b64 \09%rd140, %rd135;\0A\09mov.b64 \09%rd141, %rd136;\0A\09mov.b64 \09%rd142, %rd137;\0A\09mov.b64 \09%rd143, %rd138;\0A\09mov.b64 \09%rd144, %rd91;\0A\09bra.uni \09$L__BB0_22;\0A$L__BB0_27:\0A\09add.s64 \09%rd144, %rd144, %rd95;\0A\09add.s64 \09%rd143, %rd143, %rd117;\0A\09add.s64 \09%rd142, %rd142, %rd117;\0A\09add.s64 \09%rd141, %rd141, %rd117;\0A\09add.s64 \09%rd140, %rd140, %rd51;\0A\09setp.lt.s64 \09%p21, %rd144, %rd90;\0A\09@%p21 bra \09$L__BB0_22;\0A\09bra.uni \09$L__BB0_28;\0A$L__BB0_22:\0A\09@%p24 bra \09$L__BB0_27;\0A\09mov.b64 \09%rd145, %rd140;\0A\09mov.b64 \09%rd146, %rd141;\0A\09mov.b64 \09%rd147, %rd142;\0A\09mov.b64 \09%rd148, %rd143;\0A\09mov.b64 \09%rd149, %rd91;\0A$L__BB0_24:\0A\09mov.b64 \09%rd151, 0;\0A\09mov.b64 \09%rd150, %rd145;\0A\09mov.b64 \09%rd152, %rd91;\0A$L__BB0_25:\0A\09add.s64 \09%rd112, %rd147, %rd151;\0A\09ld.global.b32 \09%r17, [%rd112];\0A\09add.s64 \09%rd113, %rd148, %rd151;\0A\09ld.local.b32 \09%r18, [%rd113];\0A\09add.s64 \09%rd114, %rd146, %rd151;\0A\09ld.global.b32 \09%r19, [%rd114];\0A\09mul.wide.s32 \09%rd115, %r19, 4;\0A\09add.s64 \09%rd116, %rd150, %rd115;\0A\09ld.global.b32 \09%r20, [%rd116];\0A\09setp.lt.f32 \09%p16, %r17, 0f00800000;\0A\09mul.rn.f32 \09%r21, %r17, 0f4B000000;\0A\09selp.f32 \09%r22, %r21, %r17, %p16;\0A\09selp.f32 \09%r23, 0fC1B80000, 0f00000000, %p16;\0A\09add.s32 \09%r24, %r22, -1059760811;\0A\09and.b32 \09%r25, %r24, -8388608;\0A\09sub.s32 \09%r26, %r22, %r25;\0A\09cvt.rn.f32.s32 \09%r27, %r25;\0A\09fma.rn.f32 \09%r28, %r27, 0f34000000, %r23;\0A\09add.rn.f32 \09%r29, %r26, 0fBF800000;\0A\09fma.rn.f32 \09%r30, %r29, 0fBE055027, 0f3E1039F6;\0A\09fma.rn.f32 \09%r31, %r30, %r29, 0fBDF8CDCC;\0A\09fma.rn.f32 \09%r32, %r31, %r29, 0f3E0F2955;\0A\09fma.rn.f32 \09%r33, %r32, %r29, 0fBE2AD8B9;\0A\09fma.rn.f32 \09%r34, %r33, %r29, 0f3E4CED0B;\0A\09fma.rn.f32 \09%r35, %r34, %r29, 0fBE7FFF22;\0A\09fma.rn.f32 \09%r36, %r35, %r29, 0f3EAAAA78;\0A\09fma.rn.f32 \09%r37, %r36, %r29, 0fBF000000;\0A\09mul.rn.f32 \09%r38, %r29, %r37;\0A\09fma.rn.f32 \09%r39, %r38, %r29, %r29;\0A\09fma.rn.f32 \09%r40, %r28, 0f3F317218, %r39;\0A\09setp.gt.u32 \09%p17, %r22, 2139095039;\0A\09fma.rn.f32 \09%r41, %r22, 0f7F800000, 0f7F800000;\0A\09selp.f32 \09%r42, %r41, %r40, %p17;\0A\09setp.eq.f32 \09%p18, %r22, 0f00000000;\0A\09selp.f32 \09%r43, 0fFF800000, %r42, %p18;\0A\09add.rn.f32 \09%r44, %r18, %r43;\0A\09sub.rn.f32 \09%r45, %r44, %r20;\0A\09add.rn.f32 \09%r51, %r51, %r45;\0A\09add.s64 \09%rd152, %rd152, %rd92;\0A\09add.s64 \09%rd151, %rd151, %rd122;\0A\09add.s64 \09%rd150, %rd150, %rd119;\0A\09setp.lt.s64 \09%p19, %rd152, %rd95;\0A\09@%p19 bra \09$L__BB0_25;\0A\09add.s64 \09%rd149, %rd149, %rd92;\0A\09add.s64 \09%rd148, %rd148, %rd121;\0A\09add.s64 \09%rd147, %rd147, %rd47;\0A\09add.s64 \09%rd146, %rd146, %rd47;\0A\09add.s64 \09%rd145, %rd145, %rd118;\0A\09setp.lt.s64 \09%p20, %rd149, %rd95;\0A\09@%p20 bra \09$L__BB0_24;\0A\09bra.uni \09$L__BB0_27;\0A$L__BB0_29:\0A\09div.rn.f32 \09%r46, %r51, %r14;\0A\09st.global.b32 \09[%rd3], %r46;\0A\09ret;\0A\0A}\0A">]
  llvm.func @mgpuStreamCreate() -> !llvm.ptr
  llvm.func @mgpuStreamSynchronize(!llvm.ptr)
  llvm.func @mgpuStreamDestroy(!llvm.ptr)
}


// -----// IR Dump After ReconcileUnrealizedCastsPass (reconcile-unrealized-casts) //----- //
module attributes {gpu.container_module} {
  llvm.func @cudaMallocAsync(!llvm.ptr, i64, !llvm.ptr) -> i32
  llvm.func @cudaMemcpyAsync(!llvm.ptr, !llvm.ptr, i64, i32, !llvm.ptr) -> i32
  llvm.func @cudaFreeAsync(!llvm.ptr, !llvm.ptr) -> i32
  llvm.func @main(%arg0: !llvm.ptr<1>, %arg1: !llvm.ptr<1>, %arg2: i64, %arg3: i64, %arg4: i64, %arg5: i64, %arg6: i64, %arg7: i64, %arg8: i64, %arg9: !llvm.ptr<1>, %arg10: !llvm.ptr<1>, %arg11: i64, %arg12: i64, %arg13: i64, %arg14: i64, %arg15: i64, %arg16: !llvm.ptr<1>, %arg17: !llvm.ptr<1>, %arg18: i64, %arg19: i64, %arg20: i64) attributes {llvm.emit_c_interface} {
    %0 = llvm.mlir.constant(8.192000e+03 : f32) : f32
    %1 = llvm.mlir.constant(0 : index) : i64
    %2 = llvm.mlir.constant(1536 : index) : i64
    %3 = llvm.mlir.constant(4 : index) : i64
    %4 = llvm.mlir.constant(8 : index) : i64
    %5 = llvm.mlir.constant(128 : index) : i64
    %6 = llvm.mlir.constant(-3.40282347E+38 : f32) : f32
    %7 = llvm.mlir.constant(0.000000e+00 : f32) : f32
    %8 = llvm.mlir.constant(0xFF800000 : f32) : f32
    %9 = llvm.mlir.constant(1 : index) : i64
    %10 = llvm.mlir.constant(4 : i64) : i64
    %11 = llvm.mlir.constant(8 : i64) : i64
    %12 = llvm.mlir.constant(1024 : i64) : i64
    %13 = llvm.mlir.constant(1 : i32) : i32
    %14 = llvm.mlir.constant(0 : i64) : i64
    %15 = llvm.mlir.constant(1 : i64) : i64
    %16 = llvm.mlir.undef : !llvm.struct<(ptr, ptr, i64)>
    %17 = llvm.mlir.constant(3 : i32) : i32
    %18 = llvm.call @mgpuStreamCreate() : () -> !llvm.ptr
    %19 = llvm.mul %10, %11 : i64
    %20 = llvm.mul %19, %12 : i64
    %21 = llvm.alloca %13 x !llvm.ptr {alignment = 8 : i64} : (i32) -> !llvm.ptr
    %22 = llvm.call @cudaMallocAsync(%21, %20, %18) : (!llvm.ptr, i64, !llvm.ptr) -> i32
    %23 = llvm.load %21 : !llvm.ptr -> !llvm.ptr
    %24 = llvm.mul %15, %12 : i64
    gpu.launch_func <%18 : !llvm.ptr> @main_kernel::@main_kernel blocks in (%4, %9, %9) threads in (%9, %9, %9) : i64 args(%5 : i64, %23 : !llvm.ptr, %23 : !llvm.ptr, %14 : i64, %11 : i64, %12 : i64, %24 : i64, %15 : i64, %6 : f32, %1 : i64, %9 : i64, %4 : i64, %arg0 : !llvm.ptr<1>, %arg1 : !llvm.ptr<1>, %arg2 : i64, %arg3 : i64, %arg4 : i64, %arg5 : i64, %arg6 : i64, %arg7 : i64, %arg8 : i64, %3 : i64, %2 : i64, %7 : f32)
    %25 = llvm.alloca %13 x !llvm.ptr {alignment = 8 : i64} : (i32) -> !llvm.ptr
    %26 = llvm.call @cudaMallocAsync(%25, %10, %18) : (!llvm.ptr, i64, !llvm.ptr) -> i32
    %27 = llvm.load %25 : !llvm.ptr -> !llvm.ptr
    %28 = llvm.insertvalue %27, %16[0] : !llvm.struct<(ptr, ptr, i64)> 
    %29 = llvm.insertvalue %27, %28[1] : !llvm.struct<(ptr, ptr, i64)> 
    %30 = llvm.insertvalue %14, %29[2] : !llvm.struct<(ptr, ptr, i64)> 
    %31 = llvm.alloca %13 x !llvm.ptr {alignment = 8 : i64} : (i32) -> !llvm.ptr
    %32 = llvm.call @cudaMallocAsync(%31, %10, %18) : (!llvm.ptr, i64, !llvm.ptr) -> i32
    %33 = llvm.load %31 : !llvm.ptr -> !llvm.ptr
    llvm.call @mgpuStreamSynchronize(%18) : (!llvm.ptr) -> ()
    llvm.call @mgpuStreamDestroy(%18) : (!llvm.ptr) -> ()
    llvm.store %7, %33 : f32, !llvm.ptr
    %34 = llvm.call @mgpuStreamCreate() : () -> !llvm.ptr
    gpu.launch_func <%34 : !llvm.ptr> @main_kernel_0::@main_kernel blocks in (%4, %9, %9) threads in (%9, %9, %9) : i64 args(%5 : i64, %8 : f32, %1 : i64, %9 : i64, %4 : i64, %arg0 : !llvm.ptr<1>, %arg1 : !llvm.ptr<1>, %arg2 : i64, %arg3 : i64, %arg4 : i64, %arg5 : i64, %arg6 : i64, %arg7 : i64, %arg8 : i64, %3 : i64, %2 : i64, %33 : !llvm.ptr, %33 : !llvm.ptr, %14 : i64, %23 : !llvm.ptr, %23 : !llvm.ptr, %14 : i64, %11 : i64, %12 : i64, %24 : i64, %15 : i64, %arg9 : !llvm.ptr<1>, %arg10 : !llvm.ptr<1>, %arg11 : i64, %arg12 : i64, %arg13 : i64, %arg14 : i64, %arg15 : i64, %0 : f32, %27 : !llvm.ptr, %27 : !llvm.ptr, %14 : i64)
    %35 = llvm.extractvalue %30[0] : !llvm.struct<(ptr, ptr, i64)> 
    %36 = llvm.extractvalue %30[1] : !llvm.struct<(ptr, ptr, i64)> 
    %37 = llvm.mlir.poison : !llvm.struct<(ptr, ptr, i64)>
    %38 = llvm.insertvalue %35, %37[0] : !llvm.struct<(ptr, ptr, i64)> 
    %39 = llvm.insertvalue %36, %38[1] : !llvm.struct<(ptr, ptr, i64)> 
    %40 = llvm.mlir.constant(0 : index) : i64
    %41 = llvm.insertvalue %40, %39[2] : !llvm.struct<(ptr, ptr, i64)> 
    %42 = llvm.extractvalue %30[2] : !llvm.struct<(ptr, ptr, i64)> 
    %43 = llvm.mlir.poison : !llvm.struct<(ptr, ptr, i64, array<1 x i64>, array<1 x i64>)>
    %44 = llvm.extractvalue %41[0] : !llvm.struct<(ptr, ptr, i64)> 
    %45 = llvm.extractvalue %41[1] : !llvm.struct<(ptr, ptr, i64)> 
    %46 = llvm.insertvalue %44, %43[0] : !llvm.struct<(ptr, ptr, i64, array<1 x i64>, array<1 x i64>)> 
    %47 = llvm.insertvalue %45, %46[1] : !llvm.struct<(ptr, ptr, i64, array<1 x i64>, array<1 x i64>)> 
    %48 = llvm.mlir.constant(0 : index) : i64
    %49 = llvm.insertvalue %48, %47[2] : !llvm.struct<(ptr, ptr, i64, array<1 x i64>, array<1 x i64>)> 
    %50 = llvm.mlir.constant(1 : index) : i64
    %51 = llvm.insertvalue %50, %49[3, 0] : !llvm.struct<(ptr, ptr, i64, array<1 x i64>, array<1 x i64>)> 
    %52 = llvm.mlir.constant(1 : index) : i64
    %53 = llvm.insertvalue %52, %51[4, 0] : !llvm.struct<(ptr, ptr, i64, array<1 x i64>, array<1 x i64>)> 
    %54 = llvm.addrspacecast %arg17 : !llvm.ptr<1> to !llvm.ptr
    %55 = llvm.extractvalue %53[1] : !llvm.struct<(ptr, ptr, i64, array<1 x i64>, array<1 x i64>)> 
    %56 = llvm.mul %10, %15 : i64
    %57 = llvm.call @cudaMemcpyAsync(%54, %55, %56, %17, %34) : (!llvm.ptr, !llvm.ptr, i64, i32, !llvm.ptr) -> i32
    %58 = llvm.call @cudaFreeAsync(%23, %34) : (!llvm.ptr, !llvm.ptr) -> i32
    %59 = llvm.call @cudaFreeAsync(%27, %34) : (!llvm.ptr, !llvm.ptr) -> i32
    %60 = llvm.call @cudaFreeAsync(%33, %34) : (!llvm.ptr, !llvm.ptr) -> i32
    llvm.call @mgpuStreamSynchronize(%34) : (!llvm.ptr) -> ()
    llvm.call @mgpuStreamDestroy(%34) : (!llvm.ptr) -> ()
    llvm.return
  }
  llvm.func @_mlir_ciface_main(%arg0: !llvm.ptr, %arg1: !llvm.ptr, %arg2: !llvm.ptr {bufferization.writable = true}) attributes {llvm.emit_c_interface} {
    %0 = llvm.load %arg0 : !llvm.ptr -> !llvm.struct<(ptr<1>, ptr<1>, i64, array<3 x i64>, array<3 x i64>)>
    %1 = llvm.extractvalue %0[0] : !llvm.struct<(ptr<1>, ptr<1>, i64, array<3 x i64>, array<3 x i64>)> 
    %2 = llvm.extractvalue %0[1] : !llvm.struct<(ptr<1>, ptr<1>, i64, array<3 x i64>, array<3 x i64>)> 
    %3 = llvm.extractvalue %0[2] : !llvm.struct<(ptr<1>, ptr<1>, i64, array<3 x i64>, array<3 x i64>)> 
    %4 = llvm.extractvalue %0[3, 0] : !llvm.struct<(ptr<1>, ptr<1>, i64, array<3 x i64>, array<3 x i64>)> 
    %5 = llvm.extractvalue %0[3, 1] : !llvm.struct<(ptr<1>, ptr<1>, i64, array<3 x i64>, array<3 x i64>)> 
    %6 = llvm.extractvalue %0[3, 2] : !llvm.struct<(ptr<1>, ptr<1>, i64, array<3 x i64>, array<3 x i64>)> 
    %7 = llvm.extractvalue %0[4, 0] : !llvm.struct<(ptr<1>, ptr<1>, i64, array<3 x i64>, array<3 x i64>)> 
    %8 = llvm.extractvalue %0[4, 1] : !llvm.struct<(ptr<1>, ptr<1>, i64, array<3 x i64>, array<3 x i64>)> 
    %9 = llvm.extractvalue %0[4, 2] : !llvm.struct<(ptr<1>, ptr<1>, i64, array<3 x i64>, array<3 x i64>)> 
    %10 = llvm.load %arg1 : !llvm.ptr -> !llvm.struct<(ptr<1>, ptr<1>, i64, array<2 x i64>, array<2 x i64>)>
    %11 = llvm.extractvalue %10[0] : !llvm.struct<(ptr<1>, ptr<1>, i64, array<2 x i64>, array<2 x i64>)> 
    %12 = llvm.extractvalue %10[1] : !llvm.struct<(ptr<1>, ptr<1>, i64, array<2 x i64>, array<2 x i64>)> 
    %13 = llvm.extractvalue %10[2] : !llvm.struct<(ptr<1>, ptr<1>, i64, array<2 x i64>, array<2 x i64>)> 
    %14 = llvm.extractvalue %10[3, 0] : !llvm.struct<(ptr<1>, ptr<1>, i64, array<2 x i64>, array<2 x i64>)> 
    %15 = llvm.extractvalue %10[3, 1] : !llvm.struct<(ptr<1>, ptr<1>, i64, array<2 x i64>, array<2 x i64>)> 
    %16 = llvm.extractvalue %10[4, 0] : !llvm.struct<(ptr<1>, ptr<1>, i64, array<2 x i64>, array<2 x i64>)> 
    %17 = llvm.extractvalue %10[4, 1] : !llvm.struct<(ptr<1>, ptr<1>, i64, array<2 x i64>, array<2 x i64>)> 
    %18 = llvm.load %arg2 : !llvm.ptr -> !llvm.struct<(ptr<1>, ptr<1>, i64, array<1 x i64>, array<1 x i64>)>
    %19 = llvm.extractvalue %18[0] : !llvm.struct<(ptr<1>, ptr<1>, i64, array<1 x i64>, array<1 x i64>)> 
    %20 = llvm.extractvalue %18[1] : !llvm.struct<(ptr<1>, ptr<1>, i64, array<1 x i64>, array<1 x i64>)> 
    %21 = llvm.extractvalue %18[2] : !llvm.struct<(ptr<1>, ptr<1>, i64, array<1 x i64>, array<1 x i64>)> 
    %22 = llvm.extractvalue %18[3, 0] : !llvm.struct<(ptr<1>, ptr<1>, i64, array<1 x i64>, array<1 x i64>)> 
    %23 = llvm.extractvalue %18[4, 0] : !llvm.struct<(ptr<1>, ptr<1>, i64, array<1 x i64>, array<1 x i64>)> 
    llvm.call @main(%1, %2, %3, %4, %5, %6, %7, %8, %9, %11, %12, %13, %14, %15, %16, %17, %19, %20, %21, %22, %23) : (!llvm.ptr<1>, !llvm.ptr<1>, i64, i64, i64, i64, i64, i64, i64, !llvm.ptr<1>, !llvm.ptr<1>, i64, i64, i64, i64, i64, !llvm.ptr<1>, !llvm.ptr<1>, i64, i64, i64) -> ()
    llvm.return
  }
  gpu.binary @main_kernel  [#gpu.object<#nvvm.target<O = 3, chip = "sm_86", features = "+ptx76", flags = {fast, ftz}>, properties = {LLVMIRToISATimeInMs = 4 : i64, O = 3 : i32}, assembly = "//\0A// Generated by LLVM NVPTX Back-End\0A//\0A\0A.version 7.6\0A.target sm_86\0A.address_size 64\0A\0A\09// .globl\09main_kernel\0A\0A.visible .entry main_kernel(\0A\09.param .u64 main_kernel_param_0,\0A\09.param .u64 .ptr .align 1 main_kernel_param_1,\0A\09.param .u64 .ptr .align 1 main_kernel_param_2,\0A\09.param .u64 main_kernel_param_3,\0A\09.param .u64 main_kernel_param_4,\0A\09.param .u64 main_kernel_param_5,\0A\09.param .u64 main_kernel_param_6,\0A\09.param .u64 main_kernel_param_7,\0A\09.param .f32 main_kernel_param_8,\0A\09.param .u64 main_kernel_param_9,\0A\09.param .u64 main_kernel_param_10,\0A\09.param .u64 main_kernel_param_11,\0A\09.param .u64 .ptr .global .align 1 main_kernel_param_12,\0A\09.param .u64 .ptr .global .align 1 main_kernel_param_13,\0A\09.param .u64 main_kernel_param_14,\0A\09.param .u64 main_kernel_param_15,\0A\09.param .u64 main_kernel_param_16,\0A\09.param .u64 main_kernel_param_17,\0A\09.param .u64 main_kernel_param_18,\0A\09.param .u64 main_kernel_param_19,\0A\09.param .u64 main_kernel_param_20,\0A\09.param .u64 main_kernel_param_21,\0A\09.param .u64 main_kernel_param_22,\0A\09.param .f32 main_kernel_param_23\0A)\0A.maxntid 1, 1, 1\0A{\0A\09.local .align 4 .b8 \09__local_depot0[4096];\0A\09.reg .b64 \09%SP;\0A\09.reg .b64 \09%SPL;\0A\09.reg .pred \09%p<29>;\0A\09.reg .b32 \09%r<28>;\0A\09.reg .b64 \09%rd<129>;\0A\0A\09mov.b64 \09%SPL, __local_depot0;\0A\09ld.param.b64 \09%rd80, [main_kernel_param_22];\0A\09ld.param.b64 \09%rd79, [main_kernel_param_21];\0A\09ld.param.b64 \09%rd77, [main_kernel_param_11];\0A\09ld.param.b64 \09%rd76, [main_kernel_param_10];\0A\09ld.param.b64 \09%rd75, [main_kernel_param_9];\0A\09ld.param.b64 \09%rd74, [main_kernel_param_0];\0A\09ld.param.b64 \09%rd81, [main_kernel_param_2];\0A\09cvta.to.global.u64 \09%rd1, %rd81;\0A\09mov.u32 \09%r10, %ctaid.x;\0A\09cvt.u64.u32 \09%rd82, %r10;\0A\09add.u64 \09%rd3, %SPL, 0;\0A\09setp.ge.s64 \09%p1, %rd75, %rd77;\0A\09shl.b64 \09%rd104, %rd76, 2;\0A\09setp.ge.s64 \09%p28, %rd75, %rd74;\0A\09@%p1 bra \09$L__BB0_5;\0A\09ld.param.b32 \09%r8, [main_kernel_param_8];\0A\09mad.lo.s64 \09%rd105, %rd75, 516, %rd3;\0A\09shl.b64 \09%rd5, %rd76, 9;\0A\09mov.b64 \09%rd106, %rd75;\0A\09bra.uni \09$L__BB0_2;\0A$L__BB0_4:\0A\09add.s64 \09%rd106, %rd106, %rd76;\0A\09add.s64 \09%rd105, %rd105, %rd5;\0A\09setp.lt.s64 \09%p4, %rd106, %rd77;\0A\09@%p4 bra \09$L__BB0_2;\0A\09bra.uni \09$L__BB0_5;\0A$L__BB0_2:\0A\09mov.b64 \09%rd107, %rd105;\0A\09mov.b64 \09%rd108, %rd75;\0A\09@%p28 bra \09$L__BB0_4;\0A$L__BB0_3:\0A\09st.local.b32 \09[%rd107], %r8;\0A\09add.s64 \09%rd108, %rd108, %rd76;\0A\09add.s64 \09%rd107, %rd107, %rd104;\0A\09setp.lt.s64 \09%p3, %rd108, %rd74;\0A\09@%p3 bra \09$L__BB0_3;\0A\09bra.uni \09$L__BB0_4;\0A$L__BB0_5:\0A\09ld.param.b64 \09%rd78, [main_kernel_param_13];\0A\09mul.lo.s64 \09%rd2, %rd74, %rd82;\0A\09setp.ge.s64 \09%p5, %rd75, %rd80;\0A\09mul.lo.s64 \09%rd99, %rd75, 6297608;\0A\09shl.b64 \09%rd100, %rd79, 2;\0A\09mul.lo.s64 \09%rd101, %rd76, 6291456;\0A\09mul.lo.s64 \09%rd102, %rd76, 6144;\0A\09setp.ge.s64 \09%p27, %rd75, %rd79;\0A\09@%p5 bra \09$L__BB0_17;\0A\09mad.lo.s64 \09%rd85, %rd2, 6144, %rd99;\0A\09add.s64 \09%rd109, %rd78, %rd85;\0A\09mov.b64 \09%rd110, %rd75;\0A\09bra.uni \09$L__BB0_7;\0A$L__BB0_16:\0A\09add.s64 \09%rd110, %rd110, %rd79;\0A\09add.s64 \09%rd109, %rd109, %rd100;\0A\09setp.lt.s64 \09%p12, %rd110, %rd80;\0A\09@%p12 bra \09$L__BB0_7;\0A\09bra.uni \09$L__BB0_17;\0A$L__BB0_7:\0A\09mov.b64 \09%rd111, %rd109;\0A\09mov.b64 \09%rd112, %rd75;\0A\09@%p1 bra \09$L__BB0_16;\0A\09bra.uni \09$L__BB0_8;\0A$L__BB0_15:\0A\09add.s64 \09%rd112, %rd112, %rd76;\0A\09add.s64 \09%rd111, %rd111, %rd101;\0A\09setp.lt.s64 \09%p11, %rd112, %rd77;\0A\09@%p11 bra \09$L__BB0_8;\0A\09bra.uni \09$L__BB0_16;\0A$L__BB0_8:\0A\09@%p28 bra \09$L__BB0_15;\0A\09shl.b64 \09%rd86, %rd112, 9;\0A\09add.s64 \09%rd27, %rd3, %rd86;\0A\09mov.b64 \09%rd113, %rd111;\0A\09mov.b64 \09%rd114, %rd75;\0A\09bra.uni \09$L__BB0_10;\0A$L__BB0_14:\0A\09add.s64 \09%rd114, %rd114, %rd76;\0A\09add.s64 \09%rd113, %rd113, %rd102;\0A\09setp.lt.s64 \09%p10, %rd114, %rd74;\0A\09@%p10 bra \09$L__BB0_10;\0A\09bra.uni \09$L__BB0_15;\0A$L__BB0_10:\0A\09@%p27 bra \09$L__BB0_14;\0A\09shl.b64 \09%rd87, %rd114, 2;\0A\09add.s64 \09%rd30, %rd27, %rd87;\0A\09ld.local.b32 \09%r26, [%rd30];\0A\09mov.b64 \09%rd115, %rd113;\0A\09mov.b64 \09%rd116, %rd75;\0A$L__BB0_12:\0A\09ld.global.b32 \09%r11, [%rd115];\0A\09max.NaN.f32 \09%r26, %r11, %r26;\0A\09add.s64 \09%rd116, %rd116, %rd76;\0A\09add.s64 \09%rd115, %rd115, %rd104;\0A\09setp.lt.s64 \09%p9, %rd116, %rd79;\0A\09@%p9 bra \09$L__BB0_12;\0A\09st.local.b32 \09[%rd30], %r26;\0A\09bra.uni \09$L__BB0_14;\0A$L__BB0_17:\0A\09shl.b64 \09%rd97, %rd2, 2;\0A\09@%p1 bra \09$L__BB0_22;\0A\09ld.param.b32 \09%r9, [main_kernel_param_23];\0A\09mad.lo.s64 \09%rd89, %rd75, 4100, %rd97;\0A\09add.s64 \09%rd117, %rd1, %rd89;\0A\09shl.b64 \09%rd23, %rd76, 12;\0A\09mov.b64 \09%rd118, %rd75;\0A\09bra.uni \09$L__BB0_19;\0A$L__BB0_21:\0A\09add.s64 \09%rd118, %rd118, %rd76;\0A\09add.s64 \09%rd117, %rd117, %rd23;\0A\09setp.lt.s64 \09%p16, %rd118, %rd77;\0A\09@%p16 bra \09$L__BB0_19;\0A\09bra.uni \09$L__BB0_22;\0A$L__BB0_19:\0A\09mov.b64 \09%rd119, %rd117;\0A\09mov.b64 \09%rd120, %rd75;\0A\09@%p28 bra \09$L__BB0_21;\0A$L__BB0_20:\0A\09st.global.b32 \09[%rd119], %r9;\0A\09add.s64 \09%rd120, %rd120, %rd76;\0A\09add.s64 \09%rd119, %rd119, %rd104;\0A\09setp.lt.s64 \09%p15, %rd120, %rd74;\0A\09@%p15 bra \09$L__BB0_20;\0A\09bra.uni \09$L__BB0_21;\0A$L__BB0_22:\0A\09@%p5 bra \09$L__BB0_34;\0A\09add.s64 \09%rd43, %rd1, %rd97;\0A\09mad.lo.s64 \09%rd92, %rd2, 6144, %rd99;\0A\09add.s64 \09%rd121, %rd78, %rd92;\0A\09mov.b64 \09%rd122, %rd75;\0A\09bra.uni \09$L__BB0_24;\0A$L__BB0_33:\0A\09add.s64 \09%rd122, %rd122, %rd79;\0A\09add.s64 \09%rd121, %rd121, %rd100;\0A\09setp.lt.s64 \09%p24, %rd122, %rd80;\0A\09@%p24 bra \09$L__BB0_24;\0A\09bra.uni \09$L__BB0_34;\0A$L__BB0_24:\0A\09@%p1 bra \09$L__BB0_33;\0A\09mov.b64 \09%rd123, %rd121;\0A\09mov.b64 \09%rd124, %rd75;\0A\09bra.uni \09$L__BB0_26;\0A$L__BB0_32:\0A\09add.s64 \09%rd124, %rd124, %rd76;\0A\09add.s64 \09%rd123, %rd123, %rd101;\0A\09setp.lt.s64 \09%p23, %rd124, %rd77;\0A\09@%p23 bra \09$L__BB0_26;\0A\09bra.uni \09$L__BB0_33;\0A$L__BB0_26:\0A\09@%p28 bra \09$L__BB0_32;\0A\09shl.b64 \09%rd93, %rd124, 9;\0A\09add.s64 \09%rd59, %rd3, %rd93;\0A\09shl.b64 \09%rd94, %rd124, 12;\0A\09add.s64 \09%rd60, %rd43, %rd94;\0A\09mov.b64 \09%rd125, %rd123;\0A\09mov.b64 \09%rd126, %rd75;\0A\09bra.uni \09$L__BB0_28;\0A$L__BB0_31:\0A\09add.s64 \09%rd126, %rd126, %rd76;\0A\09add.s64 \09%rd125, %rd125, %rd102;\0A\09setp.lt.s64 \09%p22, %rd126, %rd74;\0A\09@%p22 bra \09$L__BB0_28;\0A\09bra.uni \09$L__BB0_32;\0A$L__BB0_28:\0A\09@%p27 bra \09$L__BB0_31;\0A\09shl.b64 \09%rd95, %rd126, 2;\0A\09add.s64 \09%rd96, %rd59, %rd95;\0A\09ld.local.b32 \09%r4, [%rd96];\0A\09add.s64 \09%rd63, %rd60, %rd95;\0A\09ld.global.b32 \09%r27, [%rd63];\0A\09mov.b64 \09%rd127, %rd125;\0A\09mov.b64 \09%rd128, %rd75;\0A$L__BB0_30:\0A\09ld.global.b32 \09%r12, [%rd127];\0A\09sub.rn.f32 \09%r13, %r12, %r4;\0A\09fma.rn.f32 \09%r14, %r13, 0f3BBB989D, 0f3F000000;\0A\09cvt.sat.f32.f32 \09%r15, %r14;\0A\09mov.b32 \09%r16, 0f4B400001;\0A\09mov.b32 \09%r17, 0f437C0000;\0A\09fma.rm.f32 \09%r18, %r15, %r17, %r16;\0A\09add.rn.f32 \09%r19, %r18, 0fCB40007F;\0A\09neg.f32 \09%r20, %r19;\0A\09fma.rn.f32 \09%r21, %r13, 0f3FB8AA3B, %r20;\0A\09fma.rn.f32 \09%r22, %r13, 0f32A57060, %r21;\0A\09shl.b32 \09%r23, %r18, 23;\0A\09ex2.approx.ftz.f32 \09%r24, %r22;\0A\09mul.rn.f32 \09%r25, %r24, %r23;\0A\09add.rn.f32 \09%r27, %r27, %r25;\0A\09st.global.b32 \09[%rd63], %r27;\0A\09add.s64 \09%rd128, %rd128, %rd76;\0A\09add.s64 \09%rd127, %rd127, %rd104;\0A\09setp.lt.s64 \09%p21, %rd128, %rd79;\0A\09@%p21 bra \09$L__BB0_30;\0A\09bra.uni \09$L__BB0_31;\0A$L__BB0_34:\0A\09ret;\0A\0A}\0A">]
  gpu.binary @main_kernel_0  [#gpu.object<#nvvm.target<O = 3, chip = "sm_86", features = "+ptx76", flags = {fast, ftz}>, properties = {LLVMIRToISATimeInMs = 3 : i64, O = 3 : i32}, assembly = "//\0A// Generated by LLVM NVPTX Back-End\0A//\0A\0A.version 7.6\0A.target sm_86\0A.address_size 64\0A\0A\09// .globl\09main_kernel\0A\0A.visible .entry main_kernel(\0A\09.param .u64 main_kernel_param_0,\0A\09.param .f32 main_kernel_param_1,\0A\09.param .u64 main_kernel_param_2,\0A\09.param .u64 main_kernel_param_3,\0A\09.param .u64 main_kernel_param_4,\0A\09.param .u64 .ptr .global .align 1 main_kernel_param_5,\0A\09.param .u64 .ptr .global .align 1 main_kernel_param_6,\0A\09.param .u64 main_kernel_param_7,\0A\09.param .u64 main_kernel_param_8,\0A\09.param .u64 main_kernel_param_9,\0A\09.param .u64 main_kernel_param_10,\0A\09.param .u64 main_kernel_param_11,\0A\09.param .u64 main_kernel_param_12,\0A\09.param .u64 main_kernel_param_13,\0A\09.param .u64 main_kernel_param_14,\0A\09.param .u64 main_kernel_param_15,\0A\09.param .u64 .ptr .align 1 main_kernel_param_16,\0A\09.param .u64 .ptr .align 1 main_kernel_param_17,\0A\09.param .u64 main_kernel_param_18,\0A\09.param .u64 .ptr .align 1 main_kernel_param_19,\0A\09.param .u64 .ptr .align 1 main_kernel_param_20,\0A\09.param .u64 main_kernel_param_21,\0A\09.param .u64 main_kernel_param_22,\0A\09.param .u64 main_kernel_param_23,\0A\09.param .u64 main_kernel_param_24,\0A\09.param .u64 main_kernel_param_25,\0A\09.param .u64 .ptr .global .align 1 main_kernel_param_26,\0A\09.param .u64 .ptr .global .align 1 main_kernel_param_27,\0A\09.param .u64 main_kernel_param_28,\0A\09.param .u64 main_kernel_param_29,\0A\09.param .u64 main_kernel_param_30,\0A\09.param .u64 main_kernel_param_31,\0A\09.param .u64 main_kernel_param_32,\0A\09.param .f32 main_kernel_param_33,\0A\09.param .u64 .ptr .align 1 main_kernel_param_34,\0A\09.param .u64 .ptr .align 1 main_kernel_param_35,\0A\09.param .u64 main_kernel_param_36\0A)\0A.maxntid 1, 1, 1\0A{\0A\09.local .align 4 .b8 \09__local_depot0[4096];\0A\09.reg .b64 \09%SP;\0A\09.reg .b64 \09%SPL;\0A\09.reg .pred \09%p<26>;\0A\09.reg .b32 \09%r<55>;\0A\09.reg .b64 \09%rd<153>;\0A\0A\09mov.b64 \09%SPL, __local_depot0;\0A\09ld.param.b64 \09%rd96, [main_kernel_param_15];\0A\09ld.param.b64 \09%rd95, [main_kernel_param_14];\0A\09ld.param.b64 \09%rd93, [main_kernel_param_4];\0A\09ld.param.b64 \09%rd92, [main_kernel_param_3];\0A\09ld.param.b64 \09%rd91, [main_kernel_param_2];\0A\09ld.param.b64 \09%rd90, [main_kernel_param_0];\0A\09ld.param.b64 \09%rd98, [main_kernel_param_17];\0A\09cvta.to.global.u64 \09%rd1, %rd98;\0A\09ld.param.b64 \09%rd99, [main_kernel_param_20];\0A\09cvta.to.global.u64 \09%rd2, %rd99;\0A\09ld.param.b64 \09%rd100, [main_kernel_param_35];\0A\09cvta.to.global.u64 \09%rd3, %rd100;\0A\09mov.u32 \09%r15, %ctaid.x;\0A\09cvt.u64.u32 \09%rd101, %r15;\0A\09add.u64 \09%rd5, %SPL, 0;\0A\09setp.ge.s64 \09%p1, %rd91, %rd93;\0A\09shl.b64 \09%rd121, %rd92, 9;\0A\09shl.b64 \09%rd122, %rd92, 2;\0A\09setp.ge.s64 \09%p25, %rd91, %rd90;\0A\09@%p1 bra \09$L__BB0_5;\0A\09ld.param.b32 \09%r13, [main_kernel_param_1];\0A\09mad.lo.s64 \09%rd123, %rd91, 516, %rd5;\0A\09mov.b64 \09%rd124, %rd91;\0A\09bra.uni \09$L__BB0_2;\0A$L__BB0_4:\0A\09add.s64 \09%rd124, %rd124, %rd92;\0A\09add.s64 \09%rd123, %rd123, %rd121;\0A\09setp.lt.s64 \09%p4, %rd124, %rd93;\0A\09@%p4 bra \09$L__BB0_2;\0A\09bra.uni \09$L__BB0_5;\0A$L__BB0_2:\0A\09mov.b64 \09%rd125, %rd123;\0A\09mov.b64 \09%rd126, %rd91;\0A\09@%p25 bra \09$L__BB0_4;\0A$L__BB0_3:\0A\09st.local.b32 \09[%rd125], %r13;\0A\09add.s64 \09%rd126, %rd126, %rd92;\0A\09add.s64 \09%rd125, %rd125, %rd122;\0A\09setp.lt.s64 \09%p3, %rd126, %rd90;\0A\09@%p3 bra \09$L__BB0_3;\0A\09bra.uni \09$L__BB0_4;\0A$L__BB0_5:\0A\09ld.param.b64 \09%rd94, [main_kernel_param_6];\0A\09mul.lo.s64 \09%rd4, %rd90, %rd101;\0A\09setp.ge.s64 \09%p5, %rd91, %rd96;\0A\09shl.b64 \09%rd117, %rd95, 2;\0A\09mul.lo.s64 \09%rd118, %rd92, 6291456;\0A\09mul.lo.s64 \09%rd119, %rd92, 6144;\0A\09setp.ge.s64 \09%p24, %rd91, %rd95;\0A\09@%p5 bra \09$L__BB0_18;\0A\09mul.lo.s64 \09%rd103, %rd91, 6297608;\0A\09mad.lo.s64 \09%rd104, %rd4, 6144, %rd103;\0A\09add.s64 \09%rd127, %rd94, %rd104;\0A\09mov.b64 \09%rd128, %rd91;\0A\09bra.uni \09$L__BB0_7;\0A$L__BB0_17:\0A\09add.s64 \09%rd128, %rd128, %rd95;\0A\09add.s64 \09%rd127, %rd127, %rd117;\0A\09setp.lt.s64 \09%p12, %rd128, %rd96;\0A\09@%p12 bra \09$L__BB0_7;\0A\09bra.uni \09$L__BB0_18;\0A$L__BB0_7:\0A\09@%p1 bra \09$L__BB0_17;\0A\09mov.b64 \09%rd129, %rd127;\0A\09mov.b64 \09%rd130, %rd91;\0A\09bra.uni \09$L__BB0_9;\0A$L__BB0_16:\0A\09add.s64 \09%rd130, %rd130, %rd92;\0A\09add.s64 \09%rd129, %rd129, %rd118;\0A\09setp.lt.s64 \09%p11, %rd130, %rd93;\0A\09@%p11 bra \09$L__BB0_9;\0A\09bra.uni \09$L__BB0_17;\0A$L__BB0_9:\0A\09@%p25 bra \09$L__BB0_16;\0A\09shl.b64 \09%rd105, %rd130, 9;\0A\09add.s64 \09%rd26, %rd5, %rd105;\0A\09mov.b64 \09%rd131, %rd129;\0A\09mov.b64 \09%rd132, %rd91;\0A\09bra.uni \09$L__BB0_11;\0A$L__BB0_15:\0A\09add.s64 \09%rd132, %rd132, %rd92;\0A\09add.s64 \09%rd131, %rd131, %rd119;\0A\09setp.lt.s64 \09%p10, %rd132, %rd90;\0A\09@%p10 bra \09$L__BB0_11;\0A\09bra.uni \09$L__BB0_16;\0A$L__BB0_11:\0A\09@%p24 bra \09$L__BB0_15;\0A\09shl.b64 \09%rd106, %rd132, 2;\0A\09add.s64 \09%rd29, %rd26, %rd106;\0A\09ld.local.b32 \09%r47, [%rd29];\0A\09mov.b64 \09%rd133, %rd131;\0A\09mov.b64 \09%rd134, %rd91;\0A$L__BB0_13:\0A\09ld.global.b32 \09%r16, [%rd133];\0A\09max.f32 \09%r47, %r16, %r47;\0A\09add.s64 \09%rd134, %rd134, %rd92;\0A\09add.s64 \09%rd133, %rd133, %rd122;\0A\09setp.lt.s64 \09%p9, %rd134, %rd95;\0A\09@%p9 bra \09$L__BB0_13;\0A\09st.local.b32 \09[%rd29], %r47;\0A\09bra.uni \09$L__BB0_15;\0A$L__BB0_18:\0A\09ld.param.b32 \09%r14, [main_kernel_param_33];\0A\09ld.global.b32 \09%r51, [%rd1];\0A\09@%p1 bra \09$L__BB0_29;\0A\09ld.param.b64 \09%rd97, [main_kernel_param_27];\0A\09mad.lo.s64 \09%rd138, %rd91, 1032, %rd5;\0A\09shl.b64 \09%rd41, %rd95, 9;\0A\09shl.b64 \09%rd107, %rd4, 2;\0A\09mad.lo.s64 \09%rd108, %rd91, 8200, %rd107;\0A\09add.s64 \09%rd137, %rd2, %rd108;\0A\09shl.b64 \09%rd46, %rd95, 12;\0A\09shl.b64 \09%rd47, %rd92, 12;\0A\09add.s64 \09%rd136, %rd97, %rd108;\0A\09mul.lo.s64 \09%rd109, %rd91, 12595200;\0A\09mad.lo.s64 \09%rd110, %rd4, 6144, %rd109;\0A\09add.s64 \09%rd135, %rd94, %rd110;\0A\09mul.lo.s64 \09%rd50, %rd95, 6291456;\0A\09mul.lo.s64 \09%rd51, %rd95, 6144;\0A\09mov.b64 \09%rd139, %rd91;\0A\09bra.uni \09$L__BB0_20;\0A$L__BB0_28:\0A\09add.s64 \09%rd139, %rd139, %rd95;\0A\09add.s64 \09%rd138, %rd138, %rd41;\0A\09add.s64 \09%rd137, %rd137, %rd46;\0A\09add.s64 \09%rd136, %rd136, %rd46;\0A\09add.s64 \09%rd135, %rd135, %rd50;\0A\09setp.lt.s64 \09%p22, %rd139, %rd93;\0A\09@%p22 bra \09$L__BB0_20;\0A\09bra.uni \09$L__BB0_29;\0A$L__BB0_20:\0A\09@%p25 bra \09$L__BB0_28;\0A\09mov.b64 \09%rd140, %rd135;\0A\09mov.b64 \09%rd141, %rd136;\0A\09mov.b64 \09%rd142, %rd137;\0A\09mov.b64 \09%rd143, %rd138;\0A\09mov.b64 \09%rd144, %rd91;\0A\09bra.uni \09$L__BB0_22;\0A$L__BB0_27:\0A\09add.s64 \09%rd144, %rd144, %rd95;\0A\09add.s64 \09%rd143, %rd143, %rd117;\0A\09add.s64 \09%rd142, %rd142, %rd117;\0A\09add.s64 \09%rd141, %rd141, %rd117;\0A\09add.s64 \09%rd140, %rd140, %rd51;\0A\09setp.lt.s64 \09%p21, %rd144, %rd90;\0A\09@%p21 bra \09$L__BB0_22;\0A\09bra.uni \09$L__BB0_28;\0A$L__BB0_22:\0A\09@%p24 bra \09$L__BB0_27;\0A\09mov.b64 \09%rd145, %rd140;\0A\09mov.b64 \09%rd146, %rd141;\0A\09mov.b64 \09%rd147, %rd142;\0A\09mov.b64 \09%rd148, %rd143;\0A\09mov.b64 \09%rd149, %rd91;\0A$L__BB0_24:\0A\09mov.b64 \09%rd151, 0;\0A\09mov.b64 \09%rd150, %rd145;\0A\09mov.b64 \09%rd152, %rd91;\0A$L__BB0_25:\0A\09add.s64 \09%rd112, %rd147, %rd151;\0A\09ld.global.b32 \09%r17, [%rd112];\0A\09add.s64 \09%rd113, %rd148, %rd151;\0A\09ld.local.b32 \09%r18, [%rd113];\0A\09add.s64 \09%rd114, %rd146, %rd151;\0A\09ld.global.b32 \09%r19, [%rd114];\0A\09mul.wide.s32 \09%rd115, %r19, 4;\0A\09add.s64 \09%rd116, %rd150, %rd115;\0A\09ld.global.b32 \09%r20, [%rd116];\0A\09setp.lt.f32 \09%p16, %r17, 0f00800000;\0A\09mul.rn.f32 \09%r21, %r17, 0f4B000000;\0A\09selp.f32 \09%r22, %r21, %r17, %p16;\0A\09selp.f32 \09%r23, 0fC1B80000, 0f00000000, %p16;\0A\09add.s32 \09%r24, %r22, -1059760811;\0A\09and.b32 \09%r25, %r24, -8388608;\0A\09sub.s32 \09%r26, %r22, %r25;\0A\09cvt.rn.f32.s32 \09%r27, %r25;\0A\09fma.rn.f32 \09%r28, %r27, 0f34000000, %r23;\0A\09add.rn.f32 \09%r29, %r26, 0fBF800000;\0A\09fma.rn.f32 \09%r30, %r29, 0fBE055027, 0f3E1039F6;\0A\09fma.rn.f32 \09%r31, %r30, %r29, 0fBDF8CDCC;\0A\09fma.rn.f32 \09%r32, %r31, %r29, 0f3E0F2955;\0A\09fma.rn.f32 \09%r33, %r32, %r29, 0fBE2AD8B9;\0A\09fma.rn.f32 \09%r34, %r33, %r29, 0f3E4CED0B;\0A\09fma.rn.f32 \09%r35, %r34, %r29, 0fBE7FFF22;\0A\09fma.rn.f32 \09%r36, %r35, %r29, 0f3EAAAA78;\0A\09fma.rn.f32 \09%r37, %r36, %r29, 0fBF000000;\0A\09mul.rn.f32 \09%r38, %r29, %r37;\0A\09fma.rn.f32 \09%r39, %r38, %r29, %r29;\0A\09fma.rn.f32 \09%r40, %r28, 0f3F317218, %r39;\0A\09setp.gt.u32 \09%p17, %r22, 2139095039;\0A\09fma.rn.f32 \09%r41, %r22, 0f7F800000, 0f7F800000;\0A\09selp.f32 \09%r42, %r41, %r40, %p17;\0A\09setp.eq.f32 \09%p18, %r22, 0f00000000;\0A\09selp.f32 \09%r43, 0fFF800000, %r42, %p18;\0A\09add.rn.f32 \09%r44, %r18, %r43;\0A\09sub.rn.f32 \09%r45, %r44, %r20;\0A\09add.rn.f32 \09%r51, %r51, %r45;\0A\09add.s64 \09%rd152, %rd152, %rd92;\0A\09add.s64 \09%rd151, %rd151, %rd122;\0A\09add.s64 \09%rd150, %rd150, %rd119;\0A\09setp.lt.s64 \09%p19, %rd152, %rd95;\0A\09@%p19 bra \09$L__BB0_25;\0A\09add.s64 \09%rd149, %rd149, %rd92;\0A\09add.s64 \09%rd148, %rd148, %rd121;\0A\09add.s64 \09%rd147, %rd147, %rd47;\0A\09add.s64 \09%rd146, %rd146, %rd47;\0A\09add.s64 \09%rd145, %rd145, %rd118;\0A\09setp.lt.s64 \09%p20, %rd149, %rd95;\0A\09@%p20 bra \09$L__BB0_24;\0A\09bra.uni \09$L__BB0_27;\0A$L__BB0_29:\0A\09div.rn.f32 \09%r46, %r51, %r14;\0A\09st.global.b32 \09[%rd3], %r46;\0A\09ret;\0A\0A}\0A">]
  llvm.func @mgpuStreamCreate() -> !llvm.ptr
  llvm.func @mgpuStreamSynchronize(!llvm.ptr)
  llvm.func @mgpuStreamDestroy(!llvm.ptr)
}



module attributes {gpu.container_module} {
  llvm.func @cudaMallocAsync(!llvm.ptr, i64, !llvm.ptr) -> i32
  llvm.func @cudaMemcpyAsync(!llvm.ptr, !llvm.ptr, i64, i32, !llvm.ptr) -> i32
  llvm.func @cudaFreeAsync(!llvm.ptr, !llvm.ptr) -> i32
  llvm.func @main(%arg0: !llvm.ptr<1>, %arg1: !llvm.ptr<1>, %arg2: i64, %arg3: i64, %arg4: i64, %arg5: i64, %arg6: i64, %arg7: i64, %arg8: i64, %arg9: !llvm.ptr<1>, %arg10: !llvm.ptr<1>, %arg11: i64, %arg12: i64, %arg13: i64, %arg14: i64, %arg15: i64, %arg16: !llvm.ptr<1>, %arg17: !llvm.ptr<1>, %arg18: i64, %arg19: i64, %arg20: i64) attributes {llvm.emit_c_interface} {
    %0 = llvm.mlir.constant(8.192000e+03 : f32) : f32
    %1 = llvm.mlir.constant(0 : index) : i64
    %2 = llvm.mlir.constant(1536 : index) : i64
    %3 = llvm.mlir.constant(4 : index) : i64
    %4 = llvm.mlir.constant(8 : index) : i64
    %5 = llvm.mlir.constant(128 : index) : i64
    %6 = llvm.mlir.constant(-3.40282347E+38 : f32) : f32
    %7 = llvm.mlir.constant(0.000000e+00 : f32) : f32
    %8 = llvm.mlir.constant(0xFF800000 : f32) : f32
    %9 = llvm.mlir.constant(1 : index) : i64
    %10 = llvm.mlir.constant(4 : i64) : i64
    %11 = llvm.mlir.constant(8 : i64) : i64
    %12 = llvm.mlir.constant(1024 : i64) : i64
    %13 = llvm.mlir.constant(1 : i32) : i32
    %14 = llvm.mlir.constant(0 : i64) : i64
    %15 = llvm.mlir.constant(1 : i64) : i64
    %16 = llvm.mlir.constant(3 : i32) : i32
    %17 = llvm.call @mgpuStreamCreate() : () -> !llvm.ptr
    %18 = llvm.mul %10, %11 : i64
    %19 = llvm.mul %18, %12 : i64
    %20 = llvm.alloca %13 x !llvm.ptr {alignment = 8 : i64} : (i32) -> !llvm.ptr
    %21 = llvm.call @cudaMallocAsync(%20, %19, %17) : (!llvm.ptr, i64, !llvm.ptr) -> i32
    %22 = llvm.load %20 : !llvm.ptr -> !llvm.ptr
    %23 = llvm.mul %15, %12 : i64
    gpu.launch_func <%17 : !llvm.ptr> @main_kernel::@main_kernel blocks in (%4, %9, %9) threads in (%9, %9, %9) : i64 args(%5 : i64, %22 : !llvm.ptr, %22 : !llvm.ptr, %14 : i64, %11 : i64, %12 : i64, %23 : i64, %15 : i64, %6 : f32, %1 : i64, %9 : i64, %4 : i64, %arg0 : !llvm.ptr<1>, %arg1 : !llvm.ptr<1>, %arg2 : i64, %arg3 : i64, %arg4 : i64, %arg5 : i64, %arg6 : i64, %arg7 : i64, %arg8 : i64, %3 : i64, %2 : i64, %7 : f32)
    %24 = llvm.alloca %13 x !llvm.ptr {alignment = 8 : i64} : (i32) -> !llvm.ptr
    %25 = llvm.call @cudaMallocAsync(%24, %10, %17) : (!llvm.ptr, i64, !llvm.ptr) -> i32
    %26 = llvm.load %24 : !llvm.ptr -> !llvm.ptr
    %27 = llvm.alloca %13 x !llvm.ptr {alignment = 8 : i64} : (i32) -> !llvm.ptr
    %28 = llvm.call @cudaMallocAsync(%27, %10, %17) : (!llvm.ptr, i64, !llvm.ptr) -> i32
    %29 = llvm.load %27 : !llvm.ptr -> !llvm.ptr
    llvm.call @mgpuStreamSynchronize(%17) : (!llvm.ptr) -> ()
    llvm.call @mgpuStreamDestroy(%17) : (!llvm.ptr) -> ()
    llvm.store %7, %29 : f32, !llvm.ptr
    %30 = llvm.call @mgpuStreamCreate() : () -> !llvm.ptr
    gpu.launch_func <%30 : !llvm.ptr> @main_kernel_0::@main_kernel blocks in (%4, %9, %9) threads in (%9, %9, %9) : i64 args(%5 : i64, %8 : f32, %1 : i64, %9 : i64, %4 : i64, %arg0 : !llvm.ptr<1>, %arg1 : !llvm.ptr<1>, %arg2 : i64, %arg3 : i64, %arg4 : i64, %arg5 : i64, %arg6 : i64, %arg7 : i64, %arg8 : i64, %3 : i64, %2 : i64, %29 : !llvm.ptr, %29 : !llvm.ptr, %14 : i64, %22 : !llvm.ptr, %22 : !llvm.ptr, %14 : i64, %11 : i64, %12 : i64, %23 : i64, %15 : i64, %arg9 : !llvm.ptr<1>, %arg10 : !llvm.ptr<1>, %arg11 : i64, %arg12 : i64, %arg13 : i64, %arg14 : i64, %arg15 : i64, %0 : f32, %26 : !llvm.ptr, %26 : !llvm.ptr, %14 : i64)
    %31 = llvm.addrspacecast %arg17 : !llvm.ptr<1> to !llvm.ptr
    %32 = llvm.mul %10, %15 : i64
    %33 = llvm.call @cudaMemcpyAsync(%31, %26, %32, %16, %30) : (!llvm.ptr, !llvm.ptr, i64, i32, !llvm.ptr) -> i32
    %34 = llvm.call @cudaFreeAsync(%22, %30) : (!llvm.ptr, !llvm.ptr) -> i32
    %35 = llvm.call @cudaFreeAsync(%26, %30) : (!llvm.ptr, !llvm.ptr) -> i32
    %36 = llvm.call @cudaFreeAsync(%29, %30) : (!llvm.ptr, !llvm.ptr) -> i32
    llvm.call @mgpuStreamSynchronize(%30) : (!llvm.ptr) -> ()
    llvm.call @mgpuStreamDestroy(%30) : (!llvm.ptr) -> ()
    llvm.return
  }
  llvm.func @_mlir_ciface_main(%arg0: !llvm.ptr, %arg1: !llvm.ptr, %arg2: !llvm.ptr {bufferization.writable = true}) attributes {llvm.emit_c_interface} {
    %0 = llvm.load %arg0 : !llvm.ptr -> !llvm.struct<(ptr<1>, ptr<1>, i64, array<3 x i64>, array<3 x i64>)>
    %1 = llvm.extractvalue %0[0] : !llvm.struct<(ptr<1>, ptr<1>, i64, array<3 x i64>, array<3 x i64>)> 
    %2 = llvm.extractvalue %0[1] : !llvm.struct<(ptr<1>, ptr<1>, i64, array<3 x i64>, array<3 x i64>)> 
    %3 = llvm.extractvalue %0[2] : !llvm.struct<(ptr<1>, ptr<1>, i64, array<3 x i64>, array<3 x i64>)> 
    %4 = llvm.extractvalue %0[3, 0] : !llvm.struct<(ptr<1>, ptr<1>, i64, array<3 x i64>, array<3 x i64>)> 
    %5 = llvm.extractvalue %0[3, 1] : !llvm.struct<(ptr<1>, ptr<1>, i64, array<3 x i64>, array<3 x i64>)> 
    %6 = llvm.extractvalue %0[3, 2] : !llvm.struct<(ptr<1>, ptr<1>, i64, array<3 x i64>, array<3 x i64>)> 
    %7 = llvm.extractvalue %0[4, 0] : !llvm.struct<(ptr<1>, ptr<1>, i64, array<3 x i64>, array<3 x i64>)> 
    %8 = llvm.extractvalue %0[4, 1] : !llvm.struct<(ptr<1>, ptr<1>, i64, array<3 x i64>, array<3 x i64>)> 
    %9 = llvm.extractvalue %0[4, 2] : !llvm.struct<(ptr<1>, ptr<1>, i64, array<3 x i64>, array<3 x i64>)> 
    %10 = llvm.load %arg1 : !llvm.ptr -> !llvm.struct<(ptr<1>, ptr<1>, i64, array<2 x i64>, array<2 x i64>)>
    %11 = llvm.extractvalue %10[0] : !llvm.struct<(ptr<1>, ptr<1>, i64, array<2 x i64>, array<2 x i64>)> 
    %12 = llvm.extractvalue %10[1] : !llvm.struct<(ptr<1>, ptr<1>, i64, array<2 x i64>, array<2 x i64>)> 
    %13 = llvm.extractvalue %10[2] : !llvm.struct<(ptr<1>, ptr<1>, i64, array<2 x i64>, array<2 x i64>)> 
    %14 = llvm.extractvalue %10[3, 0] : !llvm.struct<(ptr<1>, ptr<1>, i64, array<2 x i64>, array<2 x i64>)> 
    %15 = llvm.extractvalue %10[3, 1] : !llvm.struct<(ptr<1>, ptr<1>, i64, array<2 x i64>, array<2 x i64>)> 
    %16 = llvm.extractvalue %10[4, 0] : !llvm.struct<(ptr<1>, ptr<1>, i64, array<2 x i64>, array<2 x i64>)> 
    %17 = llvm.extractvalue %10[4, 1] : !llvm.struct<(ptr<1>, ptr<1>, i64, array<2 x i64>, array<2 x i64>)> 
    %18 = llvm.load %arg2 : !llvm.ptr -> !llvm.struct<(ptr<1>, ptr<1>, i64, array<1 x i64>, array<1 x i64>)>
    %19 = llvm.extractvalue %18[0] : !llvm.struct<(ptr<1>, ptr<1>, i64, array<1 x i64>, array<1 x i64>)> 
    %20 = llvm.extractvalue %18[1] : !llvm.struct<(ptr<1>, ptr<1>, i64, array<1 x i64>, array<1 x i64>)> 
    %21 = llvm.extractvalue %18[2] : !llvm.struct<(ptr<1>, ptr<1>, i64, array<1 x i64>, array<1 x i64>)> 
    %22 = llvm.extractvalue %18[3, 0] : !llvm.struct<(ptr<1>, ptr<1>, i64, array<1 x i64>, array<1 x i64>)> 
    %23 = llvm.extractvalue %18[4, 0] : !llvm.struct<(ptr<1>, ptr<1>, i64, array<1 x i64>, array<1 x i64>)> 
    llvm.call @main(%1, %2, %3, %4, %5, %6, %7, %8, %9, %11, %12, %13, %14, %15, %16, %17, %19, %20, %21, %22, %23) : (!llvm.ptr<1>, !llvm.ptr<1>, i64, i64, i64, i64, i64, i64, i64, !llvm.ptr<1>, !llvm.ptr<1>, i64, i64, i64, i64, i64, !llvm.ptr<1>, !llvm.ptr<1>, i64, i64, i64) -> ()
    llvm.return
  }
  gpu.binary @main_kernel  [#gpu.object<#nvvm.target<O = 3, chip = "sm_86", features = "+ptx76", flags = {fast, ftz}>, properties = {LLVMIRToISATimeInMs = 4 : i64, O = 3 : i32}, assembly = "//\0A// Generated by LLVM NVPTX Back-End\0A//\0A\0A.version 7.6\0A.target sm_86\0A.address_size 64\0A\0A\09// .globl\09main_kernel\0A\0A.visible .entry main_kernel(\0A\09.param .u64 main_kernel_param_0,\0A\09.param .u64 .ptr .align 1 main_kernel_param_1,\0A\09.param .u64 .ptr .align 1 main_kernel_param_2,\0A\09.param .u64 main_kernel_param_3,\0A\09.param .u64 main_kernel_param_4,\0A\09.param .u64 main_kernel_param_5,\0A\09.param .u64 main_kernel_param_6,\0A\09.param .u64 main_kernel_param_7,\0A\09.param .f32 main_kernel_param_8,\0A\09.param .u64 main_kernel_param_9,\0A\09.param .u64 main_kernel_param_10,\0A\09.param .u64 main_kernel_param_11,\0A\09.param .u64 .ptr .global .align 1 main_kernel_param_12,\0A\09.param .u64 .ptr .global .align 1 main_kernel_param_13,\0A\09.param .u64 main_kernel_param_14,\0A\09.param .u64 main_kernel_param_15,\0A\09.param .u64 main_kernel_param_16,\0A\09.param .u64 main_kernel_param_17,\0A\09.param .u64 main_kernel_param_18,\0A\09.param .u64 main_kernel_param_19,\0A\09.param .u64 main_kernel_param_20,\0A\09.param .u64 main_kernel_param_21,\0A\09.param .u64 main_kernel_param_22,\0A\09.param .f32 main_kernel_param_23\0A)\0A.maxntid 1, 1, 1\0A{\0A\09.local .align 4 .b8 \09__local_depot0[4096];\0A\09.reg .b64 \09%SP;\0A\09.reg .b64 \09%SPL;\0A\09.reg .pred \09%p<29>;\0A\09.reg .b32 \09%r<28>;\0A\09.reg .b64 \09%rd<129>;\0A\0A\09mov.b64 \09%SPL, __local_depot0;\0A\09ld.param.b64 \09%rd80, [main_kernel_param_22];\0A\09ld.param.b64 \09%rd79, [main_kernel_param_21];\0A\09ld.param.b64 \09%rd77, [main_kernel_param_11];\0A\09ld.param.b64 \09%rd76, [main_kernel_param_10];\0A\09ld.param.b64 \09%rd75, [main_kernel_param_9];\0A\09ld.param.b64 \09%rd74, [main_kernel_param_0];\0A\09ld.param.b64 \09%rd81, [main_kernel_param_2];\0A\09cvta.to.global.u64 \09%rd1, %rd81;\0A\09mov.u32 \09%r10, %ctaid.x;\0A\09cvt.u64.u32 \09%rd82, %r10;\0A\09add.u64 \09%rd3, %SPL, 0;\0A\09setp.ge.s64 \09%p1, %rd75, %rd77;\0A\09shl.b64 \09%rd104, %rd76, 2;\0A\09setp.ge.s64 \09%p28, %rd75, %rd74;\0A\09@%p1 bra \09$L__BB0_5;\0A\09ld.param.b32 \09%r8, [main_kernel_param_8];\0A\09mad.lo.s64 \09%rd105, %rd75, 516, %rd3;\0A\09shl.b64 \09%rd5, %rd76, 9;\0A\09mov.b64 \09%rd106, %rd75;\0A\09bra.uni \09$L__BB0_2;\0A$L__BB0_4:\0A\09add.s64 \09%rd106, %rd106, %rd76;\0A\09add.s64 \09%rd105, %rd105, %rd5;\0A\09setp.lt.s64 \09%p4, %rd106, %rd77;\0A\09@%p4 bra \09$L__BB0_2;\0A\09bra.uni \09$L__BB0_5;\0A$L__BB0_2:\0A\09mov.b64 \09%rd107, %rd105;\0A\09mov.b64 \09%rd108, %rd75;\0A\09@%p28 bra \09$L__BB0_4;\0A$L__BB0_3:\0A\09st.local.b32 \09[%rd107], %r8;\0A\09add.s64 \09%rd108, %rd108, %rd76;\0A\09add.s64 \09%rd107, %rd107, %rd104;\0A\09setp.lt.s64 \09%p3, %rd108, %rd74;\0A\09@%p3 bra \09$L__BB0_3;\0A\09bra.uni \09$L__BB0_4;\0A$L__BB0_5:\0A\09ld.param.b64 \09%rd78, [main_kernel_param_13];\0A\09mul.lo.s64 \09%rd2, %rd74, %rd82;\0A\09setp.ge.s64 \09%p5, %rd75, %rd80;\0A\09mul.lo.s64 \09%rd99, %rd75, 6297608;\0A\09shl.b64 \09%rd100, %rd79, 2;\0A\09mul.lo.s64 \09%rd101, %rd76, 6291456;\0A\09mul.lo.s64 \09%rd102, %rd76, 6144;\0A\09setp.ge.s64 \09%p27, %rd75, %rd79;\0A\09@%p5 bra \09$L__BB0_17;\0A\09mad.lo.s64 \09%rd85, %rd2, 6144, %rd99;\0A\09add.s64 \09%rd109, %rd78, %rd85;\0A\09mov.b64 \09%rd110, %rd75;\0A\09bra.uni \09$L__BB0_7;\0A$L__BB0_16:\0A\09add.s64 \09%rd110, %rd110, %rd79;\0A\09add.s64 \09%rd109, %rd109, %rd100;\0A\09setp.lt.s64 \09%p12, %rd110, %rd80;\0A\09@%p12 bra \09$L__BB0_7;\0A\09bra.uni \09$L__BB0_17;\0A$L__BB0_7:\0A\09mov.b64 \09%rd111, %rd109;\0A\09mov.b64 \09%rd112, %rd75;\0A\09@%p1 bra \09$L__BB0_16;\0A\09bra.uni \09$L__BB0_8;\0A$L__BB0_15:\0A\09add.s64 \09%rd112, %rd112, %rd76;\0A\09add.s64 \09%rd111, %rd111, %rd101;\0A\09setp.lt.s64 \09%p11, %rd112, %rd77;\0A\09@%p11 bra \09$L__BB0_8;\0A\09bra.uni \09$L__BB0_16;\0A$L__BB0_8:\0A\09@%p28 bra \09$L__BB0_15;\0A\09shl.b64 \09%rd86, %rd112, 9;\0A\09add.s64 \09%rd27, %rd3, %rd86;\0A\09mov.b64 \09%rd113, %rd111;\0A\09mov.b64 \09%rd114, %rd75;\0A\09bra.uni \09$L__BB0_10;\0A$L__BB0_14:\0A\09add.s64 \09%rd114, %rd114, %rd76;\0A\09add.s64 \09%rd113, %rd113, %rd102;\0A\09setp.lt.s64 \09%p10, %rd114, %rd74;\0A\09@%p10 bra \09$L__BB0_10;\0A\09bra.uni \09$L__BB0_15;\0A$L__BB0_10:\0A\09@%p27 bra \09$L__BB0_14;\0A\09shl.b64 \09%rd87, %rd114, 2;\0A\09add.s64 \09%rd30, %rd27, %rd87;\0A\09ld.local.b32 \09%r26, [%rd30];\0A\09mov.b64 \09%rd115, %rd113;\0A\09mov.b64 \09%rd116, %rd75;\0A$L__BB0_12:\0A\09ld.global.b32 \09%r11, [%rd115];\0A\09max.NaN.f32 \09%r26, %r11, %r26;\0A\09add.s64 \09%rd116, %rd116, %rd76;\0A\09add.s64 \09%rd115, %rd115, %rd104;\0A\09setp.lt.s64 \09%p9, %rd116, %rd79;\0A\09@%p9 bra \09$L__BB0_12;\0A\09st.local.b32 \09[%rd30], %r26;\0A\09bra.uni \09$L__BB0_14;\0A$L__BB0_17:\0A\09shl.b64 \09%rd97, %rd2, 2;\0A\09@%p1 bra \09$L__BB0_22;\0A\09ld.param.b32 \09%r9, [main_kernel_param_23];\0A\09mad.lo.s64 \09%rd89, %rd75, 4100, %rd97;\0A\09add.s64 \09%rd117, %rd1, %rd89;\0A\09shl.b64 \09%rd23, %rd76, 12;\0A\09mov.b64 \09%rd118, %rd75;\0A\09bra.uni \09$L__BB0_19;\0A$L__BB0_21:\0A\09add.s64 \09%rd118, %rd118, %rd76;\0A\09add.s64 \09%rd117, %rd117, %rd23;\0A\09setp.lt.s64 \09%p16, %rd118, %rd77;\0A\09@%p16 bra \09$L__BB0_19;\0A\09bra.uni \09$L__BB0_22;\0A$L__BB0_19:\0A\09mov.b64 \09%rd119, %rd117;\0A\09mov.b64 \09%rd120, %rd75;\0A\09@%p28 bra \09$L__BB0_21;\0A$L__BB0_20:\0A\09st.global.b32 \09[%rd119], %r9;\0A\09add.s64 \09%rd120, %rd120, %rd76;\0A\09add.s64 \09%rd119, %rd119, %rd104;\0A\09setp.lt.s64 \09%p15, %rd120, %rd74;\0A\09@%p15 bra \09$L__BB0_20;\0A\09bra.uni \09$L__BB0_21;\0A$L__BB0_22:\0A\09@%p5 bra \09$L__BB0_34;\0A\09add.s64 \09%rd43, %rd1, %rd97;\0A\09mad.lo.s64 \09%rd92, %rd2, 6144, %rd99;\0A\09add.s64 \09%rd121, %rd78, %rd92;\0A\09mov.b64 \09%rd122, %rd75;\0A\09bra.uni \09$L__BB0_24;\0A$L__BB0_33:\0A\09add.s64 \09%rd122, %rd122, %rd79;\0A\09add.s64 \09%rd121, %rd121, %rd100;\0A\09setp.lt.s64 \09%p24, %rd122, %rd80;\0A\09@%p24 bra \09$L__BB0_24;\0A\09bra.uni \09$L__BB0_34;\0A$L__BB0_24:\0A\09@%p1 bra \09$L__BB0_33;\0A\09mov.b64 \09%rd123, %rd121;\0A\09mov.b64 \09%rd124, %rd75;\0A\09bra.uni \09$L__BB0_26;\0A$L__BB0_32:\0A\09add.s64 \09%rd124, %rd124, %rd76;\0A\09add.s64 \09%rd123, %rd123, %rd101;\0A\09setp.lt.s64 \09%p23, %rd124, %rd77;\0A\09@%p23 bra \09$L__BB0_26;\0A\09bra.uni \09$L__BB0_33;\0A$L__BB0_26:\0A\09@%p28 bra \09$L__BB0_32;\0A\09shl.b64 \09%rd93, %rd124, 9;\0A\09add.s64 \09%rd59, %rd3, %rd93;\0A\09shl.b64 \09%rd94, %rd124, 12;\0A\09add.s64 \09%rd60, %rd43, %rd94;\0A\09mov.b64 \09%rd125, %rd123;\0A\09mov.b64 \09%rd126, %rd75;\0A\09bra.uni \09$L__BB0_28;\0A$L__BB0_31:\0A\09add.s64 \09%rd126, %rd126, %rd76;\0A\09add.s64 \09%rd125, %rd125, %rd102;\0A\09setp.lt.s64 \09%p22, %rd126, %rd74;\0A\09@%p22 bra \09$L__BB0_28;\0A\09bra.uni \09$L__BB0_32;\0A$L__BB0_28:\0A\09@%p27 bra \09$L__BB0_31;\0A\09shl.b64 \09%rd95, %rd126, 2;\0A\09add.s64 \09%rd96, %rd59, %rd95;\0A\09ld.local.b32 \09%r4, [%rd96];\0A\09add.s64 \09%rd63, %rd60, %rd95;\0A\09ld.global.b32 \09%r27, [%rd63];\0A\09mov.b64 \09%rd127, %rd125;\0A\09mov.b64 \09%rd128, %rd75;\0A$L__BB0_30:\0A\09ld.global.b32 \09%r12, [%rd127];\0A\09sub.rn.f32 \09%r13, %r12, %r4;\0A\09fma.rn.f32 \09%r14, %r13, 0f3BBB989D, 0f3F000000;\0A\09cvt.sat.f32.f32 \09%r15, %r14;\0A\09mov.b32 \09%r16, 0f4B400001;\0A\09mov.b32 \09%r17, 0f437C0000;\0A\09fma.rm.f32 \09%r18, %r15, %r17, %r16;\0A\09add.rn.f32 \09%r19, %r18, 0fCB40007F;\0A\09neg.f32 \09%r20, %r19;\0A\09fma.rn.f32 \09%r21, %r13, 0f3FB8AA3B, %r20;\0A\09fma.rn.f32 \09%r22, %r13, 0f32A57060, %r21;\0A\09shl.b32 \09%r23, %r18, 23;\0A\09ex2.approx.ftz.f32 \09%r24, %r22;\0A\09mul.rn.f32 \09%r25, %r24, %r23;\0A\09add.rn.f32 \09%r27, %r27, %r25;\0A\09st.global.b32 \09[%rd63], %r27;\0A\09add.s64 \09%rd128, %rd128, %rd76;\0A\09add.s64 \09%rd127, %rd127, %rd104;\0A\09setp.lt.s64 \09%p21, %rd128, %rd79;\0A\09@%p21 bra \09$L__BB0_30;\0A\09bra.uni \09$L__BB0_31;\0A$L__BB0_34:\0A\09ret;\0A\0A}\0A">]
  gpu.binary @main_kernel_0  [#gpu.object<#nvvm.target<O = 3, chip = "sm_86", features = "+ptx76", flags = {fast, ftz}>, properties = {LLVMIRToISATimeInMs = 3 : i64, O = 3 : i32}, assembly = "//\0A// Generated by LLVM NVPTX Back-End\0A//\0A\0A.version 7.6\0A.target sm_86\0A.address_size 64\0A\0A\09// .globl\09main_kernel\0A\0A.visible .entry main_kernel(\0A\09.param .u64 main_kernel_param_0,\0A\09.param .f32 main_kernel_param_1,\0A\09.param .u64 main_kernel_param_2,\0A\09.param .u64 main_kernel_param_3,\0A\09.param .u64 main_kernel_param_4,\0A\09.param .u64 .ptr .global .align 1 main_kernel_param_5,\0A\09.param .u64 .ptr .global .align 1 main_kernel_param_6,\0A\09.param .u64 main_kernel_param_7,\0A\09.param .u64 main_kernel_param_8,\0A\09.param .u64 main_kernel_param_9,\0A\09.param .u64 main_kernel_param_10,\0A\09.param .u64 main_kernel_param_11,\0A\09.param .u64 main_kernel_param_12,\0A\09.param .u64 main_kernel_param_13,\0A\09.param .u64 main_kernel_param_14,\0A\09.param .u64 main_kernel_param_15,\0A\09.param .u64 .ptr .align 1 main_kernel_param_16,\0A\09.param .u64 .ptr .align 1 main_kernel_param_17,\0A\09.param .u64 main_kernel_param_18,\0A\09.param .u64 .ptr .align 1 main_kernel_param_19,\0A\09.param .u64 .ptr .align 1 main_kernel_param_20,\0A\09.param .u64 main_kernel_param_21,\0A\09.param .u64 main_kernel_param_22,\0A\09.param .u64 main_kernel_param_23,\0A\09.param .u64 main_kernel_param_24,\0A\09.param .u64 main_kernel_param_25,\0A\09.param .u64 .ptr .global .align 1 main_kernel_param_26,\0A\09.param .u64 .ptr .global .align 1 main_kernel_param_27,\0A\09.param .u64 main_kernel_param_28,\0A\09.param .u64 main_kernel_param_29,\0A\09.param .u64 main_kernel_param_30,\0A\09.param .u64 main_kernel_param_31,\0A\09.param .u64 main_kernel_param_32,\0A\09.param .f32 main_kernel_param_33,\0A\09.param .u64 .ptr .align 1 main_kernel_param_34,\0A\09.param .u64 .ptr .align 1 main_kernel_param_35,\0A\09.param .u64 main_kernel_param_36\0A)\0A.maxntid 1, 1, 1\0A{\0A\09.local .align 4 .b8 \09__local_depot0[4096];\0A\09.reg .b64 \09%SP;\0A\09.reg .b64 \09%SPL;\0A\09.reg .pred \09%p<26>;\0A\09.reg .b32 \09%r<55>;\0A\09.reg .b64 \09%rd<153>;\0A\0A\09mov.b64 \09%SPL, __local_depot0;\0A\09ld.param.b64 \09%rd96, [main_kernel_param_15];\0A\09ld.param.b64 \09%rd95, [main_kernel_param_14];\0A\09ld.param.b64 \09%rd93, [main_kernel_param_4];\0A\09ld.param.b64 \09%rd92, [main_kernel_param_3];\0A\09ld.param.b64 \09%rd91, [main_kernel_param_2];\0A\09ld.param.b64 \09%rd90, [main_kernel_param_0];\0A\09ld.param.b64 \09%rd98, [main_kernel_param_17];\0A\09cvta.to.global.u64 \09%rd1, %rd98;\0A\09ld.param.b64 \09%rd99, [main_kernel_param_20];\0A\09cvta.to.global.u64 \09%rd2, %rd99;\0A\09ld.param.b64 \09%rd100, [main_kernel_param_35];\0A\09cvta.to.global.u64 \09%rd3, %rd100;\0A\09mov.u32 \09%r15, %ctaid.x;\0A\09cvt.u64.u32 \09%rd101, %r15;\0A\09add.u64 \09%rd5, %SPL, 0;\0A\09setp.ge.s64 \09%p1, %rd91, %rd93;\0A\09shl.b64 \09%rd121, %rd92, 9;\0A\09shl.b64 \09%rd122, %rd92, 2;\0A\09setp.ge.s64 \09%p25, %rd91, %rd90;\0A\09@%p1 bra \09$L__BB0_5;\0A\09ld.param.b32 \09%r13, [main_kernel_param_1];\0A\09mad.lo.s64 \09%rd123, %rd91, 516, %rd5;\0A\09mov.b64 \09%rd124, %rd91;\0A\09bra.uni \09$L__BB0_2;\0A$L__BB0_4:\0A\09add.s64 \09%rd124, %rd124, %rd92;\0A\09add.s64 \09%rd123, %rd123, %rd121;\0A\09setp.lt.s64 \09%p4, %rd124, %rd93;\0A\09@%p4 bra \09$L__BB0_2;\0A\09bra.uni \09$L__BB0_5;\0A$L__BB0_2:\0A\09mov.b64 \09%rd125, %rd123;\0A\09mov.b64 \09%rd126, %rd91;\0A\09@%p25 bra \09$L__BB0_4;\0A$L__BB0_3:\0A\09st.local.b32 \09[%rd125], %r13;\0A\09add.s64 \09%rd126, %rd126, %rd92;\0A\09add.s64 \09%rd125, %rd125, %rd122;\0A\09setp.lt.s64 \09%p3, %rd126, %rd90;\0A\09@%p3 bra \09$L__BB0_3;\0A\09bra.uni \09$L__BB0_4;\0A$L__BB0_5:\0A\09ld.param.b64 \09%rd94, [main_kernel_param_6];\0A\09mul.lo.s64 \09%rd4, %rd90, %rd101;\0A\09setp.ge.s64 \09%p5, %rd91, %rd96;\0A\09shl.b64 \09%rd117, %rd95, 2;\0A\09mul.lo.s64 \09%rd118, %rd92, 6291456;\0A\09mul.lo.s64 \09%rd119, %rd92, 6144;\0A\09setp.ge.s64 \09%p24, %rd91, %rd95;\0A\09@%p5 bra \09$L__BB0_18;\0A\09mul.lo.s64 \09%rd103, %rd91, 6297608;\0A\09mad.lo.s64 \09%rd104, %rd4, 6144, %rd103;\0A\09add.s64 \09%rd127, %rd94, %rd104;\0A\09mov.b64 \09%rd128, %rd91;\0A\09bra.uni \09$L__BB0_7;\0A$L__BB0_17:\0A\09add.s64 \09%rd128, %rd128, %rd95;\0A\09add.s64 \09%rd127, %rd127, %rd117;\0A\09setp.lt.s64 \09%p12, %rd128, %rd96;\0A\09@%p12 bra \09$L__BB0_7;\0A\09bra.uni \09$L__BB0_18;\0A$L__BB0_7:\0A\09@%p1 bra \09$L__BB0_17;\0A\09mov.b64 \09%rd129, %rd127;\0A\09mov.b64 \09%rd130, %rd91;\0A\09bra.uni \09$L__BB0_9;\0A$L__BB0_16:\0A\09add.s64 \09%rd130, %rd130, %rd92;\0A\09add.s64 \09%rd129, %rd129, %rd118;\0A\09setp.lt.s64 \09%p11, %rd130, %rd93;\0A\09@%p11 bra \09$L__BB0_9;\0A\09bra.uni \09$L__BB0_17;\0A$L__BB0_9:\0A\09@%p25 bra \09$L__BB0_16;\0A\09shl.b64 \09%rd105, %rd130, 9;\0A\09add.s64 \09%rd26, %rd5, %rd105;\0A\09mov.b64 \09%rd131, %rd129;\0A\09mov.b64 \09%rd132, %rd91;\0A\09bra.uni \09$L__BB0_11;\0A$L__BB0_15:\0A\09add.s64 \09%rd132, %rd132, %rd92;\0A\09add.s64 \09%rd131, %rd131, %rd119;\0A\09setp.lt.s64 \09%p10, %rd132, %rd90;\0A\09@%p10 bra \09$L__BB0_11;\0A\09bra.uni \09$L__BB0_16;\0A$L__BB0_11:\0A\09@%p24 bra \09$L__BB0_15;\0A\09shl.b64 \09%rd106, %rd132, 2;\0A\09add.s64 \09%rd29, %rd26, %rd106;\0A\09ld.local.b32 \09%r47, [%rd29];\0A\09mov.b64 \09%rd133, %rd131;\0A\09mov.b64 \09%rd134, %rd91;\0A$L__BB0_13:\0A\09ld.global.b32 \09%r16, [%rd133];\0A\09max.f32 \09%r47, %r16, %r47;\0A\09add.s64 \09%rd134, %rd134, %rd92;\0A\09add.s64 \09%rd133, %rd133, %rd122;\0A\09setp.lt.s64 \09%p9, %rd134, %rd95;\0A\09@%p9 bra \09$L__BB0_13;\0A\09st.local.b32 \09[%rd29], %r47;\0A\09bra.uni \09$L__BB0_15;\0A$L__BB0_18:\0A\09ld.param.b32 \09%r14, [main_kernel_param_33];\0A\09ld.global.b32 \09%r51, [%rd1];\0A\09@%p1 bra \09$L__BB0_29;\0A\09ld.param.b64 \09%rd97, [main_kernel_param_27];\0A\09mad.lo.s64 \09%rd138, %rd91, 1032, %rd5;\0A\09shl.b64 \09%rd41, %rd95, 9;\0A\09shl.b64 \09%rd107, %rd4, 2;\0A\09mad.lo.s64 \09%rd108, %rd91, 8200, %rd107;\0A\09add.s64 \09%rd137, %rd2, %rd108;\0A\09shl.b64 \09%rd46, %rd95, 12;\0A\09shl.b64 \09%rd47, %rd92, 12;\0A\09add.s64 \09%rd136, %rd97, %rd108;\0A\09mul.lo.s64 \09%rd109, %rd91, 12595200;\0A\09mad.lo.s64 \09%rd110, %rd4, 6144, %rd109;\0A\09add.s64 \09%rd135, %rd94, %rd110;\0A\09mul.lo.s64 \09%rd50, %rd95, 6291456;\0A\09mul.lo.s64 \09%rd51, %rd95, 6144;\0A\09mov.b64 \09%rd139, %rd91;\0A\09bra.uni \09$L__BB0_20;\0A$L__BB0_28:\0A\09add.s64 \09%rd139, %rd139, %rd95;\0A\09add.s64 \09%rd138, %rd138, %rd41;\0A\09add.s64 \09%rd137, %rd137, %rd46;\0A\09add.s64 \09%rd136, %rd136, %rd46;\0A\09add.s64 \09%rd135, %rd135, %rd50;\0A\09setp.lt.s64 \09%p22, %rd139, %rd93;\0A\09@%p22 bra \09$L__BB0_20;\0A\09bra.uni \09$L__BB0_29;\0A$L__BB0_20:\0A\09@%p25 bra \09$L__BB0_28;\0A\09mov.b64 \09%rd140, %rd135;\0A\09mov.b64 \09%rd141, %rd136;\0A\09mov.b64 \09%rd142, %rd137;\0A\09mov.b64 \09%rd143, %rd138;\0A\09mov.b64 \09%rd144, %rd91;\0A\09bra.uni \09$L__BB0_22;\0A$L__BB0_27:\0A\09add.s64 \09%rd144, %rd144, %rd95;\0A\09add.s64 \09%rd143, %rd143, %rd117;\0A\09add.s64 \09%rd142, %rd142, %rd117;\0A\09add.s64 \09%rd141, %rd141, %rd117;\0A\09add.s64 \09%rd140, %rd140, %rd51;\0A\09setp.lt.s64 \09%p21, %rd144, %rd90;\0A\09@%p21 bra \09$L__BB0_22;\0A\09bra.uni \09$L__BB0_28;\0A$L__BB0_22:\0A\09@%p24 bra \09$L__BB0_27;\0A\09mov.b64 \09%rd145, %rd140;\0A\09mov.b64 \09%rd146, %rd141;\0A\09mov.b64 \09%rd147, %rd142;\0A\09mov.b64 \09%rd148, %rd143;\0A\09mov.b64 \09%rd149, %rd91;\0A$L__BB0_24:\0A\09mov.b64 \09%rd151, 0;\0A\09mov.b64 \09%rd150, %rd145;\0A\09mov.b64 \09%rd152, %rd91;\0A$L__BB0_25:\0A\09add.s64 \09%rd112, %rd147, %rd151;\0A\09ld.global.b32 \09%r17, [%rd112];\0A\09add.s64 \09%rd113, %rd148, %rd151;\0A\09ld.local.b32 \09%r18, [%rd113];\0A\09add.s64 \09%rd114, %rd146, %rd151;\0A\09ld.global.b32 \09%r19, [%rd114];\0A\09mul.wide.s32 \09%rd115, %r19, 4;\0A\09add.s64 \09%rd116, %rd150, %rd115;\0A\09ld.global.b32 \09%r20, [%rd116];\0A\09setp.lt.f32 \09%p16, %r17, 0f00800000;\0A\09mul.rn.f32 \09%r21, %r17, 0f4B000000;\0A\09selp.f32 \09%r22, %r21, %r17, %p16;\0A\09selp.f32 \09%r23, 0fC1B80000, 0f00000000, %p16;\0A\09add.s32 \09%r24, %r22, -1059760811;\0A\09and.b32 \09%r25, %r24, -8388608;\0A\09sub.s32 \09%r26, %r22, %r25;\0A\09cvt.rn.f32.s32 \09%r27, %r25;\0A\09fma.rn.f32 \09%r28, %r27, 0f34000000, %r23;\0A\09add.rn.f32 \09%r29, %r26, 0fBF800000;\0A\09fma.rn.f32 \09%r30, %r29, 0fBE055027, 0f3E1039F6;\0A\09fma.rn.f32 \09%r31, %r30, %r29, 0fBDF8CDCC;\0A\09fma.rn.f32 \09%r32, %r31, %r29, 0f3E0F2955;\0A\09fma.rn.f32 \09%r33, %r32, %r29, 0fBE2AD8B9;\0A\09fma.rn.f32 \09%r34, %r33, %r29, 0f3E4CED0B;\0A\09fma.rn.f32 \09%r35, %r34, %r29, 0fBE7FFF22;\0A\09fma.rn.f32 \09%r36, %r35, %r29, 0f3EAAAA78;\0A\09fma.rn.f32 \09%r37, %r36, %r29, 0fBF000000;\0A\09mul.rn.f32 \09%r38, %r29, %r37;\0A\09fma.rn.f32 \09%r39, %r38, %r29, %r29;\0A\09fma.rn.f32 \09%r40, %r28, 0f3F317218, %r39;\0A\09setp.gt.u32 \09%p17, %r22, 2139095039;\0A\09fma.rn.f32 \09%r41, %r22, 0f7F800000, 0f7F800000;\0A\09selp.f32 \09%r42, %r41, %r40, %p17;\0A\09setp.eq.f32 \09%p18, %r22, 0f00000000;\0A\09selp.f32 \09%r43, 0fFF800000, %r42, %p18;\0A\09add.rn.f32 \09%r44, %r18, %r43;\0A\09sub.rn.f32 \09%r45, %r44, %r20;\0A\09add.rn.f32 \09%r51, %r51, %r45;\0A\09add.s64 \09%rd152, %rd152, %rd92;\0A\09add.s64 \09%rd151, %rd151, %rd122;\0A\09add.s64 \09%rd150, %rd150, %rd119;\0A\09setp.lt.s64 \09%p19, %rd152, %rd95;\0A\09@%p19 bra \09$L__BB0_25;\0A\09add.s64 \09%rd149, %rd149, %rd92;\0A\09add.s64 \09%rd148, %rd148, %rd121;\0A\09add.s64 \09%rd147, %rd147, %rd47;\0A\09add.s64 \09%rd146, %rd146, %rd47;\0A\09add.s64 \09%rd145, %rd145, %rd118;\0A\09setp.lt.s64 \09%p20, %rd149, %rd95;\0A\09@%p20 bra \09$L__BB0_24;\0A\09bra.uni \09$L__BB0_27;\0A$L__BB0_29:\0A\09div.rn.f32 \09%r46, %r51, %r14;\0A\09st.global.b32 \09[%rd3], %r46;\0A\09ret;\0A\0A}\0A">]
  llvm.func @mgpuStreamCreate() -> !llvm.ptr
  llvm.func @mgpuStreamSynchronize(!llvm.ptr)
  llvm.func @mgpuStreamDestroy(!llvm.ptr)
}

